{
"type": "FeatureCollection",
"name": "provincias",
"crs": { "type": "name", "properties": { "name": "urn:ogc:def:crs:OGC:1.3:CRS84" } },
"features": [
{ "type": "Feature", "properties": { "CPRO": "01" }, "geometry": { "type": "Polygon", "coordinates": [ [ [ -2.7709850747607, 42.610585964586434 ], [ -2.777953688210767, 42.581339747932645 ], [ -2.824995419981507, 42.554944359674231 ], [ -2.840847581747642, 42.581193066693288 ], [ -2.818771365700831, 42.612716469610923 ], [ -2.841801239916786, 42.608599214006979 ], [ -2.84289418017267, 42.629602821336533 ], [ -2.895719903251334, 42.654636147493569 ], [ -2.902502496205179, 42.693600882415105 ], [ -2.931362026188001, 42.70840043280748 ], [ -2.980635427017455, 42.703818001833028 ], [ -3.016957828630164, 42.741083997341306 ], [ -3.042011238673285, 42.739519837506386 ], [ -3.049654953755891, 42.765605913906484 ], [ -3.147914335356985, 42.756696611814135 ], [ -3.123255896494353, 42.789325573028364 ], [ -3.159229906948402, 42.804590651253385 ], [ -3.113150777599018, 42.861063856725046 ], [ -3.114940595976175, 42.889248624021498 ], [ -3.158750086635936, 42.8565883533294 ], [ -3.190687534492464, 42.86946232732177 ], [ -3.222176499213945, 42.83863453787226 ], [ -3.205534375294024, 42.827399868976023 ], [ -3.282609574628573, 42.875513203611554 ], [ -3.277240233558974, 42.901578472549772 ], [ -3.248545766132717, 42.912144376408094 ], [ -3.224729752495476, 42.949690971158752 ], [ -3.144731581242007, 42.934682161409235 ], [ -3.149273293360619, 42.917062285187086 ], [ -3.092102006478059, 42.898778539898998 ], [ -3.018906522633553, 42.908511809612811 ], [ -2.981470995977236, 42.938804802865285 ], [ -3.044776212935056, 42.973927065666025 ], [ -2.955512547945679, 42.998775584466379 ], [ -2.986390113510603, 42.992390201438809 ], [ -2.98604389807442, 43.012133625820034 ], [ -3.032561439952818, 43.020441939458209 ], [ -3.028836775053601, 43.047817899670321 ], [ -3.050483413237755, 43.046405865204051 ], [ -3.089417031960219, 43.001749405424945 ], [ -3.177800924081637, 43.021984719042543 ], [ -3.141858608231606, 43.029814915187444 ], [ -3.140310027178651, 43.067151265169308 ], [ -3.158185576930537, 43.074016827630871 ], [ -3.133938887914332, 43.097235088031091 ], [ -3.181708894345457, 43.120312117495708 ], [ -3.161846666731785, 43.154262774434443 ], [ -3.137768037343801, 43.162515413622003 ], [ -3.110710735537701, 43.143053666509573 ], [ -3.026769264025675, 43.160824614356677 ], [ -3.015789190281855, 43.201618022173747 ], [ -3.033347666760304, 43.216818865496833 ], [ -3.006528780998027, 43.196125963114852 ], [ -2.979299230848865, 43.20216622021897 ], [ -2.946282810215506, 43.170377498976222 ], [ -2.935431989057744, 43.136059113894817 ], [ -2.974990200782824, 43.099038005973732 ], [ -2.893820283100589, 43.046483292391144 ], [ -2.633651583741193, 43.020170928882074 ], [ -2.661239958257559, 43.073876752843958 ], [ -2.632547421994694, 43.086777471240261 ], [ -2.546309679794604, 43.088006645464006 ], [ -2.524555306126303, 43.044486850612557 ], [ -2.548578026720556, 43.019964637194555 ], [ -2.596813245752643, 43.009006212901554 ], [ -2.594094064159315, 42.972543879219195 ], [ -2.542600356628694, 42.950583375971227 ], [ -2.53514615414988, 42.976848262568097 ], [ -2.503088437008388, 42.959724835502335 ], [ -2.354381879853505, 42.949759596491077 ], [ -2.243683140845595, 42.887190148245885 ], [ -2.23494216925327, 42.850681673676334 ], [ -2.304459070474818, 42.848315839462053 ], [ -2.298206942525948, 42.83481474534458 ], [ -2.369291934632008, 42.804246600030147 ], [ -2.357202425180617, 42.765149903729679 ], [ -2.305475376071827, 42.775824745332777 ], [ -2.319260197654575, 42.796593023617824 ], [ -2.275881921769407, 42.778700021301177 ], [ -2.267922248022659, 42.74630470192313 ], [ -2.318796100246685, 42.735526286864705 ], [ -2.323988077318617, 42.722756981705324 ], [ -2.29029393453247, 42.654792225635667 ], [ -2.347650738379711, 42.63470236974063 ], [ -2.419514322328053, 42.661240552402184 ], [ -2.484315662296998, 42.612354398945918 ], [ -2.498289873486565, 42.615920405046211 ], [ -2.489840528928806, 42.585793714778134 ], [ -2.462109381143695, 42.587210530809976 ], [ -2.452890809921327, 42.565700990044732 ], [ -2.421214244919646, 42.606793506045321 ], [ -2.396346736933001, 42.598827208585831 ], [ -2.392203214782703, 42.516952821517293 ], [ -2.423121037301009, 42.510709724535076 ], [ -2.420660703904425, 42.489227010905765 ], [ -2.514720597411529, 42.490115227640899 ], [ -2.510592346585457, 42.520042005494979 ], [ -2.537352558491167, 42.495243162385755 ], [ -2.530479301100788, 42.483570642978414 ], [ -2.568258466883957, 42.49414813426035 ], [ -2.596993069949086, 42.472936080187814 ], [ -2.605425155749729, 42.503522308809501 ], [ -2.647748750340772, 42.483263293042597 ], [ -2.675780520160339, 42.525726701055021 ], [ -2.705687379075863, 42.517162121955437 ], [ -2.681579247647254, 42.595624084021338 ], [ -2.740772197164898, 42.622553029393082 ], [ -2.7709850747607, 42.610585964586434 ] ], [ [ -2.634610205352895, 42.765012622141725 ], [ -2.731552437403203, 42.794453966557356 ], [ -2.826258806567985, 42.785303629456173 ], [ -2.835473950188787, 42.796267933957566 ], [ -2.868464605126, 42.739918473791136 ], [ -2.784503823323677, 42.698941039244296 ], [ -2.76791343826139, 42.666026243968453 ], [ -2.656923895273512, 42.672088654154166 ], [ -2.647737317173649, 42.63236310499569 ], [ -2.599881040527531, 42.650703204273299 ], [ -2.542042258008044, 42.638003870783926 ], [ -2.517564158725615, 42.646219881764367 ], [ -2.523058014694604, 42.684245730581068 ], [ -2.577766059600117, 42.668211692368338 ], [ -2.609045338184635, 42.695869522300512 ], [ -2.572622464357886, 42.724779428447661 ], [ -2.558196881532377, 42.762579066204466 ], [ -2.589365486459463, 42.750322093883319 ], [ -2.602672045350108, 42.770082276762352 ], [ -2.634610205352895, 42.765012622141725 ] ], [ [ -2.82810755757062, 42.912574033085171 ], [ -2.882242430251667, 42.901656839690418 ], [ -2.870627117683135, 42.870229369940901 ], [ -2.885130038930005, 42.83956393542887 ], [ -2.835572405755129, 42.851344944034359 ], [ -2.853594085038335, 42.885756227528425 ], [ -2.82810755757062, 42.912574033085171 ] ] ] } },
{ "type": "Feature", "properties": { "CPRO": "02" }, "geometry": { "type": "Polygon", "coordinates": [ [ [ -2.214848994565756, 38.197438048092188 ], [ -2.26164734223965, 38.112959844943092 ], [ -2.329897992700916, 38.065403284544793 ], [ -2.341628005133203, 38.026002511179712 ], [ -2.423408481290307, 38.033705932282963 ], [ -2.551293683851013, 38.084095675927337 ], [ -2.446274117406249, 38.185193360476212 ], [ -2.454337393306677, 38.215486172601885 ], [ -2.435390294105989, 38.26501910623864 ], [ -2.441370301760942, 38.285622907903353 ], [ -2.485208566590458, 38.300251946956131 ], [ -2.482361128262677, 38.396192362467858 ], [ -2.571884539706418, 38.437864587931067 ], [ -2.566629335345284, 38.490466538159787 ], [ -2.592704042009537, 38.510819129126332 ], [ -2.67969712315652, 38.496922394460057 ], [ -2.76410128281667, 38.534982423691368 ], [ -2.746791137645751, 38.54681514477025 ], [ -2.765499945359466, 38.573854220683423 ], [ -2.750097146908476, 38.615565881945521 ], [ -2.763691141727916, 38.627886427179448 ], [ -2.72824744763503, 38.616075876885517 ], [ -2.668856847667799, 38.649221766763752 ], [ -2.638071026523988, 38.735346260759265 ], [ -2.696283276632579, 38.782931463196114 ], [ -2.732243910090701, 38.781847918229893 ], [ -2.762308975040777, 38.880769334752785 ], [ -2.882890556927677, 38.938490599882648 ], [ -2.832266240889433, 39.02324298566208 ], [ -2.809933924448211, 39.023830483872004 ], [ -2.80501099902743, 39.078943847152793 ], [ -2.842658377683494, 39.134491363948278 ], [ -2.723192142863212, 39.264792577537278 ], [ -2.743368369856551, 39.317020570611561 ], [ -2.634970502270427, 39.326758948056906 ], [ -2.619258463024926, 39.340143358326195 ], [ -2.5487768019381, 39.323455462680641 ], [ -2.511046012652284, 39.342153056132823 ], [ -2.374076772318469, 39.232782710389287 ], [ -2.349889922153017, 39.278541557919233 ], [ -2.321190905700406, 39.283738952533476 ], [ -2.288676874011778, 39.226660623914498 ], [ -2.168681674631116, 39.281073848248568 ], [ -2.050963326130916, 39.266676462555431 ], [ -2.095625852912062, 39.359425459137299 ], [ -2.020332466551733, 39.351824144348917 ], [ -2.028432591884566, 39.336808550691693 ], [ -1.989799882751239, 39.293680088206251 ], [ -1.886983442111828, 39.304942510849685 ], [ -1.845192276613281, 39.286118102106684 ], [ -1.769854183046623, 39.280507813106269 ], [ -1.739282015710105, 39.321159846848921 ], [ -1.484529641391026, 39.422981554966846 ], [ -1.488137658577304, 39.400629642001 ], [ -1.474546655712168, 39.408777470050971 ], [ -1.473305125401584, 39.391146644153132 ], [ -1.45218019090294, 39.397588995875168 ], [ -1.468192722860802, 39.383330832401455 ], [ -1.448789279728675, 39.378190313798399 ], [ -1.455104217378931, 39.360848787124375 ], [ -1.432293984029893, 39.377581842817627 ], [ -1.426032892304293, 39.362756800993793 ], [ -1.414678922867133, 39.380298478759322 ], [ -1.336644720669637, 39.333996061853341 ], [ -1.31274399570822, 39.343166545960806 ], [ -1.167855666952661, 39.312305108619611 ], [ -1.180825717359304, 39.211822369633786 ], [ -1.255720509708446, 39.106169959730359 ], [ -1.266750398157559, 39.0510200751377 ], [ -1.146653612733286, 38.929352482813421 ], [ -0.959410287661494, 38.944581907445112 ], [ -0.956524492011558, 38.920122846735573 ], [ -0.924537358320666, 38.891752532589472 ], [ -0.928938153143815, 38.783833762923443 ], [ -0.961428712573985, 38.774791595485112 ], [ -0.91579315957854, 38.695964640338659 ], [ -0.929973135689168, 38.679898875365375 ], [ -0.962466354354694, 38.656925371132132 ], [ -1.034103156546001, 38.656566057963694 ], [ -1.115599913104736, 38.711387125274946 ], [ -1.119670598002273, 38.737718822827773 ], [ -1.183633910231255, 38.755085314720276 ], [ -1.249756527743368, 38.738613934698506 ], [ -1.34406902673028, 38.677102014159317 ], [ -1.366666095861541, 38.704001932830344 ], [ -1.38377127623366, 38.699175557980709 ], [ -1.447698071763023, 38.649517240577815 ], [ -1.452000954887983, 38.581459216868396 ], [ -1.487694929381812, 38.563308736679602 ], [ -1.497207566072963, 38.538073440089029 ], [ -1.478546882968669, 38.376382826304528 ], [ -1.558197360190286, 38.325203158635482 ], [ -1.589539746946834, 38.309994140341551 ], [ -1.670246381463939, 38.311649434296108 ], [ -1.69273183366713, 38.337820493807108 ], [ -1.689116319334046, 38.366996353616329 ], [ -1.769066214205693, 38.379407677832056 ], [ -1.771144291511028, 38.364857344122996 ], [ -1.795755686779061, 38.370267665308909 ], [ -1.784304419255055, 38.356154009659946 ], [ -1.907538272580222, 38.29796086052793 ], [ -1.982630839442112, 38.281369776408084 ], [ -2.048992056362319, 38.305782178227169 ], [ -2.113727923174468, 38.238202365078976 ], [ -2.173666838563074, 38.224652496328204 ], [ -2.214848994565756, 38.197438048092188 ] ] ] } },
{ "type": "Feature", "properties": { "CPRO": "03" }, "geometry": { "type": "MultiPolygon", "coordinates": [ [ [ [ -0.763208638094642, 37.846452725301702 ], [ -0.830725253828585, 37.864419857666839 ], [ -0.900180248978347, 37.923128661448629 ], [ -1.022692411658795, 38.075272742721594 ], [ -1.036761677493534, 38.137719672189142 ], [ -0.988545852071067, 38.199531518391346 ], [ -0.967951404493173, 38.276708161425915 ], [ -0.98915220329671, 38.320877164741837 ], [ -1.08438425865098, 38.346216842277094 ], [ -1.077205901376086, 38.431470474313372 ], [ -1.09416226366365, 38.437929358145503 ], [ -1.013645630538283, 38.496730030692426 ], [ -1.026061769053777, 38.522819190005166 ], [ -1.001568914710728, 38.5726745533536 ], [ -1.026922093007146, 38.655503484376815 ], [ -0.962466354354694, 38.656925371132132 ], [ -0.91579315957854, 38.695964640338659 ], [ -0.961428712573985, 38.774791595485112 ], [ -0.928938153143815, 38.783833762923443 ], [ -0.904989209288889, 38.767079626429648 ], [ -0.861692757869841, 38.770890187367335 ], [ -0.834621787368529, 38.732431071169763 ], [ -0.734931245685092, 38.759445180668365 ], [ -0.707189383350393, 38.73381940280246 ], [ -0.688784871209759, 38.741268345096195 ], [ -0.64402615773159, 38.728138328398742 ], [ -0.64246866926286, 38.704140365132119 ], [ -0.618051238568344, 38.686652609617184 ], [ -0.507115406544611, 38.742974782399834 ], [ -0.529626631325615, 38.767094694859665 ], [ -0.565642209068168, 38.755426640813347 ], [ -0.596147212053374, 38.794804753533406 ], [ -0.535305756124878, 38.810362882775351 ], [ -0.461875824535504, 38.807645400404908 ], [ -0.403389164572797, 38.839713867813394 ], [ -0.381435310576005, 38.834899162295912 ], [ -0.310808065415507, 38.881511382037885 ], [ -0.230539396797366, 38.853489598173581 ], [ -0.196316050920653, 38.859438289021135 ], [ -0.160831868949757, 38.887390944242462 ], [ -0.148076338167011, 38.858430725218355 ], [ -0.070620481974091, 38.885719678849959 ], [ -0.042152231503754, 38.856452036863153 ], [ -0.024795236101588, 38.87233500554413 ], [ -0.037694371381833, 38.886420986783101 ], [ 0.013862169959086, 38.863991387956389 ], [ 0.125714375714521, 38.848498779654172 ], [ 0.108992108495915, 38.845945788240407 ], [ 0.197608103700097, 38.804343314841752 ], [ 0.183904102535212, 38.786403481095356 ], [ 0.207150805548364, 38.761947849403548 ], [ 0.224841555930315, 38.764388002625424 ], [ 0.231937805724183, 38.731436196412453 ], [ 0.182546652183045, 38.720928971789412 ], [ 0.149646096872418, 38.679282069055688 ], [ 0.131588392343159, 38.687144388804562 ], [ 0.098485267472978, 38.672758168132788 ], [ 0.074580698801388, 38.646273451846639 ], [ 0.082502445889977, 38.631163750669018 ], [ 0.049929178640771, 38.641703194244187 ], [ 0.030573467995626, 38.625900224220736 ], [ -0.017708857133507, 38.625880858490497 ], [ -0.063165340611831, 38.579471297978984 ], [ -0.048941782567591, 38.563571947293731 ], [ -0.09693995601395, 38.52370812297783 ], [ -0.149759171046482, 38.535764780788206 ], [ -0.172993119597871, 38.51600274524484 ], [ -0.3118007383439, 38.477144757945219 ], [ -0.375566527353464, 38.441984585087383 ], [ -0.40127097158526, 38.412085750106634 ], [ -0.402767362304332, 38.352865986333967 ], [ -0.444931657743863, 38.362863642742902 ], [ -0.489499823790505, 38.327989281470735 ], [ -0.478565831189654, 38.337188296414375 ], [ -0.480374028492475, 38.343557421760217 ], [ -0.504926653868252, 38.333427777443923 ], [ -0.52214666415629, 38.274849337976804 ], [ -0.509958769333772, 38.20201078693858 ], [ -0.538473841075384, 38.185672749293254 ], [ -0.59198527604715, 38.189026635965014 ], [ -0.614365314772438, 38.173192130119915 ], [ -0.646071260371352, 38.090941167176716 ], [ -0.647593627652452, 37.999781967743395 ], [ -0.665839069588866, 37.976041185088796 ], [ -0.693578698820037, 37.972605955238912 ], [ -0.719982212208703, 37.911059157036433 ], [ -0.750170784318982, 37.89867320569688 ], [ -0.763208638094642, 37.846452725301702 ] ] ], [ [ [ -0.487511339886548, 38.167055890618236 ], [ -0.47203137821567, 38.166664699050671 ], [ -0.464762795143505, 38.162872057499293 ], [ -0.487511339886548, 38.167055890618236 ] ] ], [ [ [ -0.382864062776587, 38.431849402567771 ], [ -0.380858521780748, 38.431876618376904 ], [ -0.380992497144396, 38.431339021028613 ], [ -0.382864062776587, 38.431849402567771 ] ] ], [ [ [ -0.132112105554482, 38.501538284633277 ], [ -0.130534773155952, 38.504013294881581 ], [ -0.128215910802865, 38.501776060701637 ], [ -0.132112105554482, 38.501538284633277 ] ] ], [ [ [ 0.217789119072848, 38.725998551558838 ], [ 0.216544779702366, 38.727996777558531 ], [ 0.219356857544567, 38.726081464424823 ], [ 0.217789119072848, 38.725998551558838 ] ] ], [ [ [ 0.230682928767167, 38.753596221099464 ], [ 0.22953778490273, 38.757285408192025 ], [ 0.231255835192184, 38.756859495788738 ], [ 0.230682928767167, 38.753596221099464 ] ] ] ] } },
{ "type": "Feature", "properties": { "CPRO": "04" }, "geometry": { "type": "MultiPolygon", "coordinates": [ [ [ [ -2.804793733020607, 36.703256730578993 ], [ -2.857623593188413, 36.698509661639307 ], [ -2.92373383467792, 36.751471203462124 ], [ -2.977085074880685, 36.738134755771938 ], [ -3.132862302991619, 36.756591608850194 ], [ -3.139440492495249, 36.788442346072181 ], [ -3.029007510870889, 36.844436877182083 ], [ -3.07193462955418, 36.91928545946714 ], [ -3.057187674227252, 36.911540777196926 ], [ -3.03131671861195, 36.924584852122294 ], [ -3.029337855525439, 36.947527084484044 ], [ -2.990498171130936, 36.958184611530875 ], [ -2.976214393803567, 36.978122181458879 ], [ -3.029578393590626, 37.113254706264335 ], [ -3.000257385121314, 37.094977231691971 ], [ -2.948964625312645, 37.096551965385544 ], [ -2.929146722332717, 37.156566830056093 ], [ -2.880986144626633, 37.187103435471734 ], [ -2.845385372622876, 37.279221414967864 ], [ -2.779003858048724, 37.262655725213548 ], [ -2.759032807502316, 37.226713622577982 ], [ -2.733023374384025, 37.237321204480146 ], [ -2.660115367590385, 37.211993803997657 ], [ -2.665651091517685, 37.285329558024763 ], [ -2.654601375719498, 37.340607112833595 ], [ -2.63729292421079, 37.34333146820579 ], [ -2.635623526597355, 37.394209135765053 ], [ -2.51415409650894, 37.479527335987783 ], [ -2.457520984200039, 37.490826923246836 ], [ -2.456322559196074, 37.509425229843963 ], [ -2.411699929519086, 37.524939643343281 ], [ -2.397216693543543, 37.513383459934374 ], [ -2.358510065153912, 37.522291948229288 ], [ -2.391269500745494, 37.632482212471366 ], [ -2.359564503556242, 37.621263974737673 ], [ -2.316703532071029, 37.62183451039305 ], [ -2.308936216261443, 37.633425232810573 ], [ -2.325660661289918, 37.68154427100405 ], [ -2.276780838999852, 37.776215452018469 ], [ -2.301769747166289, 37.808281515352697 ], [ -2.288514288768077, 37.885136383483847 ], [ -2.265379959291621, 37.88094711566297 ], [ -2.20766462579314, 37.916569290496064 ], [ -2.172003796962777, 37.888689569306059 ], [ -2.123201615866662, 37.900448628266624 ], [ -2.084570184093275, 37.872322464316319 ], [ -2.070420911136889, 37.884486760275088 ], [ -2.021766768883689, 37.868510141469173 ], [ -1.994703832959481, 37.880476704255145 ], [ -1.974552225689802, 37.867469117508818 ], [ -2.008840913652464, 37.774949482289799 ], [ -1.995837156433986, 37.728045284707697 ], [ -2.01192711870165, 37.672536040013199 ], [ -1.976810084727464, 37.618726773977265 ], [ -1.845261324521621, 37.454826271471482 ], [ -1.808945668306909, 37.433473904075143 ], [ -1.811756513584253, 37.451555685515764 ], [ -1.737075234983847, 37.442632996365269 ], [ -1.630079967809352, 37.375185454749698 ], [ -1.677071340024466, 37.352827000934063 ], [ -1.707599317565212, 37.30420421134594 ], [ -1.803145078573835, 37.221023244134344 ], [ -1.849599233854171, 37.068323474107096 ], [ -1.900256780749045, 36.988400710765056 ], [ -1.895698355646063, 36.948471487510659 ], [ -1.9402033736973, 36.936500879272963 ], [ -1.967120197628819, 36.89895971145372 ], [ -1.992036746778606, 36.89381925154597 ], [ -1.999934216691475, 36.839800365732472 ], [ -2.05990815591331, 36.809839085976222 ], [ -2.060242182686827, 36.777876606503185 ], [ -2.106128205622084, 36.762662158839632 ], [ -2.124370659379563, 36.731850981285298 ], [ -2.193304174343119, 36.721150990623102 ], [ -2.193583726424965, 36.723334415178456 ], [ -2.195805714074751, 36.726107929818845 ], [ -2.200972524830843, 36.726791756207163 ], [ -2.250029020942059, 36.785029645746576 ], [ -2.286903435552627, 36.816311547859492 ], [ -2.361969397012712, 36.841889047930955 ], [ -2.425120879098693, 36.811038106428271 ], [ -2.47509523552809, 36.83703423349035 ], [ -2.464089722736247, 36.82570860300445 ], [ -2.482052084245367, 36.835857084006712 ], [ -2.562058271224672, 36.815977634554393 ], [ -2.620275589499012, 36.726558334559378 ], [ -2.69991395850595, 36.682906881119536 ], [ -2.771430411879743, 36.680695680307494 ], [ -2.804793733020607, 36.703256730578993 ] ] ], [ [ [ -2.191288055488219, 36.720127665520266 ], [ -2.190941007583788, 36.720116296952021 ], [ -2.191199828785435, 36.720000861686501 ], [ -2.191288055488219, 36.720127665520266 ] ] ], [ [ [ -2.190607520252434, 36.720952387082313 ], [ -2.191146682987198, 36.720793807556149 ], [ -2.190741404308205, 36.720998379429126 ], [ -2.190607520252434, 36.720952387082313 ] ] ], [ [ [ -2.194198205208392, 36.72240110050415 ], [ -2.193752074906632, 36.722226788501459 ], [ -2.194000397349134, 36.722039145796764 ], [ -2.194198205208392, 36.72240110050415 ] ] ], [ [ [ -2.174956654553644, 36.722665910900787 ], [ -2.174937932068413, 36.722323199931196 ], [ -2.175091426682131, 36.722630767774213 ], [ -2.174956654553644, 36.722665910900787 ] ] ], [ [ [ -2.049122441134599, 36.812646968981142 ], [ -2.049598629322777, 36.812218075684484 ], [ -2.049403111403537, 36.812613190746518 ], [ -2.049122441134599, 36.812646968981142 ] ] ], [ [ [ -1.653066712543036, 37.347197406199612 ], [ -1.651436665459377, 37.347440209054405 ], [ -1.651761587305122, 37.346948177168358 ], [ -1.653066712543036, 37.347197406199612 ] ] ], [ [ [ -1.648629111458527, 37.359828373683413 ], [ -1.649012743991212, 37.359841784313282 ], [ -1.647990598174939, 37.360172590324083 ], [ -1.648629111458527, 37.359828373683413 ] ] ] ] } },
{ "type": "Feature", "properties": { "CPRO": "05" }, "geometry": { "type": "Polygon", "coordinates": [ [ [ -5.210402737847392, 40.103362974488668 ], [ -5.335976255374979, 40.11581719811138 ], [ -5.367994550001416, 40.164108451946618 ], [ -5.369669321914154, 40.218311318186821 ], [ -5.344408880811012, 40.264757146598726 ], [ -5.42909654512377, 40.252606387784709 ], [ -5.47091024231479, 40.207852564981756 ], [ -5.53096403671185, 40.194717803266258 ], [ -5.610040084474805, 40.215479866775532 ], [ -5.621999642539198, 40.245880505102946 ], [ -5.649198436922418, 40.249719603597434 ], [ -5.692660875911185, 40.292105549824306 ], [ -5.737133617954322, 40.293754755009061 ], [ -5.673030921441609, 40.348534155823955 ], [ -5.691408802418445, 40.421573217163861 ], [ -5.622765015419287, 40.465757699173452 ], [ -5.567912418744324, 40.477520138001879 ], [ -5.574602944147554, 40.444250146586853 ], [ -5.544753828850952, 40.423094956189615 ], [ -5.513591589566074, 40.423759054663051 ], [ -5.518525283713036, 40.452034945662426 ], [ -5.509831873800564, 40.463663914073543 ], [ -5.467128186387707, 40.464007166505326 ], [ -5.425555879461494, 40.556639850309864 ], [ -5.438046776804094, 40.566285319796094 ], [ -5.524692776219667, 40.540733646041943 ], [ -5.516223171998365, 40.585379894526298 ], [ -5.500861106255462, 40.597351377978597 ], [ -5.499659077564594, 40.581587207965846 ], [ -5.447650585863859, 40.579593657078469 ], [ -5.382954354338851, 40.6207605197636 ], [ -5.365892458992566, 40.648773890015491 ], [ -5.385457199573631, 40.671448857811839 ], [ -5.214436672684821, 40.757827126279139 ], [ -5.218991898980438, 40.772971614269345 ], [ -5.161506677976152, 40.814003299062378 ], [ -5.163808465531826, 40.868384222307419 ], [ -5.115044730299543, 40.902806226126891 ], [ -5.127600350851273, 40.954116303185387 ], [ -5.104841037353807, 40.960253949068424 ], [ -5.089840889870574, 40.996628876283559 ], [ -5.106604750507706, 41.029498033275672 ], [ -5.140791245778818, 41.037244955508008 ], [ -5.152552927989453, 41.061958176599809 ], [ -5.124042972759972, 41.135599034774444 ], [ -4.989736152871632, 41.160803718815522 ], [ -4.863676903759163, 41.094015186055572 ], [ -4.81496519526756, 41.10344905571791 ], [ -4.813523415392091, 41.129377169921149 ], [ -4.786186864176756, 41.14355862391028 ], [ -4.722101182864849, 41.149317633665532 ], [ -4.712719091078564, 41.062102272068735 ], [ -4.638288819993094, 41.031306149404578 ], [ -4.606747760350437, 40.970803437786905 ], [ -4.566351780702468, 40.95619904785385 ], [ -4.559564828668101, 40.885849055003888 ], [ -4.531567252711068, 40.858641688053346 ], [ -4.556708037712042, 40.836334645746426 ], [ -4.546387952864031, 40.825546700579629 ], [ -4.493772409636588, 40.833518405507085 ], [ -4.473837770283143, 40.774654633509662 ], [ -4.431127018207135, 40.742384329516504 ], [ -4.419622920262923, 40.633427012723679 ], [ -4.25604644960115, 40.651401079758067 ], [ -4.272217422451637, 40.682069858358915 ], [ -4.183312110276711, 40.698050234099675 ], [ -4.16027664522877, 40.689865123413142 ], [ -4.173944709321606, 40.667935303167958 ], [ -4.16141760448058, 40.623491936562587 ], [ -4.244100510692297, 40.602363109912972 ], [ -4.272441661218919, 40.629097875518042 ], [ -4.290689214324956, 40.627771592349781 ], [ -4.289245730727672, 40.564146401751742 ], [ -4.328296980387997, 40.534038497184582 ], [ -4.315670180306528, 40.464762698052056 ], [ -4.341201980132822, 40.428800646550201 ], [ -4.32120263554737, 40.410385144267146 ], [ -4.42188011726098, 40.406401145666344 ], [ -4.44373012498352, 40.385699434384378 ], [ -4.45576289148603, 40.319349963448289 ], [ -4.504381648981365, 40.315098317490076 ], [ -4.52641339571929, 40.344908152377577 ], [ -4.54647124434982, 40.342110272186282 ], [ -4.529086410863048, 40.292747858134859 ], [ -4.569218124575606, 40.257202284471965 ], [ -4.565634756678503, 40.218035125873691 ], [ -4.653996756237482, 40.19821212233478 ], [ -4.687257509999883, 40.212002145666176 ], [ -4.698141134650588, 40.282192408443358 ], [ -4.761188173117103, 40.260938142593979 ], [ -4.803466299157333, 40.27526666854083 ], [ -4.818243692374818, 40.25477395137996 ], [ -4.807672996986259, 40.235318675110257 ], [ -4.924675392054956, 40.169984548800315 ], [ -4.925454114336485, 40.136036040552511 ], [ -4.956292887728166, 40.13334808870777 ], [ -4.954546013644773, 40.121125791379392 ], [ -5.013344250906959, 40.111055768413507 ], [ -5.018542216315866, 40.159052984691201 ], [ -5.066985538109514, 40.150919133249879 ], [ -5.142059030929344, 40.091467717188635 ], [ -5.201074379812653, 40.082550838642447 ], [ -5.210402737847392, 40.103362974488668 ] ] ] } },
{ "type": "Feature", "properties": { "CPRO": "06" }, "geometry": { "type": "Polygon", "coordinates": [ [ [ -7.02289843140364, 38.185438788153817 ], [ -7.066391367326552, 38.186572353009794 ], [ -7.085040534133094, 38.169270227533751 ], [ -7.099558225963579, 38.180553709036701 ], [ -7.150557562717432, 38.275743919390422 ], [ -7.169934546066707, 38.279266876327249 ], [ -7.28085017689008, 38.420338545791239 ], [ -7.316870578127431, 38.439801086936626 ], [ -7.336287866415392, 38.43514708320356 ], [ -7.295901853599823, 38.477759862880809 ], [ -7.322946006832308, 38.478222087514425 ], [ -7.303038787782715, 38.544913049759607 ], [ -7.244458075396349, 38.623622622246437 ], [ -7.2700200096654, 38.638785013692761 ], [ -7.255629700090987, 38.72588725225593 ], [ -7.128876696288089, 38.813839679594771 ], [ -7.089495307920243, 38.818864943665687 ], [ -7.068646889935151, 38.853811078962629 ], [ -7.039665442685727, 38.864771012304395 ], [ -7.052364501070624, 38.907156408843697 ], [ -6.951645259995336, 39.023994962297238 ], [ -6.996201737252559, 39.099254682140781 ], [ -7.039426790330692, 39.11837888104732 ], [ -7.106127766129651, 39.099311179911297 ], [ -7.144137058116244, 39.109249119514089 ], [ -7.134916648056154, 39.171089984497428 ], [ -7.241684834995441, 39.208539914707963 ], [ -7.24636893947054, 39.256981558456609 ], [ -7.231396404560828, 39.278362738232623 ], [ -7.204190147657865, 39.265693471076148 ], [ -7.155531260114229, 39.314445160282943 ], [ -7.155749019182545, 39.329657668585497 ], [ -7.168843943914203, 39.32014658762909 ], [ -7.178164983773966, 39.331213546303104 ], [ -7.154630606044686, 39.36750516710994 ], [ -7.119206217537043, 39.383653595728134 ], [ -7.074208372658076, 39.381214536496017 ], [ -7.063302006387266, 39.372266065840662 ], [ -7.079457309343678, 39.351408925389237 ], [ -7.098921434567291, 39.359117737861965 ], [ -7.102432158753814, 39.346367196799335 ], [ -7.077498384908804, 39.310174984584869 ], [ -7.044127952292539, 39.326925149921898 ], [ -7.009266925907123, 39.38848469581108 ], [ -7.067025197447077, 39.41429732161329 ], [ -7.049384808456536, 39.436672694087996 ], [ -6.883557518035436, 39.382754761542394 ], [ -6.802402598960273, 39.389492333177493 ], [ -6.797338546183362, 39.344506468784978 ], [ -6.747077567208186, 39.321746914856078 ], [ -6.761506526739411, 39.27660609990766 ], [ -6.801190142690844, 39.239413713786796 ], [ -6.767833153354618, 39.188366380894934 ], [ -6.681332481251646, 39.177147452511477 ], [ -6.660066576139016, 39.199066376183531 ], [ -6.633697204870426, 39.196839504517548 ], [ -6.580427154608809, 39.179791576752777 ], [ -6.574583768945928, 39.158354516958603 ], [ -6.539002931208099, 39.155270093241114 ], [ -6.540687763628579, 39.181692504030295 ], [ -6.379426623738894, 39.162767222596699 ], [ -6.324115123654752, 39.186431194293633 ], [ -6.29755210958669, 39.099617661833499 ], [ -6.231184614019599, 39.089795673794306 ], [ -6.203472889941829, 39.056498736376874 ], [ -6.161877903298792, 39.05724111123611 ], [ -6.142426977693723, 39.031578816244433 ], [ -6.01893435071517, 39.129119112398939 ], [ -6.009307155038369, 39.052525154069329 ], [ -5.942288783588374, 39.108514214684064 ], [ -5.924695058403258, 39.083183103874845 ], [ -5.833449958022336, 39.110328991773841 ], [ -5.810366639630245, 39.144581478614562 ], [ -5.755177025767941, 39.132296057308075 ], [ -5.670919669862573, 39.08081558433495 ], [ -5.645935543237359, 39.10232292143489 ], [ -5.610093545806966, 39.099239300207586 ], [ -5.586929000717829, 39.113630167996405 ], [ -5.601118584287302, 39.133747238910431 ], [ -5.576561292777387, 39.150906029884688 ], [ -5.613244252588391, 39.188215733459124 ], [ -5.55101297900065, 39.215875424648829 ], [ -5.528144629762806, 39.191472611147383 ], [ -5.514578126421285, 39.209712766415251 ], [ -5.459841107632922, 39.158366202845372 ], [ -5.413806604482385, 39.156653136954375 ], [ -5.384313704907122, 39.173900794955252 ], [ -5.34715490058364, 39.239163086410599 ], [ -5.340011160625814, 39.333310912460078 ], [ -5.247620224914278, 39.301823471706875 ], [ -5.155716715554753, 39.31906691036891 ], [ -5.116993024697626, 39.343482017292388 ], [ -5.113584952245154, 39.387465879590565 ], [ -5.093009096586777, 39.390892121940489 ], [ -5.053834640250368, 39.362425944166908 ], [ -5.008884581168214, 39.378274986220063 ], [ -4.984181187442908, 39.371743426627525 ], [ -4.963614653073066, 39.395454667240351 ], [ -4.870933584242382, 39.368313101095097 ], [ -4.810433181863482, 39.396570124422212 ], [ -4.774613037979374, 39.397194139921872 ], [ -4.687696362378176, 39.450294408462611 ], [ -4.669498072164782, 39.424536342002384 ], [ -4.706660266407508, 39.32772569224548 ], [ -4.761011273254447, 39.320789268021805 ], [ -4.708229332380256, 39.209868429580162 ], [ -4.648969830264945, 39.164904749406574 ], [ -4.742548828267807, 39.194520341509978 ], [ -4.810272618933828, 39.199416220969752 ], [ -4.874402837811735, 39.100434745231986 ], [ -4.826935003865025, 39.064120279223751 ], [ -4.832792688858422, 39.046160954389983 ], [ -4.879987107717885, 39.032425837200165 ], [ -4.962504459066799, 39.058727379237673 ], [ -4.918221890446081, 38.957045116383341 ], [ -4.832416403952047, 38.938907528491107 ], [ -4.847321830849817, 38.882402302149451 ], [ -4.914941559694805, 38.887439993509609 ], [ -4.989993810804193, 38.739756604294222 ], [ -5.099189540167457, 38.707652559915239 ], [ -5.184502981274457, 38.719695250470032 ], [ -5.167321232378141, 38.680469731138167 ], [ -5.184970102052366, 38.659417690889605 ], [ -5.208018591522674, 38.667896788241727 ], [ -5.214744462582061, 38.648566423148978 ], [ -5.223939240284386, 38.656456236183622 ], [ -5.292236314911247, 38.610807513734912 ], [ -5.308513297139577, 38.577619050765975 ], [ -5.371747894311197, 38.583571852116997 ], [ -5.392720577144726, 38.553483239058572 ], [ -5.383169054513838, 38.540478044898073 ], [ -5.406932007099617, 38.543695068057367 ], [ -5.418618025145867, 38.512729259561347 ], [ -5.479489459340373, 38.48467775007429 ], [ -5.484455579847739, 38.463389528691408 ], [ -5.519215644290614, 38.46346699798324 ], [ -5.568921078289771, 38.43259102921818 ], [ -5.585066429269223, 38.385843021047265 ], [ -5.559248334724979, 38.366884650732992 ], [ -5.575648012552949, 38.329106279714516 ], [ -5.525957807983071, 38.264123686452756 ], [ -5.520377242638177, 38.20844232257015 ], [ -5.538707351132922, 38.200604704287315 ], [ -5.53967295939164, 38.160685595613295 ], [ -5.57585982479521, 38.149643488688412 ], [ -5.584788530977885, 38.131705745540671 ], [ -5.632500829411163, 38.138556971498062 ], [ -5.710426167735081, 38.081046638989314 ], [ -5.734900600128729, 38.086254922474339 ], [ -5.740737762152839, 38.126538666159696 ], [ -5.694710658057586, 38.15034578124353 ], [ -5.70578602228868, 38.169381861457182 ], [ -5.684242917247965, 38.157063934450548 ], [ -5.694730471518032, 38.186521301400219 ], [ -5.728162676788912, 38.197417115981494 ], [ -5.757280538597806, 38.180563517216143 ], [ -5.851523868402713, 38.171905586699566 ], [ -5.877376767531835, 38.155714595721484 ], [ -5.880665173636009, 38.132280320958813 ], [ -5.92637820468501, 38.105012327828057 ], [ -5.908982293430866, 38.062845635625685 ], [ -5.934224489034377, 38.046874114899147 ], [ -5.953688280089328, 37.995345464205009 ], [ -6.047268264299754, 37.99734361996645 ], [ -6.115627077631014, 37.981766584852743 ], [ -6.180239905515181, 37.941026164760437 ], [ -6.201516801770333, 37.962062486349645 ], [ -6.234329899324391, 37.95801849219319 ], [ -6.303945514014984, 37.978335171206986 ], [ -6.352706294195761, 38.007397747936714 ], [ -6.367567384135087, 38.04891698147086 ], [ -6.414223405454777, 38.05856074407771 ], [ -6.452760100955201, 38.055956561424779 ], [ -6.443929555188609, 38.046954786028863 ], [ -6.476560078673731, 38.00783432506212 ], [ -6.545693266587273, 38.028118725444109 ], [ -6.583580667090664, 38.021284586055245 ], [ -6.580525695178633, 38.052772390114697 ], [ -6.622425444537032, 38.097004206063538 ], [ -6.719750433982063, 38.100620305693631 ], [ -6.732818349408936, 38.089954306645843 ], [ -6.770087691854341, 38.099455928728418 ], [ -6.770054884147179, 38.112113168644321 ], [ -6.808340014739146, 38.111237613974104 ], [ -6.795042858146777, 38.178394450743248 ], [ -6.855657915357878, 38.179021090721093 ], [ -6.938136609792375, 38.206925033122999 ], [ -6.936792188066983, 38.220517284754649 ], [ -6.972168371747224, 38.202354344730118 ], [ -7.011141073410789, 38.204702597284722 ], [ -7.02289843140364, 38.185438788153817 ] ] ] } },
{ "type": "Feature", "properties": { "CPRO": "07" }, "geometry": { "type": "MultiPolygon", "coordinates": [ [ [ [ 1.388245600578998, 38.640478526798887 ], [ 1.380313255702132, 38.719281850442151 ], [ 1.3964985769708, 38.735468391449665 ], [ 1.41928992138024, 38.722586637680457 ], [ 1.433245565661621, 38.771696413807064 ], [ 1.44669102871831, 38.732785499885196 ], [ 1.472716885379274, 38.728122984211957 ], [ 1.494160300820488, 38.689734568896931 ], [ 1.530259531647084, 38.672379149529505 ], [ 1.569171900282197, 38.69165498170009 ], [ 1.584713233512236, 38.662999441187999 ], [ 1.571008753114117, 38.650721647253064 ], [ 1.524497331818117, 38.653320091173036 ], [ 1.447543531624883, 38.684997536972105 ], [ 1.388245600578998, 38.640478526798887 ] ], [ [ 1.433300991544521, 38.738973060285225 ], [ 1.436014970629457, 38.71357997508138 ], [ 1.449821682784902, 38.718030731294839 ], [ 1.433300991544521, 38.738973060285225 ] ] ], [ [ [ 1.403760350890516, 38.814562208670836 ], [ 1.405235086329325, 38.813833539461505 ], [ 1.402724986731655, 38.814054948742488 ], [ 1.403760350890516, 38.814562208670836 ] ] ], [ [ [ 1.404440633230909, 38.81690632848764 ], [ 1.403829804535306, 38.815547406014446 ], [ 1.401841438828814, 38.815782733428335 ], [ 1.404440633230909, 38.81690632848764 ] ] ], [ [ [ 1.409062288113587, 38.817554194505995 ], [ 1.41230131202705, 38.814546407304384 ], [ 1.411420631523431, 38.813714088913621 ], [ 1.409062288113587, 38.817554194505995 ] ] ], [ [ [ 1.40817038806612, 38.826351383124106 ], [ 1.407042872121586, 38.826769002780225 ], [ 1.407353656577812, 38.827153216503483 ], [ 1.40817038806612, 38.826351383124106 ] ] ], [ [ [ 1.371038648953094, 38.828883864775996 ], [ 1.371215607250965, 38.828924561668991 ], [ 1.37088790261172, 38.828618680752804 ], [ 1.371038648953094, 38.828883864775996 ] ] ], [ [ [ 1.370670234912682, 38.829870394021945 ], [ 1.370693493462851, 38.829582284359525 ], [ 1.370640278757371, 38.829884153244642 ], [ 1.370670234912682, 38.829870394021945 ] ] ], [ [ [ 1.372177816192029, 38.830907147128947 ], [ 1.371060358232895, 38.830579624376114 ], [ 1.371514858909355, 38.831103927881884 ], [ 1.372177816192029, 38.830907147128947 ] ] ], [ [ [ 1.405985991794296, 38.830448618186701 ], [ 1.405145696284434, 38.830351264984998 ], [ 1.405252134063543, 38.830903097222674 ], [ 1.405985991794296, 38.830448618186701 ] ] ], [ [ [ 1.405009221351238, 38.831552112528854 ], [ 1.405230526280109, 38.83168536509914 ], [ 1.405356087920098, 38.831592176638623 ], [ 1.405009221351238, 38.831552112528854 ] ] ], [ [ [ 1.243888894620516, 38.861373370637551 ], [ 1.243504197090656, 38.861177010713078 ], [ 1.243858957558826, 38.86143914265849 ], [ 1.243888894620516, 38.861373370637551 ] ] ], [ [ [ 1.243932828226866, 38.862632987788338 ], [ 1.244162250848184, 38.862462636148273 ], [ 1.244099533237727, 38.862398223376182 ], [ 1.243932828226866, 38.862632987788338 ] ] ], [ [ [ 1.423669369329632, 38.905162597492136 ], [ 1.403584216971121, 38.876704182262316 ], [ 1.405910187595439, 38.831537980857384 ], [ 1.384443561009443, 38.842387769034154 ], [ 1.3720435668334, 38.831069420294533 ], [ 1.343287685758556, 38.871012514200949 ], [ 1.320257438888683, 38.855805588733141 ], [ 1.316280074622036, 38.867735198743794 ], [ 1.297511967768211, 38.862158882197122 ], [ 1.305239423830693, 38.86767140513399 ], [ 1.297394918078118, 38.876451125362742 ], [ 1.272161955718436, 38.879525378627214 ], [ 1.247913164631059, 38.855786409277812 ], [ 1.243377975010696, 38.866517426178376 ], [ 1.235747141384191, 38.872605711667042 ], [ 1.224340448643713, 38.870809880053891 ], [ 1.225615748804754, 38.88803097343704 ], [ 1.213668010058911, 38.897504183545827 ], [ 1.236518182739229, 38.938802894828889 ], [ 1.232788084206791, 38.945024541778125 ], [ 1.226116647049423, 38.94514846969691 ], [ 1.22745705459225, 38.950266349021987 ], [ 1.219043329358684, 38.951308182225951 ], [ 1.220168897835983, 38.955087642299425 ], [ 1.21502327528208, 38.95853070153435 ], [ 1.229663268744241, 38.97457239965 ], [ 1.23230157671403, 38.968693432051467 ], [ 1.242868569445091, 38.972858205578213 ], [ 1.244821133129124, 38.965901181180115 ], [ 1.303477667287732, 38.969746041996139 ], [ 1.284460130162155, 38.993832032870195 ], [ 1.298997802608871, 39.009655119200772 ], [ 1.289985852398682, 39.028287417551141 ], [ 1.359230858453877, 39.074796611149765 ], [ 1.375427565850001, 39.062170070307459 ], [ 1.387734172408365, 39.079086292548851 ], [ 1.416489349073305, 39.077448253837709 ], [ 1.426192878830162, 39.092473250991986 ], [ 1.440497750905052, 39.080411697111401 ], [ 1.452795953351695, 39.09702812048539 ], [ 1.488379568942199, 39.110501280714871 ], [ 1.497624741231835, 39.098511100437804 ], [ 1.5329159629112, 39.118319524158075 ], [ 1.557236812731628, 39.093272625944898 ], [ 1.59275897708481, 39.09775730894232 ], [ 1.609886545743796, 39.0794193761093 ], [ 1.588752211706137, 39.060781724051111 ], [ 1.608660549693577, 39.034873780634193 ], [ 1.620038414732558, 39.036781084908569 ], [ 1.621475718517357, 39.027637188836806 ], [ 1.584751046156367, 39.015482533706034 ], [ 1.577874669500834, 39.001229683704928 ], [ 1.581367854930871, 38.989349385957233 ], [ 1.55201744393506, 38.992654216642158 ], [ 1.52743379011082, 38.982365891990405 ], [ 1.52802582043648, 38.945277712338431 ], [ 1.510225496999916, 38.946786883998776 ], [ 1.476617586549187, 38.912896853425849 ], [ 1.454955166640578, 38.916929435578446 ], [ 1.456844085840455, 38.903618765927483 ], [ 1.450573061614433, 38.911712818845508 ], [ 1.439560250860559, 38.9166571633057 ], [ 1.438622942618669, 38.902520593011744 ], [ 1.423669369329632, 38.905162597492136 ] ] ], [ [ [ 1.195530852600599, 38.869904298784171 ], [ 1.202946085123052, 38.864623992830531 ], [ 1.188459122747842, 38.862582275473251 ], [ 1.195530852600599, 38.869904298784171 ] ] ], [ [ [ 1.20680301449853, 38.868259643722006 ], [ 1.215333477846629, 38.86902327308897 ], [ 1.212974662624853, 38.86571718062411 ], [ 1.20680301449853, 38.868259643722006 ] ] ], [ [ [ 1.196859732531874, 38.872046809277457 ], [ 1.196063689821162, 38.871291774325492 ], [ 1.195246798503492, 38.871046564985264 ], [ 1.196859732531874, 38.872046809277457 ] ] ], [ [ [ 1.298509335155611, 38.870493629113085 ], [ 1.298204153946432, 38.870240938574661 ], [ 1.298067822574303, 38.87057835604061 ], [ 1.298509335155611, 38.870493629113085 ] ] ], [ [ [ 1.29912460047069, 38.871720381569986 ], [ 1.299701479298033, 38.870552013915017 ], [ 1.299591339785922, 38.870100457712454 ], [ 1.29912460047069, 38.871720381569986 ] ] ], [ [ [ 1.405603046092333, 38.871562841906744 ], [ 1.406382687893166, 38.87210610002915 ], [ 1.406602351957856, 38.871622937663183 ], [ 1.405603046092333, 38.871562841906744 ] ] ], [ [ [ 1.218362244682309, 38.890069123313459 ], [ 1.219187379031681, 38.890011331231172 ], [ 1.218656644915558, 38.889621104942336 ], [ 1.218362244682309, 38.890069123313459 ] ] ], [ [ [ 1.422874382569399, 38.896830625741465 ], [ 1.423801923161768, 38.896406123023738 ], [ 1.422971384549393, 38.895687587660937 ], [ 1.422874382569399, 38.896830625741465 ] ] ], [ [ [ 1.2351739636926, 38.940152326231555 ], [ 1.235449515602777, 38.940228870691428 ], [ 1.235472491882064, 38.940122254368269 ], [ 1.2351739636926, 38.940152326231555 ] ] ], [ [ [ 1.217855684429844, 38.954246265053186 ], [ 1.218091017576642, 38.954429012178394 ], [ 1.218140458330731, 38.954366947588511 ], [ 1.217855684429844, 38.954246265053186 ] ] ], [ [ [ 1.189501982153773, 38.956630356138454 ], [ 1.188476913778913, 38.957003546361719 ], [ 1.189522504459179, 38.957859447638668 ], [ 1.189501982153773, 38.956630356138454 ] ] ], [ [ [ 1.193098726494504, 38.959633249782925 ], [ 1.198683598104834, 38.956460512475118 ], [ 1.189729014185173, 38.957916059973698 ], [ 1.193098726494504, 38.959633249782925 ] ] ], [ [ [ 1.201181779437984, 38.95833369059865 ], [ 1.201157771413699, 38.958843301720798 ], [ 1.202011967350973, 38.958543881926445 ], [ 1.201181779437984, 38.95833369059865 ] ] ], [ [ [ 1.219224283116022, 38.964201234901772 ], [ 1.21945205840538, 38.964318168641213 ], [ 1.219561794154021, 38.964204687596904 ], [ 1.219224283116022, 38.964201234901772 ] ] ], [ [ [ 1.217516281499062, 38.964940939460782 ], [ 1.217233538671512, 38.96492279035818 ], [ 1.217267083508682, 38.96498006634792 ], [ 1.217516281499062, 38.964940939460782 ] ] ], [ [ [ 1.214687051002836, 38.967992439299401 ], [ 1.220137445498965, 38.968275270449503 ], [ 1.218557074264739, 38.966984444368819 ], [ 1.214687051002836, 38.967992439299401 ] ] ], [ [ [ 1.231474322730153, 38.973545089221105 ], [ 1.23203092417057, 38.973907348116747 ], [ 1.231504186380497, 38.973471739252744 ], [ 1.231474322730153, 38.973545089221105 ] ] ], [ [ [ 1.231984984824709, 38.976945312717596 ], [ 1.231699526099476, 38.977111195026858 ], [ 1.231899637620554, 38.977173621511326 ], [ 1.231984984824709, 38.976945312717596 ] ] ], [ [ [ 1.2063613984642, 38.988976619848835 ], [ 1.210504049303688, 38.984016620412874 ], [ 1.218929100134696, 38.978394775595234 ], [ 1.214081732081188, 38.975960895738346 ], [ 1.2063613984642, 38.988976619848835 ] ] ], [ [ [ 1.215780791497563, 38.987755702902845 ], [ 1.215736838911406, 38.988319409757153 ], [ 1.216136391137691, 38.987941142210488 ], [ 1.215780791497563, 38.987755702902845 ] ] ], [ [ [ 1.424679037715046, 38.795965040814842 ], [ 1.430883595714032, 38.785302955888284 ], [ 1.432917203904846, 38.775260402151645 ], [ 1.419410115677459, 38.779385668425853 ], [ 1.424679037715046, 38.795965040814842 ] ] ], [ [ [ 1.47769179934974, 38.805152092851941 ], [ 1.478811914697161, 38.795930415521362 ], [ 1.480200800291985, 38.78802787955761 ], [ 1.474092149701702, 38.797423241226156 ], [ 1.47769179934974, 38.805152092851941 ] ] ], [ [ [ 1.496735515935149, 38.920113612727995 ], [ 1.496719334909182, 38.920606719521615 ], [ 1.496798896633702, 38.92065523541941 ], [ 1.496735515935149, 38.920113612727995 ] ] ], [ [ [ 1.501891480506987, 38.933185533945263 ], [ 1.502031781703525, 38.933009806374926 ], [ 1.501820418527965, 38.932918015401746 ], [ 1.501891480506987, 38.933185533945263 ] ] ], [ [ [ 1.506770522075182, 38.937117461909011 ], [ 1.506950836085414, 38.93698367195293 ], [ 1.506817946268151, 38.936887395413521 ], [ 1.506770522075182, 38.937117461909011 ] ] ], [ [ [ 1.528820123764115, 38.94545104858868 ], [ 1.528491404993852, 38.945065280505744 ], [ 1.528205910109597, 38.945356306884371 ], [ 1.528820123764115, 38.94545104858868 ] ] ], [ [ [ 1.578106489482147, 38.98269809154646 ], [ 1.578834711583219, 38.982157969033466 ], [ 1.577663549434475, 38.981998977395747 ], [ 1.578106489482147, 38.98269809154646 ] ] ], [ [ [ 1.582971272235234, 38.98518095866276 ], [ 1.584675186513937, 38.982324283796629 ], [ 1.583824191980192, 38.982176371975754 ], [ 1.582971272235234, 38.98518095866276 ] ] ], [ [ [ 1.573276356904677, 38.986996147144396 ], [ 1.572792535570801, 38.986985109732558 ], [ 1.572934482036667, 38.987176333861498 ], [ 1.573276356904677, 38.986996147144396 ] ] ], [ [ [ 1.569567672587514, 38.990678261570594 ], [ 1.569611928758492, 38.990533278932013 ], [ 1.569232114841835, 38.990667140038028 ], [ 1.569567672587514, 38.990678261570594 ] ] ], [ [ [ 1.584855580440865, 39.000437456449937 ], [ 1.584513822188855, 38.999942436661918 ], [ 1.584702706461256, 39.000510849025105 ], [ 1.584855580440865, 39.000437456449937 ] ] ], [ [ [ 1.587408889208867, 39.001295306721971 ], [ 1.586692588811252, 39.002136609202068 ], [ 1.586911900200813, 39.002308593120311 ], [ 1.587408889208867, 39.001295306721971 ] ] ], [ [ [ 1.583364702362332, 39.003068933384121 ], [ 1.583110184909951, 39.003089318115016 ], [ 1.582831127699044, 39.003153105889695 ], [ 1.583364702362332, 39.003068933384121 ] ] ], [ [ [ 1.583671433519059, 39.003463001515435 ], [ 1.583848634964208, 39.003472084907088 ], [ 1.58389369484873, 39.003401740605739 ], [ 1.583671433519059, 39.003463001515435 ] ] ], [ [ [ 1.639966292439447, 39.034621903612063 ], [ 1.646235413688943, 39.04061712016734 ], [ 1.650433586233762, 39.032193708185133 ], [ 1.639966292439447, 39.034621903612063 ] ] ], [ [ [ 1.610294058141675, 39.040183942475032 ], [ 1.610400706666042, 39.040392340664177 ], [ 1.610486291909998, 39.040241299619446 ], [ 1.610294058141675, 39.040183942475032 ] ] ], [ [ [ 1.609895811486612, 39.040616624310942 ], [ 1.61039432651807, 39.040549574527226 ], [ 1.61016481712274, 39.040325907213628 ], [ 1.609895811486612, 39.040616624310942 ] ] ], [ [ [ 1.607750605861074, 39.044660351819857 ], [ 1.6082720673728, 39.044725150186792 ], [ 1.607631891760301, 39.044496949911029 ], [ 1.607750605861074, 39.044660351819857 ] ] ], [ [ [ 1.606239881841643, 39.04703087345456 ], [ 1.606376647317634, 39.046308901295909 ], [ 1.605988554689779, 39.046658821248649 ], [ 1.606239881841643, 39.04703087345456 ] ] ], [ [ [ 1.62026672977377, 39.049568761381217 ], [ 1.62047088937702, 39.049322157654501 ], [ 1.620157320851437, 39.049486976332382 ], [ 1.62026672977377, 39.049568761381217 ] ] ], [ [ [ 1.598607691489793, 39.050715465766096 ], [ 1.598378094778592, 39.050765519722667 ], [ 1.59846927474852, 39.050889590985101 ], [ 1.598607691489793, 39.050715465766096 ] ] ], [ [ [ 1.599861126227751, 39.050769837057381 ], [ 1.599665051747559, 39.050538794043042 ], [ 1.599676768552296, 39.050865314715438 ], [ 1.599861126227751, 39.050769837057381 ] ] ], [ [ [ 1.602578016086319, 39.05460241611911 ], [ 1.60226578480861, 39.054644012192519 ], [ 1.60281548893006, 39.054890920550392 ], [ 1.602578016086319, 39.05460241611911 ] ] ], [ [ [ 1.600771160463937, 39.054995327739093 ], [ 1.600608600877327, 39.054989251226424 ], [ 1.600696494934604, 39.055121585757767 ], [ 1.600771160463937, 39.054995327739093 ] ] ], [ [ [ 1.591121143496144, 39.05922292247336 ], [ 1.591291479517467, 39.059096106204329 ], [ 1.591146652837503, 39.059048965212135 ], [ 1.591121143496144, 39.05922292247336 ] ] ], [ [ [ 1.515376009785849, 39.116723245281321 ], [ 1.518252694088831, 39.115228080312619 ], [ 1.513976368691411, 39.116471109341283 ], [ 1.515376009785849, 39.116723245281321 ] ] ], [ [ [ 2.471040023876916, 39.461643462696678 ], [ 2.471958171811594, 39.462819016689998 ], [ 2.472432178122183, 39.462830182619989 ], [ 2.471040023876916, 39.461643462696678 ] ] ], [ [ [ 2.472679012260548, 39.463043045529794 ], [ 2.472681594306767, 39.463326900325022 ], [ 2.472848477487972, 39.463309618744766 ], [ 2.472679012260548, 39.463043045529794 ] ] ], [ [ [ 2.475350376267682, 39.46567717449723 ], [ 2.474016487307094, 39.465229648721632 ], [ 2.474598161137334, 39.465849502317717 ], [ 2.475350376267682, 39.46567717449723 ] ] ], [ [ [ 2.475878422200458, 39.466179656577019 ], [ 2.475645461800568, 39.465809153640187 ], [ 2.475514713199387, 39.466042866971556 ], [ 2.475878422200458, 39.466179656577019 ] ] ], [ [ [ 2.450973906913414, 39.499818143163914 ], [ 2.45057863074057, 39.496797762330104 ], [ 2.447575363009179, 39.49529678221348 ], [ 2.450973906913414, 39.499818143163914 ] ] ], [ [ [ 2.454654391067088, 39.502786388197762 ], [ 2.456460495404862, 39.501943328659067 ], [ 2.4551832700325, 39.501901322795028 ], [ 2.454654391067088, 39.502786388197762 ] ] ], [ [ [ 2.455865949244607, 39.503985923869664 ], [ 2.455643250857146, 39.504061510246032 ], [ 2.455744588387212, 39.504165579558844 ], [ 2.455865949244607, 39.503985923869664 ] ] ], [ [ [ 2.455796318201543, 39.504386588110904 ], [ 2.479090519581133, 39.518545075645044 ], [ 2.450964835975842, 39.537071878516187 ], [ 2.437979840686653, 39.532567737568719 ], [ 2.440540106951091, 39.528809204679526 ], [ 2.420125917771879, 39.522960551525415 ], [ 2.413580711785526, 39.538975353735786 ], [ 2.387684494351563, 39.520811967405422 ], [ 2.388208410247463, 39.534033079673534 ], [ 2.363726142239783, 39.531414826062402 ], [ 2.39046421112682, 39.546208989175518 ], [ 2.34643773016485, 39.56466647186992 ], [ 2.35591948517936, 39.605599335764566 ], [ 2.462050402836475, 39.651901820848195 ], [ 2.527407057372699, 39.701381317650174 ], [ 2.587220666489513, 39.71725049032225 ], [ 2.622509725570998, 39.747878625374483 ], [ 2.619232973007682, 39.755796790792942 ], [ 2.663252035575152, 39.772430063788633 ], [ 2.669351499236468, 39.79239590798457 ], [ 2.694327537206269, 39.791220967519962 ], [ 2.69950023898501, 39.810885376395284 ], [ 2.776250072892168, 39.839954115013754 ], [ 2.778677394724986, 39.855690209767573 ], [ 2.845112424049755, 39.861816369998557 ], [ 2.950329290282561, 39.920211373233911 ], [ 2.985214165665295, 39.908925238747493 ], [ 3.042084327436787, 39.937744877793406 ], [ 3.060253904081416, 39.919390128182194 ], [ 3.099376341650836, 39.936006047683854 ], [ 3.094629640512966, 39.923234418594795 ], [ 3.15651515407484, 39.957679336949099 ], [ 3.214409269898045, 39.962733132184944 ], [ 3.154416159736908, 39.92312877700806 ], [ 3.131385774990936, 39.926814230304153 ], [ 3.110692120180302, 39.899224255013316 ], [ 3.091258101959125, 39.911155214604875 ], [ 3.080063025001763, 39.902272537432658 ], [ 3.105638662332183, 39.857536585595831 ], [ 3.204215390654725, 39.889173178078408 ], [ 3.178708507976628, 39.84071515795484 ], [ 3.120429673403212, 39.83222221122741 ], [ 3.135488068575428, 39.78211443812615 ], [ 3.170640324375596, 39.759245282795156 ], [ 3.252739826483395, 39.729510684732311 ], [ 3.329399337230819, 39.760105127595359 ], [ 3.347957089051106, 39.789342222121277 ], [ 3.432374012292438, 39.745021855562293 ], [ 3.461250911721832, 39.748109070978764 ], [ 3.452297194744608, 39.722979505218319 ], [ 3.478681989594588, 39.71614304898484 ], [ 3.456611469952582, 39.705438194415315 ], [ 3.455879661397989, 39.655854367781387 ], [ 3.440855908255011, 39.656236848584115 ], [ 3.436764484538054, 39.634704607888402 ], [ 3.396978528591974, 39.628504323270867 ], [ 3.385395410628319, 39.591669066167825 ], [ 3.403596995525894, 39.579470563265588 ], [ 3.37962743109764, 39.576109361708461 ], [ 3.368395682467778, 39.550844627703484 ], [ 3.331874944806517, 39.540475543130981 ], [ 3.292170635328049, 39.494295635428152 ], [ 3.27485957919401, 39.416018610226359 ], [ 3.266192780068368, 39.428004883632084 ], [ 3.244835905213468, 39.377718286310454 ], [ 3.222084111980534, 39.372920750734288 ], [ 3.232145567772861, 39.361624233638324 ], [ 3.187961098485772, 39.351931968836723 ], [ 3.171002587338403, 39.326466737733263 ], [ 3.146308716679165, 39.330199258899377 ], [ 3.065191656267015, 39.265683736077179 ], [ 3.004001467073453, 39.316928579290874 ], [ 2.986029245221813, 39.315954715039616 ], [ 2.990274089287938, 39.337806213997425 ], [ 2.956921420673137, 39.362821402176522 ], [ 2.913184834811814, 39.352029373209419 ], [ 2.881603693711107, 39.36621594233447 ], [ 2.787088756968671, 39.363038503377616 ], [ 2.742034821583795, 39.40647902864545 ], [ 2.747243569956312, 39.441563597346374 ], [ 2.721885849623443, 39.476100177319879 ], [ 2.752981157083497, 39.503819379018438 ], [ 2.669420914774639, 39.562624480765514 ], [ 2.632678036378176, 39.568448619852539 ], [ 2.619746370573174, 39.550568683292759 ], [ 2.639453347849658, 39.552617170577072 ], [ 2.632174982356808, 39.54507877105884 ], [ 2.605395230803387, 39.552254377947108 ], [ 2.595709071512332, 39.54676495832755 ], [ 2.590405514772947, 39.531114018372918 ], [ 2.588565982845587, 39.533454746412289 ], [ 2.576251330978324, 39.533734872422116 ], [ 2.575694779496713, 39.531259460666178 ], [ 2.564827549238415, 39.528061124832931 ], [ 2.561617610849326, 39.532009166583755 ], [ 2.539621125309672, 39.524094039950263 ], [ 2.547264846287141, 39.511185045469659 ], [ 2.534055475239021, 39.505397638371171 ], [ 2.53659774319624, 39.487909459030284 ], [ 2.532885035488204, 39.487511655570742 ], [ 2.525609629793673, 39.479039382762309 ], [ 2.525895700859385, 39.474355088461699 ], [ 2.520719926242415, 39.476244114616634 ], [ 2.523985544323094, 39.471869388150992 ], [ 2.519142279625489, 39.462564161013404 ], [ 2.524412542226562, 39.460580979113409 ], [ 2.521697181511817, 39.456488094100393 ], [ 2.490428643271762, 39.472912093173981 ], [ 2.476101226677632, 39.466216685535159 ], [ 2.479150893231577, 39.491932870829118 ], [ 2.455796318201543, 39.504386588110904 ] ], [ [ 3.231018623287687, 39.735029617534792 ], [ 3.231029117923412, 39.735007081800113 ], [ 3.23111263507342, 39.734997914487771 ], [ 3.231018623287687, 39.735029617534792 ] ] ], [ [ [ 2.462164656612565, 39.526306569284031 ], [ 2.462438562352669, 39.526150177436094 ], [ 2.46233981268383, 39.526086649421636 ], [ 2.462164656612565, 39.526306569284031 ] ] ], [ [ [ 2.458467667070517, 39.531313346915873 ], [ 2.458700448122674, 39.53167933541765 ], [ 2.458741878094365, 39.531634499331133 ], [ 2.458467667070517, 39.531313346915873 ] ] ], [ [ [ 2.440433660706039, 39.533106672210735 ], [ 2.440239960561542, 39.533227391845848 ], [ 2.440394808259574, 39.533232622335049 ], [ 2.440433660706039, 39.533106672210735 ] ] ], [ [ [ 2.348356491724224, 39.576093382115268 ], [ 2.347896220471474, 39.577991997266913 ], [ 2.349164711142643, 39.576818750369746 ], [ 2.348356491724224, 39.576093382115268 ] ] ], [ [ [ 2.336196359458833, 39.59488329861923 ], [ 2.318487248828708, 39.576507817258246 ], [ 2.303725412972597, 39.572807172002051 ], [ 2.322619023605337, 39.592237064670634 ], [ 2.336196359458833, 39.59488329861923 ] ] ], [ [ [ 2.540916980283353, 39.478069125591034 ], [ 2.540974436432758, 39.479001945629165 ], [ 2.541099359946691, 39.479065518803502 ], [ 2.540916980283353, 39.478069125591034 ] ] ], [ [ [ 2.533361665910331, 39.486062865572933 ], [ 2.533348744951354, 39.486472824796188 ], [ 2.533483810160273, 39.48605436559204 ], [ 2.533361665910331, 39.486062865572933 ] ] ], [ [ [ 2.543132686402569, 39.505023706563406 ], [ 2.546698342339222, 39.503704124549508 ], [ 2.546909504079947, 39.502587611017937 ], [ 2.543132686402569, 39.505023706563406 ] ] ], [ [ [ 2.553538920154105, 39.525648558167681 ], [ 2.553748833552957, 39.525852094821133 ], [ 2.553782696343716, 39.525626995032134 ], [ 2.553538920154105, 39.525648558167681 ] ] ], [ [ [ 2.573639721773543, 39.528981320744094 ], [ 2.573508906609932, 39.528782632804202 ], [ 2.573374351157584, 39.528903781172971 ], [ 2.573639721773543, 39.528981320744094 ] ] ], [ [ [ 2.574021929406019, 39.529856718227762 ], [ 2.573561399481174, 39.529062134378329 ], [ 2.572496063319588, 39.529941242700907 ], [ 2.574021929406019, 39.529856718227762 ] ] ], [ [ [ 2.586083337918381, 39.528575792680705 ], [ 2.589047542733426, 39.5288070526436 ], [ 2.586828311064114, 39.52766385693014 ], [ 2.586083337918381, 39.528575792680705 ] ] ], [ [ [ 2.574970033926263, 39.53060807741506 ], [ 2.575211707005765, 39.530748608067306 ], [ 2.575209411390203, 39.530469289478035 ], [ 2.574970033926263, 39.53060807741506 ] ] ], [ [ [ 2.588439756143581, 39.530940406641314 ], [ 2.589068355497701, 39.531325540628494 ], [ 2.588805596459395, 39.530811015507702 ], [ 2.588439756143581, 39.530940406641314 ] ] ], [ [ [ 2.586489746197175, 39.533010356405988 ], [ 2.586159462829181, 39.532905558388002 ], [ 2.58610476690267, 39.532932420672516 ], [ 2.586489746197175, 39.533010356405988 ] ] ], [ [ [ 2.592185321903725, 39.534557754144657 ], [ 2.592841280089214, 39.53337968313825 ], [ 2.591563264964142, 39.534285266393887 ], [ 2.592185321903725, 39.534557754144657 ] ] ], [ [ [ 2.592968078433108, 39.723956266928028 ], [ 2.59277035786458, 39.723847440320803 ], [ 2.59278129558981, 39.723973609183041 ], [ 2.592968078433108, 39.723956266928028 ] ] ], [ [ [ 2.598377320064915, 39.730813719484125 ], [ 2.598552717354667, 39.730751268588016 ], [ 2.598412976925166, 39.730696742848657 ], [ 2.598377320064915, 39.730813719484125 ] ] ], [ [ [ 2.599046097438321, 39.732203596366809 ], [ 2.598836371062507, 39.732148811431998 ], [ 2.598893917327162, 39.732284153789749 ], [ 2.599046097438321, 39.732203596366809 ] ] ], [ [ [ 2.599264425601596, 39.732790012220661 ], [ 2.599438534313144, 39.732952805042373 ], [ 2.599450766880899, 39.732853723903752 ], [ 2.599264425601596, 39.732790012220661 ] ] ], [ [ [ 2.61015537972317, 39.740512649611723 ], [ 2.610377080751654, 39.740513384909214 ], [ 2.610214307895244, 39.740404740092153 ], [ 2.61015537972317, 39.740512649611723 ] ] ], [ [ [ 2.71086736981752, 39.81706361833669 ], [ 2.708969862653265, 39.816626420470932 ], [ 2.709838139448201, 39.819137892796583 ], [ 2.71086736981752, 39.81706361833669 ] ] ], [ [ [ 2.946670231960501, 39.163811863715196 ], [ 2.976582334250941, 39.157387746812539 ], [ 2.956680895413015, 39.147505904520152 ], [ 2.957861821401444, 39.126717656079919 ], [ 2.919600568271215, 39.128914332036501 ], [ 2.917121418849534, 39.161722076627342 ], [ 2.930658663598672, 39.143204073223899 ], [ 2.9311666645312, 39.156459718202662 ], [ 2.949574876945743, 39.148287023770123 ], [ 2.946670231960501, 39.163811863715196 ] ] ], [ [ [ 3.010615887333442, 39.30584036531156 ], [ 3.012048960121191, 39.303515459433314 ], [ 3.008192786395692, 39.304745764317914 ], [ 3.010615887333442, 39.30584036531156 ] ] ], [ [ [ 3.187643819247158, 39.754502208381346 ], [ 3.188359586709443, 39.754663214754423 ], [ 3.187864267201574, 39.754285584229436 ], [ 3.187643819247158, 39.754502208381346 ] ] ], [ [ [ 3.169989420312454, 39.836016153307199 ], [ 3.17169375439802, 39.835211726523433 ], [ 3.169553917274537, 39.834764400467968 ], [ 3.169989420312454, 39.836016153307199 ] ] ], [ [ [ 3.375677519458955, 39.564913428819253 ], [ 3.375750120598169, 39.565160982417019 ], [ 3.375870331261694, 39.565052451520131 ], [ 3.375677519458955, 39.564913428819253 ] ] ], [ [ [ 3.406051720811758, 39.770169137393253 ], [ 3.406073499448279, 39.769533866747011 ], [ 3.405773282261241, 39.76973313075225 ], [ 3.406051720811758, 39.770169137393253 ] ] ], [ [ [ 4.208212063072387, 39.824794739708047 ], [ 3.962367702276862, 39.940246704958362 ], [ 3.900176896008131, 39.922510494042598 ], [ 3.824194654725625, 39.921944562232831 ], [ 3.835864805937392, 40.001704709014028 ], [ 3.799185136710711, 39.997873008653642 ], [ 3.792182558433876, 40.01994052265578 ], [ 3.822360622368135, 40.051196092842495 ], [ 3.867349319552677, 40.058053001689117 ], [ 3.920989877756271, 40.045377033401614 ], [ 3.934328284174631, 40.062640415956928 ], [ 3.978437497198331, 40.051036893539688 ], [ 4.016020806190248, 40.055650527939527 ], [ 4.032174190265337, 40.065589235552935 ], [ 4.053641681392831, 40.051917997959102 ], [ 4.089528839444479, 40.069154180650102 ], [ 4.082165938679539, 40.089376946599756 ], [ 4.099098533539006, 40.086041759298162 ], [ 4.092239426597168, 40.062979826474916 ], [ 4.106919565872495, 40.036668518801754 ], [ 4.109799146566539, 40.054420865347296 ], [ 4.13350641969972, 40.0631511918033 ], [ 4.127332695310249, 40.026025486037163 ], [ 4.140745993141676, 40.035408097656017 ], [ 4.136620125087513, 40.067116321682121 ], [ 4.172555219470187, 40.060659003374184 ], [ 4.160054624770837, 40.035216460860774 ], [ 4.18199245904518, 40.021746653247916 ], [ 4.195347216637859, 40.032258661567141 ], [ 4.193340468436648, 40.009647991657694 ], [ 4.205398047001594, 39.992950535414316 ], [ 4.207886141838883, 40.013055958796166 ], [ 4.221615988786456, 39.996402346681712 ], [ 4.250296152995704, 40.001416254660853 ], [ 4.269834106457481, 39.996546054379564 ], [ 4.254793055287107, 39.992763768656182 ], [ 4.254747173516626, 39.963997637265436 ], [ 4.283683604804683, 39.944973260246876 ], [ 4.274343091824683, 39.933503698788996 ], [ 4.285435987928325, 39.924926050855554 ], [ 4.284743768360863, 39.911951239224706 ], [ 4.29854172362277, 39.897387188660943 ], [ 4.308495107828365, 39.898924144883352 ], [ 4.306448200177332, 39.892654131579455 ], [ 4.311855009655486, 39.885457697483496 ], [ 4.309534942193048, 39.879961078791403 ], [ 4.32788959993941, 39.876986526033505 ], [ 4.310778357229477, 39.869874390995214 ], [ 4.310390279598628, 39.878014380096459 ], [ 4.296093182686659, 39.891900806284049 ], [ 4.25654676249491, 39.897146588778824 ], [ 4.307501112657865, 39.8653479760113 ], [ 4.29861183849126, 39.863907113763659 ], [ 4.308753679693921, 39.849855479485392 ], [ 4.2981463982393, 39.840951457421461 ], [ 4.303812499789274, 39.831873862393465 ], [ 4.292677846443575, 39.828975631858604 ], [ 4.272288489717608, 39.809154361262117 ], [ 4.218794591059581, 39.829161950404192 ], [ 4.211103457786053, 39.829251412315287 ], [ 4.208212063072387, 39.824794739708047 ] ] ], [ [ [ 4.135986081199495, 40.046455232594774 ], [ 4.137606889778263, 40.046331223286494 ], [ 4.137133385728995, 40.045173665209674 ], [ 4.135986081199495, 40.046455232594774 ] ] ], [ [ [ 4.019748350285179, 40.060320703347536 ], [ 4.019754955263182, 40.0599782578253 ], [ 4.019428455238512, 40.060098261687621 ], [ 4.019748350285179, 40.060320703347536 ] ] ], [ [ [ 4.030776981557525, 40.068142285932865 ], [ 4.033144175381382, 40.068625729905712 ], [ 4.031516330036686, 40.066725742178647 ], [ 4.030776981557525, 40.068142285932865 ] ] ], [ [ [ 4.075526452239409, 40.094569571754249 ], [ 4.076152695403366, 40.090896998465496 ], [ 4.073050454191208, 40.092461858022041 ], [ 4.075526452239409, 40.094569571754249 ] ] ], [ [ [ 4.287310617140373, 39.800817054379358 ], [ 4.295933934858519, 39.799932749280181 ], [ 4.281939831800176, 39.801016100646152 ], [ 4.287310617140373, 39.800817054379358 ] ] ], [ [ [ 4.295504069924714, 39.80281614924575 ], [ 4.295424102480737, 39.8029882331819 ], [ 4.29561600915229, 39.802868958171963 ], [ 4.295504069924714, 39.80281614924575 ] ] ], [ [ [ 4.241918688729074, 39.81287075949443 ], [ 4.241518386277122, 39.812739894126892 ], [ 4.24180337465401, 39.813115249331119 ], [ 4.241918688729074, 39.81287075949443 ] ] ], [ [ [ 4.241295481437355, 39.813336903915705 ], [ 4.241571879229202, 39.813275374292957 ], [ 4.241248352460769, 39.813193260131435 ], [ 4.241295481437355, 39.813336903915705 ] ] ], [ [ [ 4.24381657821134, 39.816156997528218 ], [ 4.243981930592935, 39.815975034646236 ], [ 4.243898607048572, 39.815890346448313 ], [ 4.24381657821134, 39.816156997528218 ] ] ], [ [ [ 4.227337876860213, 39.821355200033317 ], [ 4.227659595572332, 39.821500433014528 ], [ 4.227433315738774, 39.821178483592895 ], [ 4.227337876860213, 39.821355200033317 ] ] ], [ [ [ 4.221480097437524, 39.824137875754275 ], [ 4.221334028908551, 39.821828410420395 ], [ 4.219829408426683, 39.821853267227439 ], [ 4.221480097437524, 39.824137875754275 ] ] ], [ [ [ 4.224179835086063, 39.823965271078521 ], [ 4.223951072400117, 39.823418119989462 ], [ 4.223496229325853, 39.824125670195635 ], [ 4.224179835086063, 39.823965271078521 ] ] ], [ [ [ 4.214715553620374, 39.827375711464882 ], [ 4.214637213366414, 39.825871891528749 ], [ 4.214163719385921, 39.825651623317555 ], [ 4.214074183796073, 39.826287752344925 ], [ 4.214715553620374, 39.827375711464882 ] ] ], [ [ [ 4.214789068638962, 39.827568647479744 ], [ 4.215067638709826, 39.827669368588019 ], [ 4.214850990472195, 39.82751843645682 ], [ 4.214789068638962, 39.827568647479744 ] ] ], [ [ [ 4.296094728874555, 39.827288777056154 ], [ 4.295702226608328, 39.827464353814733 ], [ 4.295734674042152, 39.827675711423353 ], [ 4.296094728874555, 39.827288777056154 ] ] ], [ [ [ 4.299853033542336, 39.840927863326847 ], [ 4.300138883409411, 39.841095847791109 ], [ 4.300185759801684, 39.841063785473288 ], [ 4.299853033542336, 39.840927863326847 ] ] ], [ [ [ 4.301051127179392, 39.841360420644598 ], [ 4.300552741861836, 39.841311945576066 ], [ 4.300924542624374, 39.841542034853887 ], [ 4.301051127179392, 39.841360420644598 ] ] ], [ [ [ 4.324723472354893, 39.874815377332006 ], [ 4.324483370889602, 39.874831639818538 ], [ 4.324654350801199, 39.874906295025724 ], [ 4.324723472354893, 39.874815377332006 ] ] ], [ [ [ 4.301633315439737, 39.876009148740494 ], [ 4.306293785871895, 39.877546989996205 ], [ 4.307009533908922, 39.871362884997659 ], [ 4.301633315439737, 39.876009148740494 ] ] ], [ [ [ 4.299321007567797, 39.881431741793797 ], [ 4.297814373655451, 39.882696396599862 ], [ 4.297994367922685, 39.882978206336517 ], [ 4.299321007567797, 39.881431741793797 ] ] ], [ [ [ 4.28603827423066, 39.887516912260892 ], [ 4.288717787167405, 39.886806970929641 ], [ 4.286814237565781, 39.885625305072388 ], [ 4.28603827423066, 39.887516912260892 ] ] ], [ [ [ 4.311521997702901, 39.888849023404276 ], [ 4.310755118671446, 39.888461286405956 ], [ 4.310925628501209, 39.888932349771899 ], [ 4.311521997702901, 39.888849023404276 ] ] ], [ [ [ 4.311593401009399, 39.889105002460461 ], [ 4.311416955795149, 39.889282676617285 ], [ 4.3117570907895, 39.889332852007968 ], [ 4.311593401009399, 39.889105002460461 ] ] ], [ [ [ 4.311902024659847, 39.889344764372183 ], [ 4.311813950376445, 39.889134011565872 ], [ 4.31170975082104, 39.889189257600741 ], [ 4.311902024659847, 39.889344764372183 ] ] ], [ [ [ 4.308919906200612, 39.892085732791713 ], [ 4.30863004381119, 39.891449342978191 ], [ 4.308401859365885, 39.891789747197286 ], [ 4.308919906200612, 39.892085732791713 ] ] ], [ [ [ 4.30828227082239, 39.897728296610666 ], [ 4.308333232107454, 39.89760158087924 ], [ 4.308135277564837, 39.89757225956123 ], [ 4.30828227082239, 39.897728296610666 ] ] ], [ [ [ 4.307063548619247, 39.898764590283676 ], [ 4.306985328621504, 39.898995187102493 ], [ 4.307127933013004, 39.898998111590288 ], [ 4.307063548619247, 39.898764590283676 ] ] ], [ [ [ 4.298916731915266, 39.899747952742018 ], [ 4.299156619576852, 39.899866897194009 ], [ 4.298976568226681, 39.89970223243899 ], [ 4.298916731915266, 39.899747952742018 ] ] ], [ [ [ 4.296184614010095, 39.901954268353194 ], [ 4.296378761661921, 39.901898024884439 ], [ 4.296112472902916, 39.901851447670509 ], [ 4.296184614010095, 39.901954268353194 ] ] ], [ [ [ 4.295886757244245, 39.902250378864061 ], [ 4.295721562603072, 39.90229277445539 ], [ 4.295914236896626, 39.902313131062236 ], [ 4.295886757244245, 39.902250378864061 ] ] ], [ [ [ 4.295219483894724, 39.902690279849189 ], [ 4.295171306245482, 39.902848505918236 ], [ 4.295392083305951, 39.902809982912828 ], [ 4.295219483894724, 39.902690279849189 ] ] ], [ [ [ 4.289472354134403, 39.91260602437373 ], [ 4.289883630878302, 39.912313152064748 ], [ 4.290100956693269, 39.911382790860777 ], [ 4.289472354134403, 39.91260602437373 ] ] ], [ [ [ 4.286696544835261, 39.912443138561443 ], [ 4.287047663879703, 39.91241219112991 ], [ 4.286780802151894, 39.912257503027327 ], [ 4.286696544835261, 39.912443138561443 ] ] ], [ [ [ 4.287268163493486, 39.913801703862347 ], [ 4.287259671405816, 39.913621611608178 ], [ 4.287001736281917, 39.913669521449791 ], [ 4.287268163493486, 39.913801703862347 ] ] ], [ [ [ 4.289819014708687, 39.916507749928719 ], [ 4.290219236785378, 39.916715010122907 ], [ 4.290391950646367, 39.916604960785968 ], [ 4.289819014708687, 39.916507749928719 ] ] ], [ [ [ 4.280630180255101, 39.949727870448022 ], [ 4.279315032201458, 39.94915679023299 ], [ 4.280444980252068, 39.950153335405282 ], [ 4.280630180255101, 39.949727870448022 ] ] ], [ [ [ 4.279762654472344, 39.950169912965364 ], [ 4.280564021762285, 39.951125046915116 ], [ 4.280083185357751, 39.95017536598931 ], [ 4.279762654472344, 39.950169912965364 ] ] ], [ [ [ 4.282992711587648, 39.959057907818014 ], [ 4.283300424701753, 39.959000442927909 ], [ 4.282984307841883, 39.958958886198189 ], [ 4.282992711587648, 39.959057907818014 ] ] ], [ [ [ 4.272782983228359, 39.956841446516421 ], [ 4.284174923459436, 39.960765613334701 ], [ 4.276882053374229, 39.956021607732133 ], [ 4.272782983228359, 39.956841446516421 ] ] ], [ [ [ 4.273196563763782, 39.963364137929382 ], [ 4.273517771295597, 39.963518294349463 ], [ 4.273325850508101, 39.963272643398625 ], [ 4.273196563763782, 39.963364137929382 ] ] ], [ [ [ 4.225030975857436, 39.998267247727156 ], [ 4.224599974243691, 39.998402445922906 ], [ 4.224834735317405, 39.99859366639074 ], [ 4.225030975857436, 39.998267247727156 ] ] ], [ [ [ 4.261549580209967, 39.999059946473508 ], [ 4.261826376612542, 39.999340703109361 ], [ 4.261954988552055, 39.999050992767366 ], [ 4.261549580209967, 39.999059946473508 ] ] ], [ [ [ 4.198826920041961, 40.007073244271204 ], [ 4.199559682278779, 40.006389980007484 ], [ 4.198689480335348, 40.006957536375879 ], [ 4.198826920041961, 40.007073244271204 ] ] ], [ [ [ 4.204461924050793, 40.014560143041102 ], [ 4.204257570352005, 40.013764961835577 ], [ 4.203682680984352, 40.014388034709278 ], [ 4.204461924050793, 40.014560143041102 ] ] ], [ [ [ 4.210633466914678, 40.014865171407905 ], [ 4.210917434256657, 40.014812654464393 ], [ 4.210646635401186, 40.014779439928049 ], [ 4.210633466914678, 40.014865171407905 ] ] ], [ [ [ 4.212986066788852, 40.014637854150344 ], [ 4.212079620870053, 40.014521214335481 ], [ 4.213407867902164, 40.015092906815404 ], [ 4.212986066788852, 40.014637854150344 ] ] ], [ [ [ 4.211971445105847, 40.016441333880543 ], [ 4.208263591639552, 40.014029513080445 ], [ 4.211977493113541, 40.018562947239246 ], [ 4.211971445105847, 40.016441333880543 ] ] ], [ [ [ 4.210692122990285, 40.020216061468794 ], [ 4.209352930284327, 40.017829098198604 ], [ 4.208992730485069, 40.021405061455809 ], [ 4.210692122990285, 40.020216061468794 ] ] ] ] } },
{ "type": "Feature", "properties": { "CPRO": "08" }, "geometry": { "type": "MultiPolygon", "coordinates": [ [ [ [ 2.119802315449397, 41.29206447690887 ], [ 1.645572604506396, 41.195622728666827 ], [ 1.641330449026575, 41.235357875981883 ], [ 1.624362257413391, 41.222930047244468 ], [ 1.583457621646328, 41.236068352092211 ], [ 1.570507394036984, 41.260724285361114 ], [ 1.620056348592824, 41.253691370506971 ], [ 1.637142757107528, 41.295943310139499 ], [ 1.612407923883494, 41.285152418927467 ], [ 1.588573842780731, 41.293552203946533 ], [ 1.595856947301124, 41.308837928164067 ], [ 1.559011144536602, 41.343136827748786 ], [ 1.578312601829152, 41.362446621168033 ], [ 1.537167714715559, 41.385349866452081 ], [ 1.509641564495832, 41.394430393531103 ], [ 1.473392254365516, 41.380749201639638 ], [ 1.490517769095441, 41.401474027580996 ], [ 1.475448459842637, 41.429443715789844 ], [ 1.495554271014038, 41.435599945383629 ], [ 1.468836972922757, 41.443954594781601 ], [ 1.484914950047537, 41.474913211648804 ], [ 1.396701228820542, 41.512884261230319 ], [ 1.409077002051245, 41.53491954956219 ], [ 1.448937642948583, 41.537063633257546 ], [ 1.431382555486373, 41.555652003684045 ], [ 1.454837636631149, 41.569177465189114 ], [ 1.42003646681442, 41.582597912724324 ], [ 1.393202471326972, 41.575083776595257 ], [ 1.406995096109946, 41.600468689059042 ], [ 1.359976427504453, 41.613529754900014 ], [ 1.450499771499532, 41.646555674090692 ], [ 1.400690386882984, 41.704393254405382 ], [ 1.382279104978048, 41.705747002730753 ], [ 1.425204992556837, 41.732766210190682 ], [ 1.40337998294416, 41.745294025471885 ], [ 1.426669622963227, 41.801868860976064 ], [ 1.47259459783962, 41.800221289317058 ], [ 1.468670402806025, 41.770985672359991 ], [ 1.484123624532592, 41.771642839671109 ], [ 1.482804286768781, 41.790998684768056 ], [ 1.505192059002945, 41.787878965710796 ], [ 1.531080368505021, 41.752554077938392 ], [ 1.572939952775555, 41.782179880784774 ], [ 1.593951559708639, 41.777918243654774 ], [ 1.589166970384135, 41.804716034192836 ], [ 1.630664118239392, 41.858770354087 ], [ 1.619479355922355, 41.881523705890707 ], [ 1.569286391681153, 41.880006962887677 ], [ 1.65336331055816, 41.928789450122785 ], [ 1.650424613833944, 41.979652597305588 ], [ 1.675649758426112, 41.982524020186368 ], [ 1.683104810355602, 41.967372581750922 ], [ 1.71958518713517, 41.98445827836143 ], [ 1.698099957539877, 42.014675019113646 ], [ 1.697795558680573, 41.985174101275724 ], [ 1.64821438489884, 42.000144255784292 ], [ 1.656214098793199, 42.020905393361453 ], [ 1.666324503645079, 42.003495383919258 ], [ 1.699644339125679, 42.028891077470952 ], [ 1.692836297846182, 42.046123669222638 ], [ 1.670593456848817, 42.044413007844319 ], [ 1.691655600750471, 42.087092558982619 ], [ 1.722411142884882, 42.091077087764376 ], [ 1.698915331447239, 42.135710467348147 ], [ 1.739427920088364, 42.176518415087763 ], [ 1.737713960010547, 42.189689325209514 ], [ 1.680771036659907, 42.206329866732517 ], [ 1.704560382418009, 42.236200018370901 ], [ 1.684945310671791, 42.256461275085023 ], [ 1.690501799848386, 42.277094519458643 ], [ 1.672250177518211, 42.283396578664643 ], [ 1.779355893418235, 42.290857191090204 ], [ 1.903482293514017, 42.323289938161921 ], [ 1.984190482369526, 42.298058579757956 ], [ 2.018879118751848, 42.310298087494459 ], [ 2.070258553998477, 42.291583407477049 ], [ 2.017070507115401, 42.232700482057737 ], [ 2.030546226794709, 42.21585846418597 ], [ 2.053656754855593, 42.219521226050418 ], [ 2.063907962859276, 42.19159989851785 ], [ 2.058132812293883, 42.175542002383843 ], [ 2.006297518685612, 42.161976747947101 ], [ 2.007660862297231, 42.194057928615898 ], [ 1.965570602344395, 42.199079923580143 ], [ 1.96625305582421, 42.178775380981691 ], [ 1.991851054337648, 42.182576790309326 ], [ 2.00434420946403, 42.149502942903169 ], [ 2.063596085799447, 42.134958424968303 ], [ 2.092800237164693, 42.144150284796872 ], [ 2.125911605209052, 42.112642555955411 ], [ 2.14505659950941, 42.131396147959329 ], [ 2.201427238208052, 42.124273896717455 ], [ 2.215481080160138, 42.142080548734022 ], [ 2.270381612363625, 42.145199900932923 ], [ 2.299909234141153, 42.134184679867857 ], [ 2.295280889659482, 42.10266484968944 ], [ 2.366384634721756, 42.121335655828354 ], [ 2.399896342803894, 42.102915000983501 ], [ 2.417561149081853, 42.064854594981938 ], [ 2.454963722394151, 42.077913373203124 ], [ 2.495762931246292, 42.060503556002431 ], [ 2.482577119313363, 42.049235163036862 ], [ 2.506519335128029, 42.032259089304013 ], [ 2.503694675640265, 42.009664183499581 ], [ 2.469138675721161, 41.993820499740515 ], [ 2.488381152510601, 41.984652864725682 ], [ 2.465572094076555, 41.966740157991978 ], [ 2.429460801261391, 41.968918241368797 ], [ 2.481536185230613, 41.916004010444077 ], [ 2.443054668579264, 41.887475592970958 ], [ 2.407475292462669, 41.895706603336826 ], [ 2.382964466512816, 41.871501483995374 ], [ 2.370022374043746, 41.885487123835276 ], [ 2.326028812706435, 41.879323172927137 ], [ 2.353291474478312, 41.807930068265676 ], [ 2.472531429325582, 41.789582362891679 ], [ 2.469503117662627, 41.777771880093752 ], [ 2.515964960357016, 41.762061584976742 ], [ 2.547604953455204, 41.718994715418347 ], [ 2.657951558959727, 41.747676535308628 ], [ 2.777215799072649, 41.735472606648486 ], [ 2.757847191432973, 41.679230221914246 ], [ 2.778726857633635, 41.648805662537249 ], [ 2.551472369377022, 41.578048845409313 ], [ 2.36941697087422, 41.490529644268157 ], [ 2.267678515514955, 41.459399234000415 ], [ 2.185415676260846, 41.357635185107334 ], [ 2.186125092104543, 41.380024163386693 ], [ 2.17820318276693, 41.373833007661979 ], [ 2.183546241250498, 41.363275243973476 ], [ 2.17318928600615, 41.317087685171479 ], [ 2.180373093749135, 41.365110413067235 ], [ 2.119802315449397, 41.29206447690887 ] ], [ [ 2.026429721724106, 41.328093748983996 ], [ 2.026428673459976, 41.328094697769579 ], [ 2.026429721724101, 41.328093748983996 ], [ 2.026429721724106, 41.328093748983996 ] ], [ [ 2.026105208670578, 41.327882201918165 ], [ 2.026188632722815, 41.327936585517591 ], [ 2.026105208670573, 41.327882201918172 ], [ 2.026105208670578, 41.327882201918165 ] ], [ [ 2.02951323472674, 41.324791900868775 ], [ 2.029544938345902, 41.324812893211785 ], [ 2.029544938345892, 41.324812893211785 ], [ 2.02951323472674, 41.324791900868775 ] ], [ [ 2.029778386303648, 41.324426302736683 ], [ 2.029778497565853, 41.324426119541357 ], [ 2.029770614334734, 41.324420611039471 ], [ 2.029778386303648, 41.324426302736683 ] ], [ [ 2.030669060097259, 41.323922405214127 ], [ 2.03041007470311, 41.323730098569115 ], [ 2.030410074703115, 41.323730098569108 ], [ 2.030669060097259, 41.323922405214127 ] ], [ [ 2.03110469842251, 41.323873191393858 ], [ 2.030146690252018, 41.323145152704399 ], [ 2.030563922463222, 41.32345830545438 ], [ 2.03110469842251, 41.323873191393858 ] ], [ [ 1.642852254062448, 41.31294397735099 ], [ 1.629325208280955, 41.310645270269887 ], [ 1.635681886013321, 41.309508175619662 ], [ 1.642852254062448, 41.31294397735099 ] ], [ [ 1.719108345295638, 41.882389083614378 ], [ 1.709745431366867, 41.897097682990022 ], [ 1.706333300964507, 41.889377925052244 ], [ 1.719108345295638, 41.882389083614378 ] ], [ [ 2.030145234811251, 42.121227377496062 ], [ 2.002889886230992, 42.125555296418341 ], [ 2.00790237249748, 42.107239873671666 ], [ 2.030145234811251, 42.121227377496062 ] ], [ [ 2.011424853848775, 41.337794543732834 ], [ 2.011424285866102, 41.337795158243388 ], [ 2.01142428586609, 41.337795158243381 ], [ 2.011424853848775, 41.337794543732834 ] ], [ [ 2.010823489918899, 41.337586742656967 ], [ 2.010823489918887, 41.337586742656967 ], [ 2.010797152349879, 41.337570439410918 ], [ 2.010823489918899, 41.337586742656967 ] ], [ [ 2.010174719282241, 41.337185138563044 ], [ 2.01017471928223, 41.337185138563044 ], [ 2.010174103912601, 41.33718475821221 ], [ 2.010174719282241, 41.337185138563044 ] ], [ [ 2.009972704346024, 41.33693063589034 ], [ 2.009339849065761, 41.333356936682492 ], [ 2.009589824124126, 41.33443541766534 ], [ 2.009972704346024, 41.33693063589034 ] ], [ [ 2.025740779082948, 41.321334057590008 ], [ 2.025378970701921, 41.321479063885114 ], [ 2.025378970701868, 41.321479063885114 ], [ 2.025665625383563, 41.321276400898505 ], [ 2.025740779082948, 41.321334057590008 ] ], [ [ 2.025848523176746, 41.321411417976712 ], [ 2.025845354318917, 41.321412182119985 ], [ 2.026049662425793, 41.321551217025814 ], [ 2.025848523176746, 41.321411417976712 ] ], [ [ 2.026928103218342, 41.321194664446693 ], [ 2.026265592521936, 41.321701295134964 ], [ 2.026265592521931, 41.321701295134964 ], [ 2.026928103218342, 41.321194664446693 ] ], [ [ 2.026928103218342, 41.321194664446693 ], [ 2.027186963114061, 41.321006921315146 ], [ 2.027191702264886, 41.321010505980915 ], [ 2.027228623510674, 41.320978946607397 ], [ 2.027191702264887, 41.321010505980929 ], [ 2.027186963114062, 41.32100692131516 ], [ 2.026935261839072, 41.321194186242394 ], [ 2.026928103218342, 41.321194664446693 ] ], [ [ 2.011425254171862, 41.337795633663923 ], [ 2.011425254171872, 41.337795633663923 ], [ 2.01145136729513, 41.337795590470336 ], [ 2.011425254171862, 41.337795633663923 ] ], [ [ 2.014119180778501, 41.325618524522987 ], [ 2.012608928123293, 41.325432174923797 ], [ 2.013036379886952, 41.325096877501743 ], [ 2.014119180778488, 41.325618524522966 ], [ 2.016549434657825, 41.322771737551683 ], [ 2.016565206670379, 41.322779862624259 ], [ 2.017581559725421, 41.323303462064594 ], [ 2.016549434657838, 41.322771737551705 ], [ 2.014119180778501, 41.325618524522987 ] ], [ [ 2.017984124529225, 41.323500849267759 ], [ 2.018213289098927, 41.323613113773824 ], [ 2.017581559725421, 41.323303462064594 ], [ 2.017984124529225, 41.323500849267759 ] ], [ [ 2.018189881423992, 41.323746075735805 ], [ 2.018198993279532, 41.323764324189803 ], [ 2.018192497324798, 41.32375238254771 ], [ 2.018189881423992, 41.323746075735805 ] ], [ [ 2.018173999128515, 41.323801457771289 ], [ 2.018195142388628, 41.323803988192019 ], [ 2.018173999128481, 41.323801457771324 ], [ 2.018173999128515, 41.323801457771289 ] ], [ [ 2.018401578774373, 41.32384280646211 ], [ 2.018311205210989, 41.32381817131197 ], [ 2.018486108645396, 41.323791469667086 ], [ 2.018401578774373, 41.32384280646211 ] ], [ [ 2.018549827013732, 41.323798212573315 ], [ 2.018640201810597, 41.323822847479761 ], [ 2.018498706941954, 41.323790918968136 ], [ 2.018549827013732, 41.323798212573315 ] ], [ [ 2.01895203896119, 41.323933086516909 ], [ 2.019057933420406, 41.323995156277988 ], [ 2.018874262225472, 41.32390790113061 ], [ 2.01895203896119, 41.323933086516909 ] ], [ [ 2.019186101251963, 41.324018138535273 ], [ 2.019253769181934, 41.324050285264839 ], [ 2.019057933420406, 41.323995156277988 ], [ 2.019186101251963, 41.324018138535273 ] ], [ [ 2.019587585079394, 41.324143513848966 ], [ 2.019587585079396, 41.324143513848995 ], [ 2.019383100948361, 41.324114339536976 ], [ 2.019587585079394, 41.324143513848966 ] ], [ [ 2.020217958816247, 41.322972529986707 ], [ 2.020184393966464, 41.322959955831791 ], [ 2.020323122015536, 41.323025102370487 ], [ 2.020217958816247, 41.322972529986707 ] ], [ [ 2.021628815084294, 41.322253362306334 ], [ 2.020019500281541, 41.322857336908577 ], [ 2.020089969286126, 41.322787556497786 ], [ 2.0206918902358, 41.322561137139701 ], [ 2.021628815084294, 41.322253362306334 ] ], [ [ 2.023244678275523, 41.321734834285451 ], [ 2.022181969327225, 41.321886140077318 ], [ 2.021809732141073, 41.322140635350117 ], [ 2.023244678275523, 41.321734834285451 ] ], [ [ 2.023537898781546, 41.321931631692692 ], [ 2.023537898781549, 41.321931631692728 ], [ 2.023414212982626, 41.321792994800973 ], [ 2.023537898781546, 41.321931631692692 ] ], [ [ 2.023879814705045, 41.321611757750091 ], [ 2.023940035399953, 41.321588157484577 ], [ 2.023549034277468, 41.321912087186242 ], [ 2.023879814705045, 41.321611757750091 ] ], [ [ 2.02421307354621, 41.321342226316737 ], [ 2.024574883879605, 41.321587090556861 ], [ 2.023940035399953, 41.321588157484577 ], [ 2.02421307354621, 41.321342226316737 ] ], [ [ 2.024571357528398, 41.321587625584826 ], [ 2.024568233848989, 41.321588094655638 ], [ 2.02456823384897, 41.321588094655617 ], [ 2.024571357528398, 41.321587625584826 ] ], [ [ 2.024897273529322, 41.321823127127672 ], [ 2.02538346353679, 41.321478567415134 ], [ 2.024736268645214, 41.321708121965266 ], [ 2.024897273529322, 41.321823127127672 ] ], [ [ 2.027234681785302, 41.320973758781989 ], [ 2.027234681785307, 41.320973758781982 ], [ 2.027252324039028, 41.320986970826176 ], [ 2.027234681785302, 41.320973758781989 ] ], [ [ 2.02740190153063, 41.321099759717654 ], [ 2.027450937381362, 41.321136264987665 ], [ 2.027342923382227, 41.321055205650708 ], [ 2.02740190153063, 41.321099759717654 ] ], [ [ 2.027511193254037, 41.321181112718961 ], [ 2.027712327130101, 41.321330152096927 ], [ 2.02748729713744, 41.321163330500148 ], [ 2.027511193254037, 41.321181112718961 ] ], [ [ 2.027712327130101, 41.321330152096927 ], [ 2.028176792589855, 41.32167538119792 ], [ 2.028533046406099, 41.321940012574743 ], [ 2.027712327130101, 41.321330152096927 ] ], [ [ 2.029000959211462, 41.32228760959967 ], [ 2.029124235958652, 41.322378994779328 ], [ 2.028822319850883, 41.322156018777925 ], [ 2.029000959211462, 41.32228760959967 ] ], [ [ 2.029602269455612, 41.322734476075937 ], [ 2.029694070292601, 41.322799560772431 ], [ 2.029392040029028, 41.322578335267707 ], [ 2.029602269455612, 41.322734476075937 ] ], [ [ 2.029694070292601, 41.322799560772431 ], [ 2.029961392849028, 41.323005559989006 ], [ 2.030063844678353, 41.323083142389592 ], [ 2.029694070292601, 41.322799560772431 ] ] ], [ [ [ 1.692036567403999, 42.112862673680524 ], [ 1.661314248557854, 42.106320632878472 ], [ 1.645234203415507, 42.112610403206048 ], [ 1.692036567403999, 42.112862673680524 ] ] ] ] } },
{ "type": "Feature", "properties": { "CPRO": "09" }, "geometry": { "type": "MultiPolygon", "coordinates": [ [ [ [ -3.928679507600038, 41.568733136620644 ], [ -3.98163115547567, 41.583660208108498 ], [ -4.005926465305394, 41.619361680221047 ], [ -4.035282633784926, 41.620623376846389 ], [ -4.0260362259007, 41.692382809678598 ], [ -4.07669991518036, 41.733566878094024 ], [ -4.055785591971757, 41.740686949095931 ], [ -4.037996696526925, 41.789854402988432 ], [ -4.090068012379388, 41.830866370352801 ], [ -4.088826777794834, 41.870651693541532 ], [ -4.03757559796047, 41.872773799920765 ], [ -3.9807001633364, 41.900617127705623 ], [ -3.981340833586857, 41.930703380589058 ], [ -3.952184240037104, 41.935307893821715 ], [ -3.929143945458973, 41.959364464414314 ], [ -3.891982374681009, 41.957938524563644 ], [ -3.891471348549756, 41.996644487785964 ], [ -4.032978804945639, 41.954082802323846 ], [ -4.014776617897083, 41.99858501513328 ], [ -3.971074312843234, 42.033215128434087 ], [ -3.981677774633285, 42.051048078888797 ], [ -4.039248873841133, 42.053351385031689 ], [ -4.047884255464979, 42.039051517846225 ], [ -4.07988765618941, 42.036782534795215 ], [ -4.104104866277203, 42.061625310496467 ], [ -4.103033895247083, 42.087047434468737 ], [ -4.077492125366946, 42.082681513439432 ], [ -4.056228461585151, 42.100911834046656 ], [ -4.103779140533552, 42.10968748067237 ], [ -4.120215294678077, 42.128126252864973 ], [ -4.142082708696435, 42.119625032290564 ], [ -4.151113287069105, 42.131306060615849 ], [ -4.205012210657658, 42.133607949458913 ], [ -4.188642779305727, 42.176378125784183 ], [ -4.231438189649334, 42.208448257467431 ], [ -4.228762445127252, 42.250373142908849 ], [ -4.28051763710351, 42.363785698451267 ], [ -4.272726720758298, 42.385720271490122 ], [ -4.321586243685561, 42.379899491019962 ], [ -4.33095411489746, 42.390949272661977 ], [ -4.335342448318207, 42.43061319150484 ], [ -4.317092181851897, 42.458930723463475 ], [ -4.242593178003451, 42.456240776186213 ], [ -4.247041681249028, 42.494718492215029 ], [ -4.286203153220399, 42.511972923747805 ], [ -4.277691331481836, 42.544686256994652 ], [ -4.303330806361639, 42.555357393855381 ], [ -4.305345956547399, 42.570806134218017 ], [ -4.270811870553962, 42.581388465234006 ], [ -4.293898460338303, 42.605256029939525 ], [ -4.263873393352487, 42.617955927372726 ], [ -4.293171867771367, 42.690898990668337 ], [ -4.266693568373385, 42.705297808419601 ], [ -4.257042794536924, 42.688113243031047 ], [ -4.14497085884818, 42.752517272797732 ], [ -4.109555817982349, 42.733881767694307 ], [ -4.08525969382266, 42.764085074847507 ], [ -3.990660940893524, 42.770983987150487 ], [ -3.965691685039747, 42.758598153324719 ], [ -3.930586343344509, 42.774485986136391 ], [ -3.910950568181354, 42.768384761804093 ], [ -3.894444029258404, 42.804536677492976 ], [ -3.863373190546618, 42.786457642153032 ], [ -3.822911471519411, 42.799065518850114 ], [ -3.826740708284622, 42.870856105078417 ], [ -3.863734146890954, 42.889809764282283 ], [ -3.880187252293193, 42.851385072817806 ], [ -3.914830268392467, 42.860083252650035 ], [ -3.897471037330801, 42.880284292243346 ], [ -3.924347266726013, 42.889220187135415 ], [ -3.892932104556402, 42.887361835323581 ], [ -3.910582383665394, 42.910924838881833 ], [ -3.907817383573424, 42.914521851871228 ], [ -3.868603496783789, 42.899075394192963 ], [ -3.833544872898258, 42.917985419882974 ], [ -3.839537737521083, 42.939779284140108 ], [ -3.867093430560351, 42.954828917701349 ], [ -3.887382192597636, 42.948766383117707 ], [ -3.891276013082328, 42.925484833506196 ], [ -3.933541735033873, 42.899600832491259 ], [ -3.929985704980421, 42.914848553577265 ], [ -3.974616367058811, 42.912352785394155 ], [ -3.987169918461041, 42.940539711404099 ], [ -3.945464106004854, 43.005772674432841 ], [ -3.909260646386863, 43.016096941499498 ], [ -3.890745437883862, 43.041825349577906 ], [ -3.850784930156813, 43.039247142108046 ], [ -3.831768397292393, 43.063826016242501 ], [ -3.846960842463602, 43.084399168881603 ], [ -3.764568631623772, 43.08103354165727 ], [ -3.754881423066744, 43.100548236025361 ], [ -3.704676697896664, 43.116274704138668 ], [ -3.651753993329915, 43.180792499712446 ], [ -3.61244982249666, 43.169518597321627 ], [ -3.603544256414745, 43.149637872897436 ], [ -3.444757340087616, 43.131534419008574 ], [ -3.388867644498852, 43.140004176675241 ], [ -3.253414384368271, 43.198581063737194 ], [ -3.224090568906325, 43.170132935239899 ], [ -3.157971648444414, 43.17803168350045 ], [ -3.141349234952719, 43.161538894554965 ], [ -3.181784354118885, 43.120879270140293 ], [ -3.133938887914332, 43.097235088031091 ], [ -3.158185576930537, 43.074016827630871 ], [ -3.140310027178651, 43.067151265169308 ], [ -3.141858608231606, 43.029814915187444 ], [ -3.177800924081637, 43.021984719042543 ], [ -3.144788041718997, 43.006839612386493 ], [ -3.060256255709477, 43.003510674926666 ], [ -3.041474733531227, 42.969921047032372 ], [ -2.981262534594308, 42.939119941473813 ], [ -3.018906522633553, 42.908511809612811 ], [ -3.092102006478059, 42.898778539898998 ], [ -3.149273293360619, 42.917062285187086 ], [ -3.144731581242007, 42.934682161409235 ], [ -3.224729752495476, 42.949690971158752 ], [ -3.286767960025228, 42.885147510744176 ], [ -3.216970568753247, 42.826514250501795 ], [ -3.190687534492464, 42.86946232732177 ], [ -3.158750086635936, 42.8565883533294 ], [ -3.114940595976175, 42.889248624021498 ], [ -3.113150777599018, 42.861063856725046 ], [ -3.159229906948402, 42.804590651253385 ], [ -3.123255896494353, 42.789325573028364 ], [ -3.147914335356985, 42.756696611814135 ], [ -3.049654953755891, 42.765605913906484 ], [ -3.042011238673285, 42.739519837506386 ], [ -3.016957828630164, 42.741083997341306 ], [ -2.980635427017455, 42.703818001833028 ], [ -2.931362026188001, 42.70840043280748 ], [ -2.902502496205179, 42.693600882415105 ], [ -2.896060855185431, 42.655032709757656 ], [ -2.85638626331832, 42.637462571369035 ], [ -2.880277304195427, 42.618836652798308 ], [ -2.920494967188706, 42.62046136148588 ], [ -2.946451381276792, 42.639316862996296 ], [ -3.084152289347575, 42.640686850634232 ], [ -3.059830627423194, 42.58918869585883 ], [ -3.134271282802743, 42.542052849033091 ], [ -3.072571439668551, 42.52892312775225 ], [ -3.094695194446613, 42.488074290688552 ], [ -3.046003849864355, 42.445154004351203 ], [ -3.063299248593491, 42.424909437171067 ], [ -3.056880669497327, 42.370272948247667 ], [ -3.082652007998687, 42.397383820145315 ], [ -3.078178931510073, 42.415750303067078 ], [ -3.101346348607752, 42.416777114883736 ], [ -3.105270227645418, 42.386369081498557 ], [ -3.084810900563728, 42.385386135956757 ], [ -3.063462080473364, 42.356697390870835 ], [ -3.109668330503149, 42.351448382742589 ], [ -3.088589314866535, 42.245725120429022 ], [ -3.12906303588766, 42.197647663825229 ], [ -3.034373721628012, 42.085963360252435 ], [ -2.931176593789524, 42.086775561357278 ], [ -2.913624362735741, 42.022852187951344 ], [ -2.950524972282145, 41.993899479799452 ], [ -2.970791314478799, 41.929272919505884 ], [ -3.008071801345928, 41.92222374751352 ], [ -3.016770324219278, 41.886906214186993 ], [ -3.075451504393312, 41.883117279733099 ], [ -3.099385383456651, 41.913002441370423 ], [ -3.102927556283167, 41.888662179339022 ], [ -3.120230848418474, 41.898733245635327 ], [ -3.126082856354745, 41.901402020323083 ], [ -3.097166511207146, 41.881056218372422 ], [ -3.097160566502145, 41.861384714363254 ], [ -3.171351775135594, 41.793014534359884 ], [ -3.194496740157036, 41.828925286828571 ], [ -3.234388083222847, 41.840641279138332 ], [ -3.243341475138038, 41.863996242147564 ], [ -3.283757336967145, 41.883809430131031 ], [ -3.275453705459209, 41.768673224013369 ], [ -3.3543871584579, 41.737256574578637 ], [ -3.358401246706471, 41.693424550441762 ], [ -3.39340237157419, 41.690617269922157 ], [ -3.459162649737828, 41.589630143557642 ], [ -3.529154102532307, 41.612623225604551 ], [ -3.550441833869678, 41.596581411973254 ], [ -3.541571921622376, 41.577600412482276 ], [ -3.566519496830399, 41.579948826095013 ], [ -3.57262901851343, 41.565390351127455 ], [ -3.616840710181586, 41.577151592482501 ], [ -3.661051662568553, 41.566072000934156 ], [ -3.728307884759779, 41.517633108563722 ], [ -3.739484330785967, 41.4507825974719 ], [ -3.769753623377532, 41.460150379195987 ], [ -3.766191113887622, 41.537924346555329 ], [ -3.799114644714034, 41.521623425400691 ], [ -3.842193853379108, 41.523739955128306 ], [ -3.842277726263852, 41.500617812054529 ], [ -3.928679507600038, 41.568733136620644 ] ], [ [ -3.699417212206873, 42.428940379923418 ], [ -3.69410934282211, 42.426054713996969 ], [ -3.690410902762328, 42.430219713789164 ], [ -3.699417212206873, 42.428940379923418 ] ], [ [ -3.668167584361272, 41.896245578149973 ], [ -3.682113629406556, 41.893813069401631 ], [ -3.681052561648346, 41.892657450329175 ], [ -3.668167584361272, 41.896245578149973 ] ], [ [ -4.035418517328693, 42.101509360168365 ], [ -4.027620714378784, 42.087844195622836 ], [ -4.031935315130924, 42.078635632095775 ], [ -4.024729791978177, 42.086085095588537 ], [ -4.035418517328693, 42.101509360168365 ] ], [ [ -4.111843367088355, 42.158576739394618 ], [ -4.062137258450218, 42.131578234126756 ], [ -4.065637354612324, 42.163499953107639 ], [ -4.111843367088355, 42.158576739394618 ] ], [ [ -3.832280896950211, 42.325169731181134 ], [ -3.822309251940497, 42.331131596944132 ], [ -3.830029517214363, 42.336713745563678 ], [ -3.832280896950211, 42.325169731181134 ] ], [ [ -3.85725040145504, 42.346942539375647 ], [ -3.843513105163925, 42.351952639554298 ], [ -3.860697428154748, 42.35399543717881 ], [ -3.85725040145504, 42.346942539375647 ] ], [ [ -3.318315500431936, 42.09315615321534 ], [ -3.386933558284496, 42.052253542301756 ], [ -3.410394921941277, 42.056810591837781 ], [ -3.379835889036691, 42.039388512175272 ], [ -3.360069238825776, 42.065085319415282 ], [ -3.321089341664861, 42.031551521966087 ], [ -3.296807070968521, 42.041929518932179 ], [ -3.248965898754395, 42.021705701699311 ], [ -3.245920070249287, 42.00859826914008 ], [ -3.266421344000296, 42.001779464662448 ], [ -3.321465576934796, 42.015085990186712 ], [ -3.287118625847818, 41.945418267474651 ], [ -3.255685990802209, 41.950203126617026 ], [ -3.242047380275866, 41.968093439182496 ], [ -3.255935959889862, 41.985599894596589 ], [ -3.243283337744456, 42.004343621967116 ], [ -3.209373701029734, 41.996367248093378 ], [ -3.224244364152427, 41.967526050201577 ], [ -3.123640678688487, 41.991681866220439 ], [ -3.096819102599523, 42.018809344437898 ], [ -3.057859903725884, 42.023870436018591 ], [ -3.162147907543389, 42.075712234629172 ], [ -3.20524356921851, 42.067744475071834 ], [ -3.26795764483765, 42.080332846125387 ], [ -3.321798147726148, 42.057164808336452 ], [ -3.340781825880265, 42.067999244259191 ], [ -3.318315500431936, 42.09315615321534 ] ], [ [ -3.379994622333148, 42.023409919106243 ], [ -3.381847951572152, 42.010127765610505 ], [ -3.375170506774001, 42.004106133924431 ], [ -3.357533268111106, 42.015808194431273 ], [ -3.379994622333148, 42.023409919106243 ] ], [ [ -3.332998684845967, 41.889522973654692 ], [ -3.356885530792684, 41.86493394924787 ], [ -3.347392388222941, 41.856352248045958 ], [ -3.315136702675556, 41.884997721368549 ], [ -3.332998684845967, 41.889522973654692 ] ], [ [ -3.566970159307404, 42.181317591535837 ], [ -3.571759994766518, 42.173989696694818 ], [ -3.565704746312551, 42.18063936485062 ], [ -3.566970159307404, 42.181317591535837 ] ], [ [ -3.560963354807747, 42.031505404905261 ], [ -3.563024616013532, 42.01865178366198 ], [ -3.516412501144496, 41.992975716715428 ], [ -3.466543560467577, 42.008743461175364 ], [ -3.470977347259067, 42.022100439345138 ], [ -3.560963354807747, 42.031505404905261 ] ], [ [ -3.694144799151995, 42.434781201281233 ], [ -3.710632334179937, 42.448909553449546 ], [ -3.696326375882963, 42.43416456726932 ], [ -3.694144799151995, 42.434781201281233 ] ], [ [ -3.619792803943372, 42.059772946502882 ], [ -3.623258178992527, 42.035922625484815 ], [ -3.600791204839839, 42.031277501872154 ], [ -3.600942006431767, 42.063988876484473 ], [ -3.619792803943372, 42.059772946502882 ] ], [ [ -3.452009164413989, 42.060779523600225 ], [ -3.417711431228422, 42.079715234281906 ], [ -3.43736923620046, 42.100834645437004 ], [ -3.466660544260401, 42.071078599268368 ], [ -3.452009164413989, 42.060779523600225 ] ], [ [ -3.490867546568574, 42.195915804572422 ], [ -3.487037073839055, 42.211305900401157 ], [ -3.498765758839539, 42.200691183005823 ], [ -3.490867546568574, 42.195915804572422 ] ], [ [ -3.232449294826977, 41.960439306431752 ], [ -3.233125066435896, 41.9538177945333 ], [ -3.22876860338431, 41.960383604655817 ], [ -3.232449294826977, 41.960439306431752 ] ], [ [ -3.344355577083522, 41.970768898744197 ], [ -3.323582392516296, 41.965560177010019 ], [ -3.318199139570044, 41.972672646270773 ], [ -3.329098590800838, 41.977496713359059 ], [ -3.344355577083522, 41.970768898744197 ] ], [ [ -3.275726552676132, 42.129634491935377 ], [ -3.249703797171072, 42.114851231348325 ], [ -3.260827412005483, 42.137297757084099 ], [ -3.242222300028289, 42.157990198820798 ], [ -3.214524841457948, 42.139338810974223 ], [ -3.241813680060397, 42.165169160272342 ], [ -3.280203849338859, 42.173845274392555 ], [ -3.275726552676132, 42.129634491935377 ] ], [ [ -3.282700519636703, 42.127987393108775 ], [ -3.304780535765395, 42.105063543782329 ], [ -3.302913517401477, 42.09902500736159 ], [ -3.282263492807462, 42.116703352659343 ], [ -3.282700519636703, 42.127987393108775 ] ], [ [ -3.370814837152332, 42.154576244478108 ], [ -3.346877527944029, 42.162081298432199 ], [ -3.381859025750761, 42.167563354688234 ], [ -3.370814837152332, 42.154576244478108 ] ], [ [ -3.192092544576981, 42.128282468157863 ], [ -3.19066707336282, 42.133076293328841 ], [ -3.199948259639904, 42.129403904202043 ], [ -3.192092544576981, 42.128282468157863 ] ], [ [ -3.06530184741112, 41.976850599353327 ], [ -3.061037566328475, 41.986012983845292 ], [ -3.064308046374664, 41.99726982078073 ], [ -3.066818652982945, 41.996538819457989 ], [ -3.06530184741112, 41.976850599353327 ] ], [ [ -3.054713865226619, 41.959427718337906 ], [ -3.049015855208992, 41.95610667694109 ], [ -3.04762908927629, 41.957287217717365 ], [ -3.054713865226619, 41.959427718337906 ] ], [ [ -3.028407297930984, 41.956996379311519 ], [ -2.997155133906831, 41.959548893619662 ], [ -3.010829307299774, 41.975301535367493 ], [ -3.028407297930984, 41.956996379311519 ] ], [ [ -3.114528651166455, 42.420574428377989 ], [ -3.114046632168305, 42.422934456116515 ], [ -3.115429573549438, 42.421393094425163 ], [ -3.114528651166455, 42.420574428377989 ] ], [ [ -3.103361899638765, 42.415460435937405 ], [ -3.102231308998037, 42.415326387483105 ], [ -3.102780241940644, 42.416568724362229 ], [ -3.103361899638765, 42.415460435937405 ] ], [ [ -3.089576987376369, 42.422568634115571 ], [ -3.088755731151811, 42.426342815758254 ], [ -3.091644699007282, 42.423449641797596 ], [ -3.089576987376369, 42.422568634115571 ] ] ], [ [ [ -4.251332640593785, 42.726548872398276 ], [ -4.260633373983401, 42.738892650925003 ], [ -4.245059700560865, 42.735974131375464 ], [ -4.251332640593785, 42.726548872398276 ] ] ], [ [ [ -3.834153669847978, 41.499641043721127 ], [ -3.803954479840107, 41.496243534019918 ], [ -3.787642680345502, 41.485862557931419 ], [ -3.823878803677756, 41.481132810044166 ], [ -3.834153669847978, 41.499641043721127 ] ] ], [ [ [ -3.265061603671701, 41.976680345274502 ], [ -3.292079279827654, 41.967076595287352 ], [ -3.296591222780433, 41.99277981384769 ], [ -3.276225217371014, 41.995955929782347 ], [ -3.265061603671701, 41.976680345274502 ] ] ], [ [ [ -3.277994277127121, 42.053000852183892 ], [ -3.258063404917941, 42.034241067744425 ], [ -3.28419202455292, 42.044456242524674 ], [ -3.277994277127121, 42.053000852183892 ] ] ], [ [ [ -3.243463385371546, 42.04851261941262 ], [ -3.254724440963431, 42.048245105654914 ], [ -3.253249852630626, 42.051211543579612 ], [ -3.243463385371546, 42.04851261941262 ] ] ], [ [ [ -3.255323980490493, 42.056169691128083 ], [ -3.247821356661631, 42.05988784734258 ], [ -3.249355477920883, 42.053480755371588 ], [ -3.255323980490493, 42.056169691128083 ] ] ], [ [ [ -3.261477766265644, 42.071530300033324 ], [ -3.277899932618212, 42.067429781876619 ], [ -3.263186771725007, 42.075579391534021 ], [ -3.261477766265644, 42.071530300033324 ] ] ], [ [ [ -3.17895217496616, 42.062960840054089 ], [ -3.174007146671744, 42.040055311367659 ], [ -3.211815049187552, 42.051889804100043 ], [ -3.17895217496616, 42.062960840054089 ] ] ], [ [ [ -2.939177798749276, 42.594293130310369 ], [ -2.934500477477598, 42.614076243668052 ], [ -2.922629318281301, 42.600830189584244 ], [ -2.939177798749276, 42.594293130310369 ] ] ], [ [ [ -2.986248058043284, 42.607052229708501 ], [ -2.994524981386316, 42.615491435688966 ], [ -2.985222086132698, 42.6142206856684 ], [ -2.986248058043284, 42.607052229708501 ] ] ], [ [ [ -2.572622464357886, 42.724779428447661 ], [ -2.609045338184635, 42.695869522300512 ], [ -2.577766059600117, 42.668211692368338 ], [ -2.523058014694604, 42.684245730581068 ], [ -2.517395453111316, 42.646331749562087 ], [ -2.634850624527383, 42.647794601197788 ], [ -2.659174898665637, 42.672455633452941 ], [ -2.767833551984472, 42.666002166789582 ], [ -2.784503823323677, 42.698941039244296 ], [ -2.868464605126, 42.739918473791136 ], [ -2.835473950188787, 42.796267933957566 ], [ -2.826258806567985, 42.785303629456173 ], [ -2.731552437403203, 42.794453966557356 ], [ -2.642696980297814, 42.764573005343806 ], [ -2.602672045350108, 42.770082276762352 ], [ -2.589365486459463, 42.750322093883319 ], [ -2.558196881532377, 42.762579066204466 ], [ -2.572622464357886, 42.724779428447661 ] ] ] ] } },
{ "type": "Feature", "properties": { "CPRO": "10" }, "geometry": { "type": "Polygon", "coordinates": [ [ [ -6.31994316800357, 39.184604528348963 ], [ -6.379426623738894, 39.162767222596699 ], [ -6.540687763628579, 39.181692504030295 ], [ -6.539002931208099, 39.155270093241114 ], [ -6.574583768945928, 39.158354516958603 ], [ -6.580427154608809, 39.179791576752777 ], [ -6.633697204870426, 39.196839504517548 ], [ -6.660066576139016, 39.199066376183531 ], [ -6.681332481251646, 39.177147452511477 ], [ -6.767833153354618, 39.188366380894934 ], [ -6.801190142690844, 39.239413713786796 ], [ -6.761506526739411, 39.27660609990766 ], [ -6.747077567208186, 39.321746914856078 ], [ -6.797338546183362, 39.344506468784978 ], [ -6.802402598960273, 39.389492333177493 ], [ -6.883557518035436, 39.382754761542394 ], [ -7.049384808456536, 39.436672694087996 ], [ -7.067025197447077, 39.41429732161329 ], [ -7.009266925907123, 39.38848469581108 ], [ -7.04424065954194, 39.326799071117726 ], [ -7.079899245646879, 39.311387674526834 ], [ -7.103375904614626, 39.354556502537818 ], [ -7.079457309343678, 39.351408925389237 ], [ -7.063302006387266, 39.372266065840662 ], [ -7.12606937299565, 39.381167490431601 ], [ -7.161561650295986, 39.361331133948653 ], [ -7.178139242594064, 39.330782172601921 ], [ -7.152353508139445, 39.321475410295541 ], [ -7.204190147657865, 39.265693471076148 ], [ -7.310538587561387, 39.340954019775545 ], [ -7.323483928909276, 39.381935258147323 ], [ -7.296498971112239, 39.45889960445232 ], [ -7.381270602730517, 39.491807110858524 ], [ -7.391120653333983, 39.529878918287508 ], [ -7.429745226147818, 39.534507330422478 ], [ -7.460881679608439, 39.572631167344561 ], [ -7.495893559535875, 39.586444128888495 ], [ -7.545028241359996, 39.66348490596355 ], [ -7.45283475155947, 39.663217509494729 ], [ -7.332840870221809, 39.641171053523401 ], [ -7.250138996966416, 39.667196006812013 ], [ -7.149301252120869, 39.652899728189546 ], [ -7.015341121342399, 39.670791279038106 ], [ -6.976715806652077, 39.77270252056524 ], [ -6.986907165337568, 39.810096771930183 ], [ -6.903867253415972, 39.871300012626833 ], [ -6.909277398468498, 39.919147300279043 ], [ -6.886107506052616, 39.940434434152962 ], [ -6.88597421853109, 39.980399062463889 ], [ -6.864088426546409, 40.012448872935728 ], [ -6.941982800735286, 40.11286415362639 ], [ -6.99378408932795, 40.112716809298313 ], [ -7.0122467301455, 40.126865087383976 ], [ -7.029221211146396, 40.185306974376395 ], [ -7.012512892883215, 40.226476588232948 ], [ -6.964906703240686, 40.237575479297618 ], [ -6.950892596691505, 40.258246230259552 ], [ -6.908182804137694, 40.254916509305438 ], [ -6.865185936548129, 40.270406312320198 ], [ -6.834524871217557, 40.247579344211864 ], [ -6.755603813034719, 40.23892271479027 ], [ -6.718575766076909, 40.269200555942305 ], [ -6.690137182726422, 40.242661899232502 ], [ -6.671752661994966, 40.263232078910448 ], [ -6.587021521121359, 40.270721064757723 ], [ -6.556175035016004, 40.290776887648278 ], [ -6.560409863232495, 40.329049004618781 ], [ -6.53628366445354, 40.347244336504644 ], [ -6.438606384465873, 40.372813300438374 ], [ -6.419168736763072, 40.39928723771402 ], [ -6.370565083103201, 40.402418534487381 ], [ -6.3446430530189, 40.442774933851098 ], [ -6.275325838371645, 40.458515368264912 ], [ -6.239935117177333, 40.485858455074855 ], [ -6.199094420976438, 40.481836765268881 ], [ -6.147015607403688, 40.436117719384185 ], [ -6.116125569849383, 40.441584902338874 ], [ -6.129483265036754, 40.420787155430091 ], [ -6.064958333219652, 40.396604482241948 ], [ -6.085165708195539, 40.390491207846402 ], [ -6.072155356928139, 40.387001023694545 ], [ -6.08237785282303, 40.363211478167862 ], [ -6.105715195454026, 40.356794983090872 ], [ -6.016016375825617, 40.340292186003111 ], [ -6.005938976249702, 40.305805063682229 ], [ -5.937782024729784, 40.281066645803371 ], [ -5.917173137752974, 40.277697305059263 ], [ -5.884243955063625, 40.326604577747709 ], [ -5.854976965349418, 40.338374046889761 ], [ -5.847126740879395, 40.328047080574969 ], [ -5.799335852990341, 40.353750390518528 ], [ -5.781990583333756, 40.312455616073429 ], [ -5.802733677106661, 40.297632863274124 ], [ -5.79314268044519, 40.286704650674366 ], [ -5.692660875911185, 40.292105549824306 ], [ -5.649198436922418, 40.249719603597434 ], [ -5.621999642539198, 40.245880505102946 ], [ -5.614519521092168, 40.218297212488963 ], [ -5.548114698234666, 40.197241774219201 ], [ -5.47091024231479, 40.207852564981756 ], [ -5.42909654512377, 40.252606387784709 ], [ -5.343739031013253, 40.264428440772313 ], [ -5.369669321914154, 40.218311318186821 ], [ -5.367994550001416, 40.164108451946618 ], [ -5.335976255374979, 40.11581719811138 ], [ -5.369010605135095, 40.100084709188565 ], [ -5.365144820061959, 39.982918579174694 ], [ -5.406109281737892, 39.877729915325624 ], [ -5.323612561153391, 39.891726572808658 ], [ -5.284048436214117, 39.86387415053192 ], [ -5.31258759737399, 39.82427425052515 ], [ -5.308078803921771, 39.760024068154401 ], [ -5.25482309466391, 39.752341548672376 ], [ -5.206464957979348, 39.797558449768381 ], [ -5.166899009469645, 39.799880783363058 ], [ -5.15845885955313, 39.759660410359935 ], [ -5.173964353000761, 39.751253881758309 ], [ -5.137794723231941, 39.714998144416668 ], [ -5.161765483259648, 39.642436823795705 ], [ -5.206625971728543, 39.59723224652992 ], [ -4.952512233468267, 39.394992867504897 ], [ -4.974637529690873, 39.394331043147076 ], [ -4.984181187442908, 39.371743426627525 ], [ -5.008884581168214, 39.378274986220063 ], [ -5.053834640250368, 39.362425944166908 ], [ -5.089869923270287, 39.390362949467118 ], [ -5.113584952245154, 39.387465879590565 ], [ -5.123546235534281, 39.336497262891683 ], [ -5.247620224914278, 39.301823471706875 ], [ -5.340011160625814, 39.333310912460078 ], [ -5.34715490058364, 39.239163086410599 ], [ -5.384313704907122, 39.173900794955252 ], [ -5.413806604482385, 39.156653136954375 ], [ -5.459841107632922, 39.158366202845372 ], [ -5.514578126421285, 39.209712766415251 ], [ -5.528144629762806, 39.191472611147383 ], [ -5.55101297900065, 39.215875424648829 ], [ -5.613244252588391, 39.188215733459124 ], [ -5.576561292777387, 39.150906029884688 ], [ -5.601118584287302, 39.133747238910431 ], [ -5.586929000717829, 39.113630167996405 ], [ -5.610093545806966, 39.099239300207586 ], [ -5.645935543237359, 39.10232292143489 ], [ -5.670919669862573, 39.08081558433495 ], [ -5.755177025767941, 39.132296057308075 ], [ -5.810366639630245, 39.144581478614562 ], [ -5.833449958022336, 39.110328991773841 ], [ -5.924695058403258, 39.083183103874845 ], [ -5.942288783588374, 39.108514214684064 ], [ -6.009307155038369, 39.052525154069329 ], [ -6.01893435071517, 39.129119112398939 ], [ -6.142426977693723, 39.031578816244433 ], [ -6.161877903298792, 39.05724111123611 ], [ -6.203472889941829, 39.056498736376874 ], [ -6.231184614019599, 39.089795673794306 ], [ -6.312265805311056, 39.112143604198621 ], [ -6.31994316800357, 39.184604528348963 ] ] ] } },
{ "type": "Feature", "properties": { "CPRO": "11" }, "geometry": { "type": "MultiPolygon", "coordinates": [ [ [ [ -6.306143433365401, 36.52820071694206 ], [ -6.285845133762034, 36.543216007450262 ], [ -6.281175894094315, 36.528926644948385 ], [ -6.276908135481265, 36.540758673424563 ], [ -6.268798240976887, 36.531681683302956 ], [ -6.282003974879972, 36.527493591353945 ], [ -6.254420257993761, 36.500598427915413 ], [ -6.266363662698596, 36.488413084533875 ], [ -6.234307715003264, 36.463045452246192 ], [ -6.17121282715141, 36.512692636238349 ], [ -6.200529193932256, 36.528724711813943 ], [ -6.207866288801588, 36.509576389438074 ], [ -6.242060690103067, 36.506191554521308 ], [ -6.257971287335053, 36.529187401322368 ], [ -6.22911654142048, 36.525070252357793 ], [ -6.232816375181732, 36.584913541457688 ], [ -6.249381665884892, 36.572279674983491 ], [ -6.23821727967466, 36.584478561996697 ], [ -6.265931907115569, 36.579829114812149 ], [ -6.299818398780249, 36.617858936292912 ], [ -6.320099309088823, 36.611969633393549 ], [ -6.311241300898406, 36.61783912670537 ], [ -6.330144455110528, 36.624367286749255 ], [ -6.326166983959171, 36.610376560684493 ], [ -6.337360644350447, 36.625282504289693 ], [ -6.353715798626251, 36.614208185121448 ], [ -6.388263120629195, 36.628989399450106 ], [ -6.439976594716366, 36.720619002714976 ], [ -6.44267764898257, 36.738245848145844 ], [ -6.429334414589889, 36.748831147724466 ], [ -6.342666233954158, 36.794412664502651 ], [ -6.353558079518184, 36.851386055289829 ], [ -6.336047010733899, 36.897065277092047 ], [ -6.278292459026614, 36.910846096585232 ], [ -6.253799863409908, 36.89390555846277 ], [ -6.156153465925648, 36.885647157337409 ], [ -6.104446760385311, 36.857255980169661 ], [ -5.891054566107087, 36.842191960673155 ], [ -5.876519563345371, 36.894711998670282 ], [ -5.845507350250638, 36.915212076004373 ], [ -5.713767667878182, 36.920386019916137 ], [ -5.667567705234513, 36.975989859658981 ], [ -5.618087919423464, 36.940160923361404 ], [ -5.587108971267714, 36.947013046850103 ], [ -5.583404089223165, 36.915092223954645 ], [ -5.533822098400512, 36.89344984066539 ], [ -5.546117031462102, 36.930181487724056 ], [ -5.469733350562083, 36.983947809907121 ], [ -5.510987106596335, 37.033603282733075 ], [ -5.433688238525469, 37.052445193261811 ], [ -5.420108714227418, 37.013214034339562 ], [ -5.460288368007357, 36.975303071127271 ], [ -5.438950981392598, 36.935287714313816 ], [ -5.412850045131596, 36.940660565015008 ], [ -5.392392006913937, 36.973284266285205 ], [ -5.302104957740244, 37.037362874829405 ], [ -5.300223502107729, 37.013742032339131 ], [ -5.235018549738403, 36.941184558262684 ], [ -5.142380776041453, 37.00386266563477 ], [ -5.095579016746451, 36.968295743747454 ], [ -5.110113149607848, 36.959332031183493 ], [ -5.086767370611815, 36.905090599834857 ], [ -5.10508435504104, 36.897935730825608 ], [ -5.134078749689452, 36.838564274292104 ], [ -5.186668830366869, 36.827964775680407 ], [ -5.269775582129625, 36.884214704526471 ], [ -5.332508078550767, 36.838603899269224 ], [ -5.340713162652526, 36.819419833675667 ], [ -5.320034917526928, 36.786964825843384 ], [ -5.290953793892214, 36.775180948010934 ], [ -5.324993428553864, 36.724194182977818 ], [ -5.324029772557163, 36.673340515140275 ], [ -5.380718610083333, 36.631780571402061 ], [ -5.455913689929469, 36.619583422004276 ], [ -5.460816272883123, 36.588785481325871 ], [ -5.523325164144095, 36.531123703394634 ], [ -5.595123044697343, 36.550914859816899 ], [ -5.611777083249978, 36.541601901939401 ], [ -5.608290803002988, 36.512288872692835 ], [ -5.524249967074919, 36.497712916698156 ], [ -5.49239501477417, 36.536469724876319 ], [ -5.429323547767453, 36.533156780777645 ], [ -5.347154564957846, 36.418645652454408 ], [ -5.320083986153013, 36.325068974351915 ], [ -5.277829947328012, 36.337120972635496 ], [ -5.252364674970102, 36.311257402370344 ], [ -5.317046289438518, 36.229189620363904 ], [ -5.339178912102072, 36.152017489032822 ], [ -5.365031045790605, 36.155015744103821 ], [ -5.352152076242529, 36.156215958196356 ], [ -5.390087900747412, 36.180801282585882 ], [ -5.439632583949101, 36.163351885924911 ], [ -5.447264386970969, 36.138657970005035 ], [ -5.443107920063613, 36.128762877202412 ], [ -5.435682682202029, 36.145693973629527 ], [ -5.442867069971689, 36.127739893343197 ], [ -5.440665569645295, 36.124023229105944 ], [ -5.42989732192941, 36.143643928565609 ], [ -5.443276292085537, 36.118183714766403 ], [ -5.431138909138308, 36.105999318918954 ], [ -5.443526666779327, 36.089541422783483 ], [ -5.424010176478196, 36.079168286582217 ], [ -5.464528421079968, 36.050264920990891 ], [ -5.486940313079438, 36.054218540383886 ], [ -5.611079996560367, 36.000131689654758 ], [ -5.652499963223854, 36.053156263233532 ], [ -5.689288907416517, 36.067360768646182 ], [ -5.723816655513898, 36.060055638327185 ], [ -5.776338738065862, 36.087762635895778 ], [ -5.797243746921369, 36.078272788492711 ], [ -5.914900345981051, 36.184766806666282 ], [ -6.03428281657862, 36.181013161603801 ], [ -6.103075472134075, 36.284110531231519 ], [ -6.151396746752542, 36.306521116051648 ], [ -6.182206716545449, 36.368568469657376 ], [ -6.218750615089124, 36.392549907979529 ], [ -6.288904127878366, 36.523442091954031 ], [ -6.306143433365401, 36.52820071694206 ] ], [ [ -6.29015302675472, 36.537753483312819 ], [ -6.289895290555735, 36.537391347035836 ], [ -6.289831467036675, 36.537141008018153 ], [ -6.29015302675472, 36.537753483312819 ] ], [ [ -6.2928204298604, 36.527632728530072 ], [ -6.292820429860408, 36.527632728530058 ], [ -6.292660893974414, 36.527595342093356 ], [ -6.2928204298604, 36.527632728530072 ] ], [ [ -6.292210025927414, 36.527449332821782 ], [ -6.292210025927406, 36.527449332821782 ], [ -6.292390824751148, 36.527491022428208 ], [ -6.292210025927414, 36.527449332821782 ] ], [ [ -6.292041115819948, 36.527506450118054 ], [ -6.292041115819949, 36.527506450118089 ], [ -6.292205614561255, 36.527449789941294 ], [ -6.292041115819948, 36.527506450118054 ] ], [ [ -6.292361999417269, 36.528316348367433 ], [ -6.29234517985121, 36.528337253211646 ], [ -6.292345179851222, 36.52833725321166 ], [ -6.292361999417269, 36.528316348367433 ] ], [ [ -6.292584803511876, 36.529089654743785 ], [ -6.292584803511875, 36.529089654743771 ], [ -6.292584836717827, 36.529099526031686 ], [ -6.292584803511876, 36.529089654743785 ] ], [ [ -6.292527801755503, 36.529544024227292 ], [ -6.292527801755507, 36.529544024227299 ], [ -6.292549290415076, 36.529491740049316 ], [ -6.292527801755503, 36.529544024227292 ] ], [ [ -6.292755333752839, 36.529961275215342 ], [ -6.292867574677466, 36.529904125912651 ], [ -6.292867574677454, 36.529904125912637 ], [ -6.292755333752839, 36.529961275215342 ] ], [ [ -6.293141063187074, 36.529759938069432 ], [ -6.293138574362128, 36.52976963035713 ], [ -6.293138574362139, 36.529769630357116 ], [ -6.293141063187074, 36.529759938069432 ] ], [ [ -6.293234559038507, 36.529384850999932 ], [ -6.29329455645548, 36.529133127349539 ], [ -6.293234559038487, 36.529384850999932 ], [ -6.293187784795815, 36.529537012209921 ], [ -6.293177550351852, 36.529592761371482 ], [ -6.293234559038507, 36.529384850999932 ] ], [ [ -6.293365901759884, 36.5288292906477 ], [ -6.293365901759895, 36.5288292906477 ], [ -6.293379119470125, 36.528739103550443 ], [ -6.293365901759884, 36.5288292906477 ] ], [ [ -6.293525881831386, 36.52859703080243 ], [ -6.293525881831395, 36.528597030802423 ], [ -6.293526208174029, 36.528595537789641 ], [ -6.293525881831386, 36.52859703080243 ] ], [ [ -6.293593639244097, 36.52842644896657 ], [ -6.293451030399053, 36.52836152373515 ], [ -6.293541569635312, 36.528406702279483 ], [ -6.293593639244097, 36.52842644896657 ] ], [ [ -6.293471622343667, 36.52822029181133 ], [ -6.293471622343676, 36.52822029181133 ], [ -6.293478961744173, 36.528217886838597 ], [ -6.293471622343667, 36.52822029181133 ] ], [ [ -6.293622433325443, 36.53349676609475 ], [ -6.293622433325455, 36.533496766094764 ], [ -6.29353935256058, 36.53309581934969 ], [ -6.293622433325443, 36.53349676609475 ] ], [ [ -6.293514812575715, 36.533027241903625 ], [ -6.293366924346779, 36.53261394780327 ], [ -6.293327048065845, 36.53250468442905 ], [ -6.293184323343432, 36.532114396864507 ], [ -6.293103146067418, 36.531891341762019 ], [ -6.293041989925857, 36.531724057713951 ], [ -6.293514812575715, 36.533027241903625 ] ], [ [ -6.293590118690898, 36.531261075664467 ], [ -6.293590118690909, 36.531261075664467 ], [ -6.293601735366825, 36.531256953614793 ], [ -6.293590118690898, 36.531261075664467 ] ], [ [ -6.294319090094544, 36.530608530378601 ], [ -6.294265239426691, 36.530868019373578 ], [ -6.294249647135477, 36.530900263489215 ], [ -6.294319090094544, 36.530608530378601 ] ], [ [ -6.294353862061774, 36.530547921185985 ], [ -6.294353862061785, 36.530547921185985 ], [ -6.294377535721155, 36.530473432184159 ], [ -6.294353862061774, 36.530547921185985 ] ], [ [ -6.294459712608806, 36.530204800695493 ], [ -6.294459712608824, 36.530204800695465 ], [ -6.294511921008689, 36.529980348552961 ], [ -6.294459712608806, 36.530204800695493 ] ], [ [ -6.294511921008689, 36.529980348552961 ], [ -6.294564222202196, 36.529758087945048 ], [ -6.294616048776115, 36.529610251375694 ], [ -6.294511921008689, 36.529980348552961 ] ], [ [ -6.294269721543587, 36.529646896479903 ], [ -6.293784483617549, 36.529675483275405 ], [ -6.294616048776115, 36.529610251375694 ], [ -6.294269721543587, 36.529646896479903 ] ], [ [ -6.293625552993301, 36.529689413191633 ], [ -6.293443186735494, 36.529704986952744 ], [ -6.293784483617549, 36.529675483275405 ], [ -6.293625552993301, 36.529689413191633 ] ], [ [ -6.292930975920124, 36.533753747697588 ], [ -6.292930975920144, 36.533753747697588 ], [ -6.292937487096732, 36.533742134698265 ], [ -6.292930975920124, 36.533753747697588 ] ], [ [ -6.292617456094324, 36.534003547749712 ], [ -6.292617456094304, 36.534003547749727 ], [ -6.292575621960122, 36.5340464726685 ], [ -6.292617456094324, 36.534003547749712 ] ], [ [ -6.293632117846386, 36.533633892741463 ], [ -6.292964291271038, 36.533728969916012 ], [ -6.293632117846396, 36.533633892741463 ], [ -6.293632117846386, 36.533633892741463 ] ] ], [ [ [ -6.006478919520016, 36.181526255549436 ], [ -6.005901552727298, 36.181252407493545 ], [ -6.006664254378522, 36.181431489679277 ], [ -6.006478919520016, 36.181526255549436 ] ] ], [ [ [ -6.007923430406955, 36.181420089698065 ], [ -6.008998855798118, 36.181435847871036 ], [ -6.009245588834495, 36.181492721777403 ], [ -6.007923430406955, 36.181420089698065 ] ] ], [ [ [ -5.434278168865465, 36.064890083498263 ], [ -5.435111689796797, 36.065278776884135 ], [ -5.434277052455482, 36.065214586922025 ], [ -5.434278168865465, 36.064890083498263 ] ] ], [ [ [ -5.436219521299722, 36.06556268829511 ], [ -5.436031974890644, 36.065602586925245 ], [ -5.436103551645423, 36.065402822072166 ], [ -5.436219521299722, 36.06556268829511 ] ] ], [ [ [ -5.42334532730694, 36.076171232855977 ], [ -5.423828525893325, 36.076359755229731 ], [ -5.423900640283615, 36.076538569919464 ], [ -5.42334532730694, 36.076171232855977 ] ] ], [ [ [ -5.423971848612285, 36.07741141347659 ], [ -5.42396133885733, 36.077069127536205 ], [ -5.42408113703257, 36.077355152476883 ], [ -5.423971848612285, 36.07741141347659 ] ] ] ] } },
{ "type": "Feature", "properties": { "CPRO": "12" }, "geometry": { "type": "MultiPolygon", "coordinates": [ [ [ [ -0.377918651492104, 39.799877242254468 ], [ -0.396093739032196, 39.758614111152283 ], [ -0.456175545866557, 39.714697764671655 ], [ -0.530585790009779, 39.795977306730819 ], [ -0.577047897113428, 39.773202409058555 ], [ -0.588223330091746, 39.741688290619329 ], [ -0.652345691332904, 39.754085192702746 ], [ -0.65615077277586, 39.835960279853708 ], [ -0.691110708758878, 39.852463037014225 ], [ -0.712549246267989, 39.816845020492288 ], [ -0.730455189290964, 39.814827760216708 ], [ -0.773561787105359, 39.869796204790823 ], [ -0.832894887805156, 39.910999103055069 ], [ -0.837795154441452, 39.976807794178747 ], [ -0.777645494086775, 39.998406887297172 ], [ -0.753621224166607, 40.046607731684702 ], [ -0.682939160094505, 40.044224493703979 ], [ -0.62722068511758, 40.07620220481617 ], [ -0.613588056950637, 40.070012617366281 ], [ -0.628532665307317, 40.102578264649196 ], [ -0.578638954478841, 40.13733469988744 ], [ -0.544186286852829, 40.251659411144864 ], [ -0.494514356787169, 40.228731693766704 ], [ -0.42807085039195, 40.243802577673684 ], [ -0.383625359344094, 40.264847585334977 ], [ -0.400407090670034, 40.294852783420893 ], [ -0.388636467199584, 40.306937162934453 ], [ -0.366272353401196, 40.305051553451939 ], [ -0.340616365008624, 40.339990484495758 ], [ -0.282025279750555, 40.365289725903772 ], [ -0.285243344903296, 40.386316957505393 ], [ -0.347354956790521, 40.443939957841899 ], [ -0.272639155151473, 40.47376157431011 ], [ -0.277637279005258, 40.501531966950836 ], [ -0.301836731552676, 40.515403811979475 ], [ -0.293284888228573, 40.611041339524 ], [ -0.322440540417008, 40.602813275742925 ], [ -0.370482186438174, 40.613591801774199 ], [ -0.377956153295588, 40.667535634996369 ], [ -0.328817302955531, 40.680279393506268 ], [ -0.306997064477528, 40.659496776205536 ], [ -0.235990339158688, 40.691107516980729 ], [ -0.224033403867548, 40.754157994298893 ], [ -0.197175563469785, 40.784456196180663 ], [ -0.164956259458446, 40.788631198427488 ], [ -0.144532482108009, 40.785443068565279 ], [ -0.126839904834123, 40.753317395478419 ], [ -0.064697986372459, 40.727406967257522 ], [ 0.015737721712399, 40.728430036342303 ], [ 0.042174508016685, 40.691006279926512 ], [ 0.112500506447043, 40.727137773737425 ], [ 0.143917120632561, 40.718251724113323 ], [ 0.170724266509279, 40.732837260896588 ], [ 0.226116541329065, 40.733164058498815 ], [ 0.23652385548825, 40.701683245534163 ], [ 0.262432184637582, 40.705852082236376 ], [ 0.291841265552311, 40.688552474883743 ], [ 0.268176279961774, 40.65899967732792 ], [ 0.279174695009091, 40.630055906752894 ], [ 0.401963597903552, 40.602380772684945 ], [ 0.443944421551358, 40.57822330610653 ], [ 0.436957918837893, 40.547927999536597 ], [ 0.515499083945483, 40.522919264731186 ], [ 0.477768239006013, 40.458622902119394 ], [ 0.418045022847658, 40.400448574825411 ], [ 0.408860472517696, 40.357371164106155 ], [ 0.278587133352254, 40.244195906721231 ], [ 0.264262200084083, 40.208564155245504 ], [ 0.188638642500962, 40.168638486159253 ], [ 0.14973810450897, 40.101527857157471 ], [ 0.147630233020247, 40.082777911354356 ], [ 0.049829996640302, 40.035813123061054 ], [ -0.007145527156172, 39.914068756068197 ], [ -0.084005213076253, 39.856307762869264 ], [ -0.188538416551156, 39.72195056413846 ], [ -0.264175824942739, 39.745496537605234 ], [ -0.316024268266407, 39.799830366255222 ], [ -0.377918651492104, 39.799877242254468 ] ] ], [ [ [ 0.688522937705901, 39.900565041341025 ], [ 0.684547227813314, 39.89599016207368 ], [ 0.687421369248891, 39.893331762309622 ], [ 0.684299819610054, 39.894647054349683 ], [ 0.683728016341135, 39.897286155221373 ], [ 0.688522937705901, 39.900565041341025 ] ] ], [ [ [ 0.148100072681466, 40.08661126246556 ], [ 0.14858279007878, 40.086652128692087 ], [ 0.148195661168163, 40.086140249658385 ], [ 0.148100072681466, 40.08661126246556 ] ] ] ] } },
{ "type": "Feature", "properties": { "CPRO": "13" }, "geometry": { "type": "MultiPolygon", "coordinates": [ [ [ [ -4.000937926613317, 38.367796627592675 ], [ -4.257783409457389, 38.401577001842526 ], [ -4.276800009723716, 38.390205849106636 ], [ -4.268869715499563, 38.347170648524489 ], [ -4.287330086383633, 38.34276100202387 ], [ -4.452468003024959, 38.400652150735802 ], [ -4.512691086291469, 38.463854136931914 ], [ -4.566296881419087, 38.490940858498888 ], [ -4.593690908059742, 38.486381144074045 ], [ -4.62277917348979, 38.523793132870573 ], [ -4.703950371529861, 38.553170367382684 ], [ -4.707366599686209, 38.571944909512304 ], [ -4.860170456344549, 38.613978507963544 ], [ -4.876969712409251, 38.686093866948916 ], [ -4.940869280054609, 38.681527537204133 ], [ -5.004599412409942, 38.695094258069638 ], [ -5.008025302625199, 38.715227959978399 ], [ -5.046948469514815, 38.729086551261872 ], [ -4.989993810804193, 38.739756604294222 ], [ -4.943484916528321, 38.854377728254882 ], [ -4.914941559694805, 38.887439993509609 ], [ -4.847321830849817, 38.882402302149451 ], [ -4.831131739830089, 38.935611842075964 ], [ -4.905072480354502, 38.963306485580425 ], [ -4.918221890446081, 38.957045116383341 ], [ -4.962504459066799, 39.058727379237673 ], [ -4.879987107717885, 39.032425837200165 ], [ -4.832792688858422, 39.046160954389983 ], [ -4.826935003865025, 39.064120279223751 ], [ -4.874402837811735, 39.100434745231986 ], [ -4.810272618933828, 39.199416220969752 ], [ -4.647892860749729, 39.166866232974918 ], [ -4.708229332380256, 39.209868429580162 ], [ -4.761011273254447, 39.320789268021805 ], [ -4.706660266407508, 39.32772569224548 ], [ -4.669498072164782, 39.424536342002384 ], [ -4.687696362378176, 39.450294408462611 ], [ -4.618132764826946, 39.454400109990729 ], [ -4.618426906978022, 39.484651333426527 ], [ -4.567923121946721, 39.497281040813469 ], [ -4.561445977699741, 39.533137391268134 ], [ -4.542686037174553, 39.544001375548731 ], [ -4.531090625793533, 39.531603806127116 ], [ -4.524952798847347, 39.561624232730544 ], [ -4.482190052591437, 39.538796421062493 ], [ -4.511221825754798, 39.522123956017616 ], [ -4.461587617935289, 39.478546085617097 ], [ -4.44190680288655, 39.523129896597716 ], [ -4.377210628380221, 39.495982716104017 ], [ -4.24209257245522, 39.477897629597969 ], [ -4.193234320871371, 39.495384147422165 ], [ -4.158731916863497, 39.576761225315671 ], [ -4.124346233132937, 39.563556521933563 ], [ -4.041778726617786, 39.575354000309602 ], [ -4.030080470488018, 39.521973544530226 ], [ -4.060076567453222, 39.521442795457666 ], [ -4.068131335071439, 39.457053761895999 ], [ -4.118073253442908, 39.456882042588724 ], [ -4.148074353413719, 39.362765354241787 ], [ -4.120539226459824, 39.362619130877071 ], [ -4.104449456839872, 39.341111752383711 ], [ -4.073373456160561, 39.365333993472582 ], [ -3.972202079062492, 39.352175212628183 ], [ -3.966856420301165, 39.298552902250542 ], [ -3.857356790039741, 39.258501773372572 ], [ -3.791214292450892, 39.292894854338719 ], [ -3.722523159059228, 39.2696066955262 ], [ -3.680186923830663, 39.298281229939676 ], [ -3.532587688273212, 39.304157621362094 ], [ -3.476878750936017, 39.343144755900127 ], [ -3.470481242135708, 39.372140110817476 ], [ -3.410277899852221, 39.404589633459445 ], [ -3.309134368461365, 39.399153068360171 ], [ -3.315890246123036, 39.434528805865718 ], [ -3.294197152311645, 39.470844278130954 ], [ -3.185166041546307, 39.474150544664333 ], [ -3.184516451301266, 39.487964784672158 ], [ -3.157311748977229, 39.496114271543668 ], [ -3.069598043504956, 39.450273336210664 ], [ -3.022587022215542, 39.456996040306734 ], [ -2.999549163171891, 39.441644302077933 ], [ -2.956791870886718, 39.447213877036766 ], [ -2.927700945103891, 39.470761819487585 ], [ -2.931810837657996, 39.452824347526565 ], [ -2.869919148430971, 39.390480643673364 ], [ -2.896558425623758, 39.366773338878787 ], [ -2.882376299517277, 39.350882756064372 ], [ -2.834089520552347, 39.353472616574614 ], [ -2.7931508599163, 39.397739257318882 ], [ -2.776030267246404, 39.394760827433018 ], [ -2.722185807569269, 39.267187086851244 ], [ -2.842658377683494, 39.134491363948278 ], [ -2.80501099902743, 39.078943847152793 ], [ -2.808811828286861, 39.028685709984458 ], [ -2.832266240889433, 39.02324298566208 ], [ -2.882890556927677, 38.938490599882648 ], [ -2.762308975040777, 38.880769334752785 ], [ -2.732243910090701, 38.781847918229893 ], [ -2.696283276632579, 38.782931463196114 ], [ -2.637890599722643, 38.734624739479642 ], [ -2.668856847667799, 38.649221766763752 ], [ -2.72824744763503, 38.616075876885517 ], [ -2.763691141727916, 38.627886427179448 ], [ -2.750097146908476, 38.615565881945521 ], [ -2.765499945359466, 38.573854220683423 ], [ -2.746791137645751, 38.54681514477025 ], [ -2.77995552218104, 38.509707300738555 ], [ -2.881489617136975, 38.452645066739095 ], [ -2.905786733789682, 38.469907682470748 ], [ -2.963585221086464, 38.47145466293216 ], [ -2.993507791135875, 38.450119640935689 ], [ -3.00171261633553, 38.408321329362266 ], [ -3.064965371960606, 38.478247707023144 ], [ -3.138287333808312, 38.438576525517121 ], [ -3.279423890969693, 38.46024379399266 ], [ -3.326492661966776, 38.482120803098688 ], [ -3.375012053223168, 38.47523499943869 ], [ -3.37668410831705, 38.439596117331384 ], [ -3.424823561351095, 38.406799300864051 ], [ -3.471014501037019, 38.397998654685153 ], [ -3.528442528324921, 38.408640935465094 ], [ -3.535163515089093, 38.439413667048001 ], [ -3.567356897458577, 38.452032403589442 ], [ -3.58307588919687, 38.451468655842753 ], [ -3.585845674479441, 38.405601681852332 ], [ -3.620471772191419, 38.393987177051855 ], [ -3.730008973115709, 38.42436625357783 ], [ -3.739065574223661, 38.413756376973303 ], [ -3.785613932450071, 38.425268175454534 ], [ -3.830057867718746, 38.412795480994234 ], [ -3.830563385637688, 38.392902325536049 ], [ -3.859886606981113, 38.373341858332047 ], [ -4.000937926613317, 38.367796627592675 ] ] ], [ [ [ -4.762473306586156, 39.514037936018028 ], [ -4.740510680735258, 39.456165401941583 ], [ -4.766983547679261, 39.433529973104235 ], [ -4.755370963647038, 39.415713050705435 ], [ -4.774613037979374, 39.397194139921872 ], [ -4.810433181863482, 39.396570124422212 ], [ -4.870933584242382, 39.368313101095097 ], [ -4.940741147403691, 39.395117773358614 ], [ -4.908210954790111, 39.493690747848916 ], [ -4.863121787285653, 39.556147149023019 ], [ -4.762473306586156, 39.514037936018028 ] ] ] ] } },
{ "type": "Feature", "properties": { "CPRO": "14" }, "geometry": { "type": "Polygon", "coordinates": [ [ [ -5.090727472277531, 37.682917324309585 ], [ -5.069008703641963, 37.659887620535031 ], [ -5.082137509853694, 37.646968000706018 ], [ -5.046795006099766, 37.631941806164257 ], [ -5.031191617408614, 37.641520673029156 ], [ -5.018149326322926, 37.592106751135759 ], [ -5.031007927246146, 37.610604074672878 ], [ -5.047910027363015, 37.60814008932357 ], [ -5.040405634330929, 37.626194773160336 ], [ -5.084972785084173, 37.643790831189335 ], [ -5.112727385674424, 37.702576348185644 ], [ -5.129710402705144, 37.698747324759857 ], [ -5.107920647197194, 37.662578192238072 ], [ -5.150053957011308, 37.660916551328761 ], [ -5.176768138218703, 37.680576679889832 ], [ -5.27452039962123, 37.625284179315379 ], [ -5.323303961712638, 37.614249707739276 ], [ -5.347573078798036, 37.585175823016968 ], [ -5.411317171278566, 37.641031950795366 ], [ -5.393656453363548, 37.655350317770171 ], [ -5.412897146869864, 37.664996931734265 ], [ -5.403689744133308, 37.693021054918368 ], [ -5.386805678090221, 37.697311047272606 ], [ -5.376342862712582, 37.677562133145919 ], [ -5.344836700699629, 37.705344298006295 ], [ -5.327099433015589, 37.691619770625373 ], [ -5.307603766936348, 37.699239135062911 ], [ -5.309754035301935, 37.773586560131172 ], [ -5.349916044324061, 37.794266604333913 ], [ -5.344510840112329, 37.83987230435568 ], [ -5.414708919315268, 37.869461210990686 ], [ -5.41561124833855, 37.943675168178494 ], [ -5.47429490336018, 37.975353660760419 ], [ -5.493751428627237, 37.996946829940406 ], [ -5.495125678352206, 38.041844898001287 ], [ -5.538781521074059, 38.093810938818493 ], [ -5.581684254579121, 38.115474155814013 ], [ -5.585641364535913, 38.140355022690812 ], [ -5.53967295939164, 38.160685595613295 ], [ -5.538707351132922, 38.200604704287315 ], [ -5.520377242638177, 38.20844232257015 ], [ -5.525957807983071, 38.264123686452756 ], [ -5.575648012552949, 38.329106279714516 ], [ -5.559248334724979, 38.366884650732992 ], [ -5.585119960083121, 38.386382432132656 ], [ -5.552793608698579, 38.445620715862873 ], [ -5.484455579847739, 38.463389528691408 ], [ -5.479489459340373, 38.48467775007429 ], [ -5.410003396525982, 38.520223254219395 ], [ -5.406932007099617, 38.543695068057367 ], [ -5.383664502366329, 38.539846274733627 ], [ -5.392720577144726, 38.553483239058572 ], [ -5.371747894311197, 38.583571852116997 ], [ -5.308513297139577, 38.577619050765975 ], [ -5.292236314911247, 38.610807513734912 ], [ -5.223939240284386, 38.656456236183622 ], [ -5.214744462582061, 38.648566423148978 ], [ -5.208018591522674, 38.667896788241727 ], [ -5.184970102052366, 38.659417690889605 ], [ -5.167321232378141, 38.680469731138167 ], [ -5.184502981274457, 38.719695250470032 ], [ -5.099189540167457, 38.707652559915239 ], [ -5.046948469514815, 38.729086551261872 ], [ -5.008025302625199, 38.715227959978399 ], [ -5.004599412409942, 38.695094258069638 ], [ -4.940869280054609, 38.681527537204133 ], [ -4.876969712409251, 38.686093866948916 ], [ -4.860170456344549, 38.613978507963544 ], [ -4.707366599686209, 38.571944909512304 ], [ -4.703950371529861, 38.553170367382684 ], [ -4.62277917348979, 38.523793132870573 ], [ -4.593690908059742, 38.486381144074045 ], [ -4.566296881419087, 38.490940858498888 ], [ -4.512691086291469, 38.463854136931914 ], [ -4.452987683381355, 38.400870962030929 ], [ -4.287330086383633, 38.34276100202387 ], [ -4.237441897054746, 38.341540540331636 ], [ -4.23853713074322, 38.315106273689914 ], [ -4.210013233997063, 38.300858751394614 ], [ -4.216685142452665, 38.24695272625241 ], [ -4.196000401143182, 38.237846929240007 ], [ -4.201174592394145, 38.214083667485298 ], [ -4.167860288715435, 38.180786882369873 ], [ -4.161196376184028, 38.145003020169987 ], [ -4.203702835224745, 38.107977261633394 ], [ -4.217949570778586, 38.110768413054124 ], [ -4.21408432944343, 38.089476761136453 ], [ -4.251945083537948, 38.063521245436824 ], [ -4.240085554, 38.047028442759455 ], [ -4.268941307165112, 38.039763200644515 ], [ -4.25995794303829, 38.022231918047723 ], [ -4.282251881599183, 38.022811076250285 ], [ -4.258052337938834, 37.939321175119957 ], [ -4.286736029899608, 37.79654250989401 ], [ -4.206576964588985, 37.778734992560722 ], [ -4.238609070680027, 37.720090370435621 ], [ -4.183507737238379, 37.707038079377483 ], [ -4.164367764054716, 37.681505764733565 ], [ -4.228102103258643, 37.639535023389215 ], [ -4.220136480317165, 37.620239693382217 ], [ -4.173836691215069, 37.610082595327874 ], [ -4.160707039621038, 37.575106133371783 ], [ -4.120976092841228, 37.554299487935204 ], [ -4.098058400425284, 37.51153078849125 ], [ -4.059994199347007, 37.505812542287728 ], [ -4.087653474699785, 37.486074575972332 ], [ -4.048140710388592, 37.467972707107613 ], [ -4.000820769585173, 37.402090296339722 ], [ -4.085943500007115, 37.403745536226367 ], [ -4.157839074334055, 37.342251092190118 ], [ -4.204034834520643, 37.352912521586447 ], [ -4.236418969785668, 37.335850005548082 ], [ -4.236508595281672, 37.297218082844836 ], [ -4.263252457421107, 37.260377667517261 ], [ -4.255309976322598, 37.229564204029501 ], [ -4.327617761513317, 37.184331086420976 ], [ -4.322630012086928, 37.204522774980084 ], [ -4.371638108499917, 37.215205348122012 ], [ -4.382575184604568, 37.231545551757918 ], [ -4.379696468840573, 37.275230275173001 ], [ -4.417965036127891, 37.282403439043954 ], [ -4.485181588136324, 37.252485320901002 ], [ -4.498079120085911, 37.22333671576682 ], [ -4.60229765273214, 37.209238104923664 ], [ -4.613765446980768, 37.255084812255717 ], [ -4.645327521099054, 37.246854495085152 ], [ -4.662113514476154, 37.28374409129701 ], [ -4.681090889909382, 37.290046484764602 ], [ -4.675248054265256, 37.30178283409812 ], [ -4.660611411538022, 37.294445328388399 ], [ -4.684068804844084, 37.315357081404038 ], [ -4.671176469758174, 37.334493616683979 ], [ -4.685654115715468, 37.330268597108024 ], [ -4.718666699186099, 37.358498979796238 ], [ -4.729223429854381, 37.335326873210896 ], [ -4.782225016937442, 37.328501938328252 ], [ -4.822126745670272, 37.358194393409931 ], [ -4.814688623637772, 37.377532337258131 ], [ -4.849811072047437, 37.41065899980574 ], [ -4.840635474544006, 37.436018885809744 ], [ -4.884740626345206, 37.437983097652861 ], [ -4.875342815005825, 37.450452436509273 ], [ -4.904089746487877, 37.467405153126201 ], [ -4.904468856475197, 37.48948845451347 ], [ -4.91520196576884, 37.484160008345178 ], [ -4.906021049588104, 37.499836642986303 ], [ -4.948935391229219, 37.521947177837241 ], [ -4.932026179225416, 37.545908991082399 ], [ -4.931707662440421, 37.617326200410652 ], [ -4.974283187781766, 37.60015721763579 ], [ -4.953767225821303, 37.652443420962939 ], [ -4.999821759268923, 37.706590308045087 ], [ -5.047746558311603, 37.71818631893445 ], [ -5.090727472277531, 37.682917324309585 ] ], [ [ -4.483839571553987, 37.414979152593382 ], [ -4.483330685271419, 37.411041042199244 ], [ -4.483282351724498, 37.41104387944133 ], [ -4.483839571553987, 37.414979152593382 ] ], [ [ -4.482272131704518, 37.411009217370705 ], [ -4.482927438964157, 37.411023521533011 ], [ -4.482676478060066, 37.411010904147503 ], [ -4.48250825045489, 37.411004027301651 ], [ -4.482272131704518, 37.411009217370705 ] ], [ [ -4.481123563416124, 37.411084448965347 ], [ -4.481123563416144, 37.411084448965333 ], [ -4.480826395663521, 37.411105500566897 ], [ -4.481123563416124, 37.411084448965347 ] ], [ [ -4.48081469480013, 37.411106329449943 ], [ -4.480760376511103, 37.410947065094732 ], [ -4.480814694800119, 37.411106329449943 ], [ -4.48081469480013, 37.411106329449943 ] ], [ [ -4.480710685284444, 37.410970188545853 ], [ -4.480567165047255, 37.411014309687914 ], [ -4.480760376511103, 37.410947065094732 ], [ -4.480710685284444, 37.410970188545853 ] ], [ [ -4.480008063813409, 37.409877174737844 ], [ -4.479495790970836, 37.409881312734569 ], [ -4.48000806381341, 37.409877174737844 ], [ -4.480137166565653, 37.410443362454281 ], [ -4.480294177471188, 37.411085824547989 ], [ -4.480468102704203, 37.411040839939972 ], [ -4.480008063813409, 37.409877174737844 ] ], [ [ -4.478316928758723, 37.411179296870259 ], [ -4.478363892989718, 37.410785502088778 ], [ -4.478369309757619, 37.410742329622025 ], [ -4.478316928758723, 37.411179296870259 ] ], [ [ -4.478542120902173, 37.40988199979077 ], [ -4.47845943829952, 37.410112823393511 ], [ -4.47855174443724, 37.409864590823361 ], [ -4.478542120902173, 37.40988199979077 ] ], [ [ -4.479759174283033, 37.413155505846809 ], [ -4.479695045646787, 37.413087082418791 ], [ -4.479796539253746, 37.413195437724681 ], [ -4.479759174283033, 37.413155505846809 ] ] ] } },
{ "type": "Feature", "properties": { "CPRO": "15" }, "geometry": { "type": "MultiPolygon", "coordinates": [ [ [ [ -9.013199332850249, 42.484009663073536 ], [ -8.999808168949672, 42.469159265763437 ], [ -9.010205053379346, 42.46334654342715 ], [ -9.020501679959732, 42.474587276261161 ], [ -9.013199332850249, 42.484009663073536 ] ] ], [ [ [ -9.004708042642942, 42.500578433081664 ], [ -9.005758740221589, 42.496193378349368 ], [ -9.00812537488261, 42.500947791640613 ], [ -9.004708042642942, 42.500578433081664 ] ] ], [ [ [ -9.049740857998206, 42.512252828335853 ], [ -9.046981022387815, 42.508753373679241 ], [ -9.049680724634751, 42.507107110960263 ], [ -9.049740857998206, 42.512252828335853 ] ] ], [ [ [ -8.984878387730875, 42.541091844023342 ], [ -9.006516952696128, 42.513706702266873 ], [ -9.043314785675362, 42.51751701122506 ], [ -9.036401277729428, 42.561180415348794 ], [ -9.05811372304686, 42.577241388908078 ], [ -9.074266805717921, 42.566391263241783 ], [ -9.09166551482147, 42.578201406115447 ], [ -9.041138923762119, 42.636579638494617 ], [ -9.034011831613029, 42.69517948029489 ], [ -9.008830799135232, 42.72726702016088 ], [ -8.958057270082925, 42.745763482435343 ], [ -8.916880002369423, 42.790340699941467 ], [ -8.891071436026301, 42.77999165581592 ], [ -8.901837772534824, 42.802552054818975 ], [ -8.878020114505397, 42.817050318895369 ], [ -8.876157882692498, 42.828848714605492 ], [ -8.888774858497925, 42.816477766257847 ], [ -8.897013394475003, 42.82708854771662 ], [ -8.905713608139587, 42.829060019313687 ], [ -8.907706151550553, 42.802941519303673 ], [ -8.931635016663027, 42.80732615542447 ], [ -8.962841790001546, 42.778730122384232 ], [ -8.97471918984807, 42.791260373955645 ], [ -8.981636771255417, 42.778484520146328 ], [ -9.015534572390555, 42.782130327490783 ], [ -9.020565232194862, 42.800678552162516 ], [ -9.064239694393887, 42.786933216563156 ], [ -9.048416710984217, 42.769337776701136 ], [ -9.087060296311991, 42.737865290006248 ], [ -9.151392042147442, 42.798136810579912 ], [ -9.106002205996893, 42.823106398855657 ], [ -9.150799601925621, 42.8716572977998 ], [ -9.125811603578422, 42.905443880694278 ], [ -9.163477732916149, 42.912793993456354 ], [ -9.191273764164929, 42.957339940922481 ], [ -9.183571590330686, 42.916062869237216 ], [ -9.209646361683477, 42.916437234755307 ], [ -9.218566139243221, 42.942064427803501 ], [ -9.23311589797342, 42.940918871836651 ], [ -9.233438457884525, 42.926804960477654 ], [ -9.263486895369642, 42.918875400062355 ], [ -9.273855447285603, 42.880103452408314 ], [ -9.275643327979289, 42.910411783949691 ], [ -9.298484328542877, 42.923014492529795 ], [ -9.257320865851218, 43.002171181393635 ], [ -9.299343782800799, 43.055530678672916 ], [ -9.26302274472428, 43.048440636759778 ], [ -9.257143849343624, 43.091961688329718 ], [ -9.221675695890118, 43.088484343193265 ], [ -9.220090113024343, 43.113856239320867 ], [ -9.185518603730328, 43.091037322693765 ], [ -9.158560750381293, 43.126577175191819 ], [ -9.16540461065858, 43.152887951527788 ], [ -9.184480570131877, 43.123553352234858 ], [ -9.204789029497446, 43.128957726224826 ], [ -9.214434158930658, 43.161575993151956 ], [ -9.199696999909058, 43.154367258229975 ], [ -9.174899879441039, 43.190747768918854 ], [ -9.159393198949711, 43.183134416927537 ], [ -9.150185854968276, 43.195522859871843 ], [ -9.060274730135115, 43.184523422461574 ], [ -9.013178368535016, 43.233133919253724 ], [ -8.995113985411587, 43.216199064586533 ], [ -8.981190075200065, 43.229209032663213 ], [ -8.940126436421846, 43.226855659231497 ], [ -8.952243736182698, 43.263446085428988 ], [ -8.990876904532437, 43.275140569274257 ], [ -8.957070064267233, 43.293755171027527 ], [ -8.928782688996444, 43.282078579222329 ], [ -8.907936311462315, 43.293387277311453 ], [ -8.91113027967563, 43.321298587024145 ], [ -8.84681319271388, 43.319053294861796 ], [ -8.839571974440366, 43.346718520561367 ], [ -8.786005203727646, 43.303891540559952 ], [ -8.711756189487584, 43.289488247783915 ], [ -8.608221331651768, 43.322013557511148 ], [ -8.534429394574023, 43.315267384872868 ], [ -8.503356111468143, 43.331139257327216 ], [ -8.494183153667377, 43.359929870541016 ], [ -8.457552134380666, 43.35937584599376 ], [ -8.44019569192036, 43.381702951530471 ], [ -8.410159558067317, 43.368746571294359 ], [ -8.401141383610199, 43.389978657289504 ], [ -8.387488384211037, 43.339788199491814 ], [ -8.360794606394716, 43.341703534147669 ], [ -8.33826570022625, 43.371514310639384 ], [ -8.35040127334036, 43.39662039988179 ], [ -8.306561126988722, 43.404782047504838 ], [ -8.209787579783459, 43.327762917801685 ], [ -8.223348851958932, 43.386667414122719 ], [ -8.173891633682976, 43.419693048868105 ], [ -8.238530655691605, 43.429948330893481 ], [ -8.244281804990042, 43.417620548978654 ], [ -8.317252272487677, 43.444867018021469 ], [ -8.273703686155107, 43.463769583321444 ], [ -8.194293077294237, 43.463742356155834 ], [ -8.152900408008751, 43.504052779028115 ], [ -8.151652847215033, 43.516397711196291 ], [ -8.173359882795927, 43.513335122696326 ], [ -8.200891334557264, 43.477953687555505 ], [ -8.233778342330174, 43.471425196725058 ], [ -8.247448387772769, 43.493348071483062 ], [ -8.266228785355759, 43.467914211486573 ], [ -8.341011005031495, 43.458583349435173 ], [ -8.320375452304319, 43.493874697935595 ], [ -8.328549034756062, 43.518411626963939 ], [ -8.296490954184542, 43.535399084018046 ], [ -8.322118173603307, 43.565146656192127 ], [ -8.259484442979939, 43.557728418090136 ], [ -8.192157478563194, 43.602136910538682 ], [ -8.188523846053535, 43.621207699208696 ], [ -8.151075392679756, 43.616712553241655 ], [ -8.100823588358814, 43.647330531235497 ], [ -8.103717085118159, 43.652062404610511 ], [ -8.094638027823663, 43.654215069476663 ], [ -8.093398078985349, 43.666504959468043 ], [ -8.084719866497572, 43.644989188945779 ], [ -8.054031194377949, 43.648748598858688 ], [ -8.076142343207058, 43.660126679179065 ], [ -8.062799501223548, 43.70485962697466 ], [ -8.000878511214209, 43.705036131984187 ], [ -7.951120731029928, 43.741489579299554 ], [ -7.923088911264558, 43.742928374815236 ], [ -7.904645762697584, 43.769290458351193 ], [ -7.868498782595007, 43.773468148363094 ], [ -7.872020333669956, 43.733058174380375 ], [ -7.849937848935839, 43.71024152638455 ], [ -7.876407831036997, 43.723345883189559 ], [ -7.869500371250746, 43.706914175683664 ], [ -7.892104688606797, 43.685204667522548 ], [ -7.871828500159835, 43.672289614936936 ], [ -7.904625591219621, 43.671117910358689 ], [ -7.843708902759109, 43.668724948472772 ], [ -7.867859779437323, 43.698773819586968 ], [ -7.833409401227097, 43.703804063980421 ], [ -7.842997924397981, 43.693755485872131 ], [ -7.824648840726035, 43.690067839533469 ], [ -7.807242529587903, 43.694565928544847 ], [ -7.809687771947661, 43.697055607650476 ], [ -7.813922470514832, 43.696480850266859 ], [ -7.818534533440464, 43.700454325671387 ], [ -7.825962126881656, 43.700851468948208 ], [ -7.830174156332198, 43.708937612007972 ], [ -7.806994580621653, 43.715642575811572 ], [ -7.813713705870658, 43.726369422161106 ], [ -7.723970147977322, 43.749360275572776 ], [ -7.677226870010213, 43.787081068986289 ], [ -7.661912928479816, 43.776652782438866 ], [ -7.701944194012516, 43.736127227487074 ], [ -7.702970812125967, 43.686345257324703 ], [ -7.719675484997583, 43.687374770865752 ], [ -7.691380134675884, 43.654043775333314 ], [ -7.735859912580498, 43.622127622983399 ], [ -7.718301194159817, 43.583396204353974 ], [ -7.746626354141685, 43.580744562494715 ], [ -7.76068672902778, 43.54801866531858 ], [ -7.744800937920837, 43.511885901888938 ], [ -7.822032455931541, 43.401666684580107 ], [ -7.882313431746332, 43.407520321198291 ], [ -7.898560454188093, 43.391122906671306 ], [ -7.887884470239658, 43.336888870856832 ], [ -7.946930913631173, 43.285854815380347 ], [ -7.921895024798233, 43.269454264467285 ], [ -7.96137166316939, 43.189870777098591 ], [ -7.916970374845542, 43.08832390739957 ], [ -7.943167812665775, 43.067566249444795 ], [ -7.905682767682049, 42.985384837276285 ], [ -7.916672772295886, 42.932290043717835 ], [ -7.943690621884475, 42.917339940582885 ], [ -7.935878510142413, 42.903444332865512 ], [ -7.995801651653192, 42.850349883389413 ], [ -8.046299107156079, 42.831473964100248 ], [ -8.075452906079493, 42.853300988840218 ], [ -8.117213954805166, 42.8411735974069 ], [ -8.183640913899877, 42.860125492416479 ], [ -8.221167404695056, 42.844281033911514 ], [ -8.207639896339282, 42.825146959234765 ], [ -8.254936364733584, 42.836690728848531 ], [ -8.280950776527114, 42.810858922754669 ], [ -8.315465709912942, 42.845834820373739 ], [ -8.325653563493812, 42.831171830382537 ], [ -8.340046882619676, 42.840627364016527 ], [ -8.332001197381054, 42.794414834795468 ], [ -8.355086912694615, 42.778804039086154 ], [ -8.392447150623001, 42.789343165571537 ], [ -8.407696883628105, 42.754007171444741 ], [ -8.470722963597709, 42.743667937390761 ], [ -8.556905416827332, 42.760589410577012 ], [ -8.555337009419587, 42.746496117557101 ], [ -8.600296535297343, 42.743102251227121 ], [ -8.607002251054624, 42.715136224287768 ], [ -8.651310092527961, 42.729137438855609 ], [ -8.718667255127635, 42.705987296465473 ], [ -8.747671180983703, 42.650212268370744 ], [ -8.795897061670487, 42.636287657415899 ], [ -8.821105368806972, 42.644709190079325 ], [ -8.813396914072827, 42.665824472394334 ], [ -8.845171363513927, 42.686958715407556 ], [ -8.840335376879921, 42.660821618661572 ], [ -8.852425621632646, 42.66526146016384 ], [ -8.860898443126933, 42.64593179706835 ], [ -8.837898966170785, 42.634084560655957 ], [ -8.858988040349193, 42.626549760461224 ], [ -8.856657918401121, 42.606442090770322 ], [ -8.887998189975606, 42.610546200253673 ], [ -8.874160551005577, 42.632449439914318 ], [ -8.9019936797577, 42.643256301948796 ], [ -8.937970157366983, 42.60805680450872 ], [ -8.920421679199075, 42.587021893249009 ], [ -8.988843208014639, 42.565413504361466 ], [ -8.984878387730875, 42.541091844023342 ] ] ], [ [ [ -9.044539172256599, 42.661590988626791 ], [ -9.04372145617754, 42.66258847160627 ], [ -9.043037797889054, 42.661076408939472 ], [ -9.044539172256599, 42.661590988626791 ] ] ], [ [ [ -8.832442672562122, 43.355707497318441 ], [ -8.834607673924783, 43.352563009574418 ], [ -8.835501133949872, 43.356082035367514 ], [ -8.832442672562122, 43.355707497318441 ] ] ], [ [ [ -8.834114113371129, 43.362058349234111 ], [ -8.831142764119969, 43.35694425828725 ], [ -8.836087576894917, 43.356664120573022 ], [ -8.834114113371129, 43.362058349234111 ] ] ], [ [ [ -8.839088411662564, 43.363234891704884 ], [ -8.845785309107937, 43.354753764661204 ], [ -8.850111748278611, 43.361499298437906 ], [ -8.839088411662564, 43.363234891704884 ] ] ], [ [ [ -8.212051636033586, 43.596183515694094 ], [ -8.210359033656543, 43.596233912090106 ], [ -8.210674822961412, 43.595589313659382 ], [ -8.212051636033586, 43.596183515694094 ] ] ], [ [ [ -8.191459006253686, 43.613574938383053 ], [ -8.191778825701718, 43.612254984082682 ], [ -8.191936483879452, 43.613508145347843 ], [ -8.191459006253686, 43.613574938383053 ] ] ], [ [ [ -8.154105980568856, 43.61752083438725 ], [ -8.154241531998442, 43.618090885512409 ], [ -8.153589790959286, 43.617859267531806 ], [ -8.154105980568856, 43.61752083438725 ] ] ], [ [ [ -8.097328548476378, 43.655823280137916 ], [ -8.097804788968473, 43.65646813644161 ], [ -8.097275185104904, 43.656509852719907 ], [ -8.097328548476378, 43.655823280137916 ] ] ], [ [ [ -8.090740167287157, 43.666164550904419 ], [ -8.091516416399671, 43.665958841192726 ], [ -8.091907933732157, 43.666481523436524 ], [ -8.090740167287157, 43.666164550904419 ] ] ], [ [ [ -7.810686285185663, 43.694186690037263 ], [ -7.810455046361088, 43.694862624772568 ], [ -7.809923186624111, 43.694263858226577 ], [ -7.810686285185663, 43.694186690037263 ] ] ], [ [ [ -7.809396496472269, 43.695123331056003 ], [ -7.808096332402763, 43.694691965828255 ], [ -7.809433305715, 43.694653632853992 ], [ -7.809396496472269, 43.695123331056003 ] ] ], [ [ [ -7.834253570166622, 43.70997112744142 ], [ -7.837555423141914, 43.707976549896024 ], [ -7.838622028929676, 43.709353755317991 ], [ -7.834253570166622, 43.70997112744142 ] ] ], [ [ [ -7.80127895240052, 43.743944554065401 ], [ -7.800135509161501, 43.744397766365928 ], [ -7.800168697213185, 43.744036288056215 ], [ -7.80127895240052, 43.743944554065401 ] ] ], [ [ [ -7.862883220804489, 43.747609252836213 ], [ -7.861695869612053, 43.747668854250136 ], [ -7.862195999289019, 43.747098411026819 ], [ -7.862883220804489, 43.747609252836213 ] ] ], [ [ [ -7.870520419331339, 43.77724396172858 ], [ -7.868777523945147, 43.77750743768383 ], [ -7.869041828603923, 43.776631905502889 ], [ -7.870520419331339, 43.77724396172858 ] ] ], [ [ [ -7.86830949996284, 43.77969702547616 ], [ -7.866745645261512, 43.779565756209294 ], [ -7.867320262929157, 43.778992039889111 ], [ -7.86830949996284, 43.77969702547616 ] ] ], [ [ [ -7.865811229548281, 43.779992715599498 ], [ -7.867013063331994, 43.780256509077674 ], [ -7.866855022697752, 43.780605337454219 ], [ -7.865811229548281, 43.779992715599498 ] ] ] ] } },
{ "type": "Feature", "properties": { "CPRO": "16" }, "geometry": { "type": "Polygon", "coordinates": [ [ [ -2.619258463024926, 39.340143358326195 ], [ -2.74250540120066, 39.318253140175251 ], [ -2.789075130078018, 39.397524609431763 ], [ -2.834089520552347, 39.353472616574614 ], [ -2.893436051132715, 39.358940147489321 ], [ -2.869919148430971, 39.390480643673364 ], [ -2.931810837657996, 39.452824347526565 ], [ -2.934619171756198, 39.482209266564311 ], [ -2.908232953479401, 39.642333068244561 ], [ -2.997748456791085, 39.718866313012271 ], [ -3.076292664989816, 39.855706205745761 ], [ -3.127228498888599, 39.87468192328047 ], [ -3.097059431993788, 39.933464773365365 ], [ -3.096596256014999, 39.986938305338818 ], [ -3.142565138775374, 39.98496317021705 ], [ -3.170234358012066, 40.048138171894543 ], [ -3.161376651383907, 40.064873267329098 ], [ -3.118189514941352, 40.061428379999363 ], [ -3.060706455484569, 40.090564358279494 ], [ -3.056193591499598, 40.113743625403586 ], [ -3.097374698693665, 40.154352023391517 ], [ -3.063767423288041, 40.168251619778992 ], [ -3.015965836879551, 40.152708639074284 ], [ -3.005072469849881, 40.209117661004719 ], [ -2.911485394314665, 40.157082042521566 ], [ -2.873738975907091, 40.173570635637162 ], [ -2.863126346187201, 40.200109454695003 ], [ -2.821531596599484, 40.205179515000793 ], [ -2.802629584224689, 40.264025100300863 ], [ -2.816963916399299, 40.364023863737202 ], [ -2.777565386313928, 40.446361467748851 ], [ -2.760069514624369, 40.441993143582543 ], [ -2.76002214979885, 40.412335167351571 ], [ -2.722899188851175, 40.397116968723509 ], [ -2.71743034385993, 40.419824677917063 ], [ -2.685128430842279, 40.398002329108238 ], [ -2.70344926529188, 40.425375272237957 ], [ -2.673157495580857, 40.44860895514902 ], [ -2.663845232483132, 40.436050693436513 ], [ -2.586235911075953, 40.450258369242043 ], [ -2.515464969131135, 40.424280533087696 ], [ -2.504534730337198, 40.448648534770989 ], [ -2.544453868242869, 40.474632650926218 ], [ -2.528727097932292, 40.498380252384749 ], [ -2.546266716366317, 40.518954904187119 ], [ -2.536570848839143, 40.536672952160572 ], [ -2.52723624865452, 40.544274620541628 ], [ -2.495971265867631, 40.508809443701274 ], [ -2.426745548284666, 40.540747373265461 ], [ -2.411821689579431, 40.525627464908048 ], [ -2.380004336603792, 40.543586906423826 ], [ -2.416421652466843, 40.580550821834258 ], [ -2.40654644390821, 40.608319670473939 ], [ -2.372573290543675, 40.607158083332905 ], [ -2.343439309175565, 40.569384336288593 ], [ -2.297660430957112, 40.572844603116224 ], [ -2.294244642281543, 40.624651211022289 ], [ -2.274600944667012, 40.644753968653852 ], [ -2.213814880614822, 40.619176630622846 ], [ -2.169249084655519, 40.630233453661631 ], [ -2.156936208840648, 40.658692575799201 ], [ -2.110117984272268, 40.651386407849529 ], [ -1.985526588488296, 40.585433173865709 ], [ -1.961785060235951, 40.611545300351594 ], [ -1.916490333023394, 40.582823854879223 ], [ -1.853284767317057, 40.423677820279913 ], [ -1.836724858255233, 40.427656369241916 ], [ -1.811887875424279, 40.400106922698647 ], [ -1.777769606831681, 40.391877400207811 ], [ -1.697677597787443, 40.321292328080467 ], [ -1.729459967798282, 40.302907454137681 ], [ -1.719274738561061, 40.277101654472894 ], [ -1.690345988793241, 40.309660173138106 ], [ -1.540482264408843, 40.190803811284027 ], [ -1.510902095244164, 40.203715088822705 ], [ -1.474415571259958, 40.185041729481064 ], [ -1.439208089501592, 40.197013668781381 ], [ -1.45621276489073, 40.130953747591555 ], [ -1.407596362457464, 40.101403492436312 ], [ -1.420284721786538, 40.09351421471861 ], [ -1.376858781462731, 40.016499075112534 ], [ -1.249455727501495, 39.995103017221453 ], [ -1.168197121426393, 40.010585077807619 ], [ -1.147351817239763, 39.988596140043363 ], [ -1.144535961507496, 39.970172909317824 ], [ -1.20818371997653, 39.943805435268189 ], [ -1.200043366359605, 39.858705871799124 ], [ -1.21500322246253, 39.808774260339895 ], [ -1.27540898967224, 39.738640502082639 ], [ -1.261995006393188, 39.698906968225806 ], [ -1.307852216719642, 39.670817076198567 ], [ -1.368534386310755, 39.689614874650118 ], [ -1.417931450024231, 39.654935795540531 ], [ -1.461795919779125, 39.576905667600528 ], [ -1.52066436160744, 39.549964886638129 ], [ -1.502602063856668, 39.545615957704698 ], [ -1.499153136022299, 39.500449689530029 ], [ -1.513391421200563, 39.458267828798654 ], [ -1.528915585440686, 39.454599980471848 ], [ -1.520849990393624, 39.43152208845683 ], [ -1.496649430067776, 39.42931967483058 ], [ -1.505175245315755, 39.417995884953257 ], [ -1.739282015710105, 39.321159846848921 ], [ -1.769854183046623, 39.280507813106269 ], [ -1.845192276613281, 39.286118102106684 ], [ -1.886983442111828, 39.304942510849685 ], [ -1.989799882751239, 39.293680088206251 ], [ -2.028432591884566, 39.336808550691693 ], [ -2.020332466551733, 39.351824144348917 ], [ -2.095625852912062, 39.359425459137299 ], [ -2.050963326130916, 39.266676462555431 ], [ -2.168681674631116, 39.281073848248568 ], [ -2.288676874011778, 39.226660623914498 ], [ -2.321190905700406, 39.283738952533476 ], [ -2.349889922153017, 39.278541557919233 ], [ -2.374076772318469, 39.232782710389287 ], [ -2.511046012652284, 39.342153056132823 ], [ -2.5487768019381, 39.323455462680641 ], [ -2.619258463024926, 39.340143358326195 ] ] ] } },
{ "type": "Feature", "properties": { "CPRO": "17" }, "geometry": { "type": "MultiPolygon", "coordinates": [ [ [ [ 2.416342921690589, 41.804803070393469 ], [ 2.353291474478312, 41.807930068265676 ], [ 2.323900381348343, 41.874741359546057 ], [ 2.337883959846033, 41.889151004794741 ], [ 2.382964466512816, 41.871501483995374 ], [ 2.407475292462669, 41.895706603336826 ], [ 2.443054668579264, 41.887475592970958 ], [ 2.481536185230613, 41.916004010444077 ], [ 2.429460801261391, 41.968918241368797 ], [ 2.474672639271382, 41.969329983444695 ], [ 2.488381152510601, 41.984652864725682 ], [ 2.469138675721161, 41.993820499740515 ], [ 2.499259833634334, 42.001505275553434 ], [ 2.49070957557246, 42.067308911084034 ], [ 2.454963722394151, 42.077913373203124 ], [ 2.417561149081853, 42.064854594981938 ], [ 2.399896342803894, 42.102915000983501 ], [ 2.366384634721756, 42.121335655828354 ], [ 2.295280889659482, 42.10266484968944 ], [ 2.299909234141153, 42.134184679867857 ], [ 2.270381612363625, 42.145199900932923 ], [ 2.215481080160138, 42.142080548734022 ], [ 2.201427238208052, 42.124273896717455 ], [ 2.14505659950941, 42.131396147959329 ], [ 2.125911605209052, 42.112642555955411 ], [ 2.092800237164693, 42.144150284796872 ], [ 2.063596085799447, 42.134958424968303 ], [ 2.00434420946403, 42.149502942903169 ], [ 1.991851054337648, 42.182576790309326 ], [ 1.96625305582421, 42.178775380981691 ], [ 1.965570602344395, 42.199079923580143 ], [ 2.007660862297231, 42.194057928615898 ], [ 2.0051930166676, 42.16208811293837 ], [ 2.060873460396885, 42.177878624169594 ], [ 2.053656754855593, 42.219521226050418 ], [ 2.030546226794709, 42.21585846418597 ], [ 2.017070507115401, 42.232700482057737 ], [ 2.070258553998477, 42.291583407477049 ], [ 2.018879118751848, 42.310298087494459 ], [ 1.984190482369526, 42.298058579757956 ], [ 1.903482293514017, 42.323289938161921 ], [ 1.842976381492529, 42.306394789926863 ], [ 1.835518843602347, 42.355571334920356 ], [ 1.855517732102149, 42.369286137611581 ], [ 1.830351478541864, 42.381395411962238 ], [ 1.806400468565575, 42.370079221403621 ], [ 1.801907431435482, 42.424909036559185 ], [ 1.732285644307069, 42.44037085226384 ], [ 1.730099115378215, 42.492265785431357 ], [ 1.823840927930124, 42.486512640170801 ], [ 1.892314164504765, 42.44771560592487 ], [ 1.93696244924345, 42.454465588591553 ], [ 1.965712005856074, 42.381150275313018 ], [ 2.015548276773582, 42.347365282690056 ], [ 2.084307025677838, 42.362127379661167 ], [ 2.129083489183508, 42.41382057021378 ], [ 2.167924468285219, 42.425026425619642 ], [ 2.207141599050064, 42.417169862921931 ], [ 2.256713996431444, 42.438785436179757 ], [ 2.433736653509141, 42.393299628445746 ], [ 2.481499095719223, 42.340776142280568 ], [ 2.533191771470305, 42.332757474137942 ], [ 2.571548151233638, 42.358548800849555 ], [ 2.672008346580654, 42.340732783022979 ], [ 2.651847962167301, 42.385751949514585 ], [ 2.671591554263579, 42.38681673490408 ], [ 2.672310317162268, 42.403641738209238 ], [ 2.734287926307058, 42.424707907165519 ], [ 2.770477120397675, 42.411695790185078 ], [ 2.799676980662608, 42.418228297226527 ], [ 2.839722226504019, 42.459198331675353 ], [ 2.861782996804671, 42.455259610203655 ], [ 2.870654434258882, 42.467550373190555 ], [ 2.918773920377735, 42.456191088333085 ], [ 2.947423261778673, 42.482391888975869 ], [ 2.967919604457824, 42.465479881543466 ], [ 3.033715008962699, 42.474778040977448 ], [ 3.085464287435032, 42.425971024239836 ], [ 3.175513369505766, 42.435026193910751 ], [ 3.161055073755664, 42.428128921043907 ], [ 3.15541956434436, 42.378762106075101 ], [ 3.163281479898315, 42.36052397230133 ], [ 3.194970810176229, 42.335891918263343 ], [ 3.229744274657217, 42.351463365016116 ], [ 3.250270952582254, 42.329926664801249 ], [ 3.26585042192601, 42.340792764849908 ], [ 3.285996433258963, 42.325436547051254 ], [ 3.32238019554296, 42.319584645352236 ], [ 3.2869074523747, 42.303486235203117 ], [ 3.287242914479787, 42.292279180219076 ], [ 3.296262031209498, 42.28984710661868 ], [ 3.299307709298338, 42.284422488760377 ], [ 3.276508592861989, 42.287243659435283 ], [ 3.277130658492489, 42.279864398873023 ], [ 3.287989963488541, 42.265162337236092 ], [ 3.254195058784964, 42.252741514387495 ], [ 3.264947286946318, 42.237678542559969 ], [ 3.229842681256523, 42.251524555948414 ], [ 3.219333788193226, 42.232321435296697 ], [ 3.165576715715307, 42.26462419989484 ], [ 3.113143788351556, 42.21094090481887 ], [ 3.124454578522661, 42.12802771695106 ], [ 3.177160883623285, 42.111626577735372 ], [ 3.170228282928842, 42.10511515655903 ], [ 3.182213822562872, 42.105304664328372 ], [ 3.198623291457402, 42.078051892325185 ], [ 3.208593324085018, 42.06955388705191 ], [ 3.212387686712084, 42.06869963360846 ], [ 3.197080221577804, 42.004073934653306 ], [ 3.23469085387473, 41.962135115235235 ], [ 3.214776129015992, 41.936260287629189 ], [ 3.203366135586252, 41.891700632330746 ], [ 3.183857012774842, 41.888040504291133 ], [ 3.17701510083822, 41.866375149426673 ], [ 3.159164487667041, 41.85946176063684 ], [ 3.152062578158081, 41.862112321825897 ], [ 3.144363128785996, 41.857926525075527 ], [ 3.145734318035322, 41.850147720102584 ], [ 3.132978633086408, 41.846565693904182 ], [ 3.132407158442451, 41.841861614757285 ], [ 3.097246472039459, 41.842372844498058 ], [ 3.066447055783849, 41.80079248293098 ], [ 3.062674272556746, 41.80447120298237 ], [ 3.055296048873648, 41.805043945794324 ], [ 3.056288231409036, 41.787560542954402 ], [ 2.977057319389572, 41.757339681580703 ], [ 2.935240054434662, 41.7203584298504 ], [ 2.935401256456621, 41.71521011163717 ], [ 2.81979083660024, 41.688837338883957 ], [ 2.793342625620136, 41.673597032563116 ], [ 2.778726545859908, 41.648806267888247 ], [ 2.757847191432973, 41.679230221914246 ], [ 2.777215799072649, 41.735472606648486 ], [ 2.657951558959727, 41.747676535308628 ], [ 2.547604953455204, 41.718994715418347 ], [ 2.515964960357016, 41.762061584976742 ], [ 2.416342921690589, 41.804803070393469 ] ], [ [ 3.177682932444978, 41.87651953711692 ], [ 3.176011245948963, 41.877914980705562 ], [ 3.179170504288254, 41.875088962007659 ], [ 3.177682932444978, 41.87651953711692 ] ] ], [ [ [ 2.03177609274905, 42.126998627452686 ], [ 2.017391363841851, 42.109660180743496 ], [ 2.00790237249748, 42.107239873671666 ], [ 2.002889886230992, 42.125555296418341 ], [ 2.03177609274905, 42.126998627452686 ] ] ], [ [ [ 1.977580742515947, 42.494252842495868 ], [ 1.99218300969348, 42.462555428269688 ], [ 2.013854998949464, 42.449839859854031 ], [ 1.957106172511985, 42.457672048618662 ], [ 1.977580742515947, 42.494252842495868 ] ] ], [ [ [ 2.792350574272314, 41.669911448696098 ], [ 2.792312067305684, 41.67041747325549 ], [ 2.792737762101278, 41.670611970502151 ], [ 2.792350574272314, 41.669911448696098 ] ] ], [ [ [ 2.80335804221808, 41.672819750627866 ], [ 2.803654334386275, 41.673308847690826 ], [ 2.803793679943777, 41.673256765291008 ], [ 2.80335804221808, 41.672819750627866 ] ] ], [ [ [ 2.804152074652007, 41.673103589767216 ], [ 2.804464455762198, 41.673105743821999 ], [ 2.804074549194588, 41.672909480398523 ], [ 2.804152074652007, 41.673103589767216 ] ] ], [ [ [ 2.838719014830695, 41.692554809598995 ], [ 2.839009776052165, 41.692449977992695 ], [ 2.838689984630603, 41.692367263004463 ], [ 2.838719014830695, 41.692554809598995 ] ] ], [ [ [ 2.886879572402934, 41.701476198605285 ], [ 2.887107199512122, 41.701338469567723 ], [ 2.886502879872915, 41.701297566531053 ], [ 2.886879572402934, 41.701476198605285 ] ] ], [ [ [ 2.896562408067527, 41.703849502969895 ], [ 2.896398878810323, 41.703506873217037 ], [ 2.895963573612627, 41.703475275531815 ], [ 2.896562408067527, 41.703849502969895 ] ] ], [ [ [ 2.912293783946605, 41.70719702909566 ], [ 2.912641301952862, 41.707710175844525 ], [ 2.912667327209842, 41.707339751883886 ], [ 2.912293783946605, 41.70719702909566 ] ] ], [ [ [ 2.940733242305342, 41.720253536989929 ], [ 2.93991381410255, 41.720098038290942 ], [ 2.940347808421274, 41.720633597215937 ], [ 2.940733242305342, 41.720253536989929 ] ] ], [ [ [ 2.946393530482491, 41.725459694200403 ], [ 2.946575999980543, 41.725873271493128 ], [ 2.946589804071433, 41.725503501137787 ], [ 2.946393530482491, 41.725459694200403 ] ] ], [ [ [ 2.945914755387133, 41.726258682362896 ], [ 2.946002350289772, 41.725777042023118 ], [ 2.945927272818674, 41.725744957021028 ], [ 2.945914755387133, 41.726258682362896 ] ] ], [ [ [ 3.028202797673643, 41.770572493702723 ], [ 3.028481006230001, 41.77084593225527 ], [ 3.028637909905317, 41.77046858052082 ], [ 3.028202797673643, 41.770572493702723 ] ] ], [ [ [ 3.024134085371712, 41.772956064889023 ], [ 3.02395933440796, 41.772632214085 ], [ 3.023679755848846, 41.77272794826866 ], [ 3.024134085371712, 41.772956064889023 ] ] ], [ [ [ 3.025003161249341, 41.772991332066759 ], [ 3.025312088883089, 41.772696057387321 ], [ 3.024922438440836, 41.772644521590422 ], [ 3.025003161249341, 41.772991332066759 ] ] ], [ [ [ 3.040771816697465, 41.778272240071189 ], [ 3.041495825179821, 41.778170991478035 ], [ 3.040717373619908, 41.778077088278415 ], [ 3.040771816697465, 41.778272240071189 ] ] ], [ [ [ 3.046115944387304, 41.779853292569364 ], [ 3.046494081153438, 41.77952726128877 ], [ 3.045598318942345, 41.779592595919901 ], [ 3.046115944387304, 41.779853292569364 ] ] ], [ [ [ 3.045035455012443, 41.780000376613067 ], [ 3.046152550379724, 41.779986356753128 ], [ 3.045003202963823, 41.779786042324268 ], [ 3.045035455012443, 41.780000376613067 ] ] ], [ [ [ 3.094288547458567, 41.834321156884265 ], [ 3.094870120407581, 41.834614221886916 ], [ 3.094831686039385, 41.834463258868922 ], [ 3.094288547458567, 41.834321156884265 ] ] ], [ [ [ 3.094638919648222, 41.835598704284358 ], [ 3.095039290013853, 41.835505368470066 ], [ 3.094542267272269, 41.83546885451868 ], [ 3.094638919648222, 41.835598704284358 ] ] ], [ [ [ 3.130108326164534, 41.840985656897097 ], [ 3.129997821309195, 41.84058653047579 ], [ 3.129891883843401, 41.840988275640292 ], [ 3.130108326164534, 41.840985656897097 ] ] ], [ [ [ 3.133194846988708, 41.846058996492815 ], [ 3.132977606952589, 41.846178673453593 ], [ 3.133238540985889, 41.846137711702035 ], [ 3.133194846988708, 41.846058996492815 ] ] ], [ [ [ 3.183958404303954, 42.35332143343183 ], [ 3.18273526852917, 42.353594666073711 ], [ 3.18392355800517, 42.353584378023534 ], [ 3.183958404303954, 42.35332143343183 ] ] ], [ [ [ 3.165864477539824, 42.362355950441774 ], [ 3.16519844388525, 42.362247847748421 ], [ 3.165467594098719, 42.362764440070478 ], [ 3.165864477539824, 42.362355950441774 ] ] ], [ [ [ 3.167575797153638, 42.367547465621037 ], [ 3.16798962367895, 42.36743513716624 ], [ 3.167872779359303, 42.367234401279063 ], [ 3.167575797153638, 42.367547465621037 ] ] ], [ [ [ 3.167729297658525, 42.367998266082871 ], [ 3.168063507926653, 42.368187287392153 ], [ 3.168054197868716, 42.367845686177589 ], [ 3.167729297658525, 42.367998266082871 ] ] ], [ [ [ 3.164969802367391, 42.374511349003782 ], [ 3.164970868681503, 42.374151233104598 ], [ 3.164589954787489, 42.374351831208692 ], [ 3.164969802367391, 42.374511349003782 ] ] ], [ [ [ 3.165688247247721, 42.410748857030669 ], [ 3.165427544061278, 42.41118602260007 ], [ 3.16592144786097, 42.41126738509054 ], [ 3.165688247247721, 42.410748857030669 ] ] ], [ [ [ 3.137795398426334, 41.847333491587541 ], [ 3.137774935040045, 41.847496613893938 ], [ 3.138047744184373, 41.847328948510587 ], [ 3.137795398426334, 41.847333491587541 ] ] ], [ [ [ 3.138214685665788, 41.847563018622012 ], [ 3.13862790222479, 41.847603872942742 ], [ 3.138421648645712, 41.847461931484148 ], [ 3.138214685665788, 41.847563018622012 ] ] ], [ [ [ 3.141256371393758, 41.848272912969584 ], [ 3.141362378094891, 41.848123209197666 ], [ 3.141139943112772, 41.848189145079857 ], [ 3.141256371393758, 41.848272912969584 ] ] ], [ [ [ 3.142176249959459, 41.848700597112078 ], [ 3.142080367411419, 41.848579708723342 ], [ 3.142009433649096, 41.848718550739591 ], [ 3.142176249959459, 41.848700597112078 ] ] ], [ [ [ 3.153953610946969, 41.860867451929252 ], [ 3.153365884494195, 41.861016082527911 ], [ 3.15398533332256, 41.86094673065346 ], [ 3.153953610946969, 41.860867451929252 ] ] ], [ [ [ 3.179088048901212, 41.867388323875922 ], [ 3.179480621668959, 41.867214091200701 ], [ 3.178929231125339, 41.86699186059225 ], [ 3.179088048901212, 41.867388323875922 ] ] ], [ [ [ 3.179256909718213, 41.86764025503448 ], [ 3.178639981162386, 41.867736576937318 ], [ 3.179271169005295, 41.868161554179494 ], [ 3.179256909718213, 41.86764025503448 ] ] ], [ [ [ 3.179221695679107, 41.871260669343869 ], [ 3.178781586156856, 41.871068412648881 ], [ 3.179074727076154, 41.871484603899425 ], [ 3.179221695679107, 41.871260669343869 ] ] ], [ [ [ 3.206680654985478, 41.899649272574038 ], [ 3.206662133336334, 41.899830300682396 ], [ 3.20678938087668, 41.899652387558135 ], [ 3.206680654985478, 41.899649272574038 ] ] ], [ [ [ 3.209873833231718, 41.903121615983153 ], [ 3.209750951815476, 41.902849232615445 ], [ 3.209695410257155, 41.902897265356849 ], [ 3.209873833231718, 41.903121615983153 ] ] ], [ [ [ 3.2085594017615, 41.908188869338488 ], [ 3.208150999944495, 41.908202046165975 ], [ 3.209068934429682, 41.908224201900993 ], [ 3.2085594017615, 41.908188869338488 ] ] ], [ [ [ 3.218428000093647, 41.924260620568965 ], [ 3.218015514264144, 41.923986038635711 ], [ 3.217778620785566, 41.924151914280955 ], [ 3.218428000093647, 41.924260620568965 ] ] ], [ [ [ 3.218176723176474, 41.924526364535453 ], [ 3.217897910498824, 41.924757549991298 ], [ 3.218526584639608, 41.924777377969733 ], [ 3.218176723176474, 41.924526364535453 ] ] ], [ [ [ 3.21976918746011, 41.925159876704612 ], [ 3.219046317169972, 41.925163190749032 ], [ 3.219755041052716, 41.925385685281299 ], [ 3.21976918746011, 41.925159876704612 ] ] ], [ [ [ 3.218709192030709, 41.937774747979134 ], [ 3.218069663420332, 41.937521478483546 ], [ 3.218399633009141, 41.938061605159767 ], [ 3.218709192030709, 41.937774747979134 ] ] ], [ [ [ 3.228129545873789, 42.041622685995705 ], [ 3.229088682502574, 42.04155239073598 ], [ 3.22879345047098, 42.041127453211736 ], [ 3.228129545873789, 42.041622685995705 ] ] ], [ [ [ 3.227869454354883, 42.041555838286143 ], [ 3.227591377318702, 42.041922053190923 ], [ 3.227981299644405, 42.042080818145479 ], [ 3.227869454354883, 42.041555838286143 ] ] ], [ [ [ 3.224437301489159, 42.043993118773777 ], [ 3.226044660547957, 42.042897417099027 ], [ 3.224444167452034, 42.04320061822979 ], [ 3.224437301489159, 42.043993118773777 ] ] ], [ [ [ 3.224740754160351, 42.050169384102063 ], [ 3.22359048631374, 42.044840335891138 ], [ 3.21934803139628, 42.048131646402865 ], [ 3.224740754160351, 42.050169384102063 ] ] ], [ [ [ 3.206548268806386, 42.073841424565664 ], [ 3.205118867731362, 42.074297098335492 ], [ 3.205322528434471, 42.074403042611181 ], [ 3.206548268806386, 42.073841424565664 ] ] ], [ [ [ 3.197616755525391, 42.084938272055744 ], [ 3.198441924067004, 42.084479481781386 ], [ 3.197958286416696, 42.084352685923143 ], [ 3.197616755525391, 42.084938272055744 ] ] ], [ [ [ 3.203758890862086, 42.240216033313722 ], [ 3.204079274188638, 42.239901618251558 ], [ 3.203385105000467, 42.240110313423202 ], [ 3.203758890862086, 42.240216033313722 ] ] ], [ [ [ 3.265067493060099, 42.237059895432537 ], [ 3.264339628680662, 42.237414825348012 ], [ 3.265180789076719, 42.237224714038021 ], [ 3.265067493060099, 42.237059895432537 ] ] ], [ [ [ 3.198504073204186, 42.242706593306231 ], [ 3.199072695580254, 42.242945750063065 ], [ 3.199027801940707, 42.242489146872664 ], [ 3.198504073204186, 42.242706593306231 ] ] ], [ [ [ 3.283658084542576, 42.273852767550892 ], [ 3.284105397365031, 42.273477119026339 ], [ 3.283779478271163, 42.273369029346824 ], [ 3.283658084542576, 42.273852767550892 ] ] ], [ [ [ 3.279337997883882, 42.281822397113331 ], [ 3.279675961331615, 42.28241590517792 ], [ 3.280450238726149, 42.281428217700636 ], [ 3.279337997883882, 42.281822397113331 ] ] ], [ [ [ 3.29378686104219, 42.28097324297606 ], [ 3.292120698411291, 42.281767163137843 ], [ 3.292766000197123, 42.282523717165354 ], [ 3.29378686104219, 42.28097324297606 ] ] ], [ [ [ 3.309626954517439, 42.290504869994258 ], [ 3.310109048153099, 42.290235198071542 ], [ 3.309749163228009, 42.290273070566172 ], [ 3.309626954517439, 42.290504869994258 ] ] ], [ [ [ 3.296822484372486, 42.29338972564954 ], [ 3.293574734108533, 42.292191527407155 ], [ 3.294943930383672, 42.294123354042355 ], [ 3.296822484372486, 42.29338972564954 ] ] ], [ [ [ 3.30955271988208, 42.291337046970249 ], [ 3.308565519137091, 42.291526620549675 ], [ 3.308742218957109, 42.292200950724514 ], [ 3.30955271988208, 42.291337046970249 ] ] ], [ [ [ 3.309790377189449, 42.29153097480382 ], [ 3.309218323948567, 42.292354684763332 ], [ 3.310050234184997, 42.29146262755593 ], [ 3.309790377189449, 42.29153097480382 ] ] ], [ [ [ 3.296593350876779, 42.294977571998359 ], [ 3.296603354301502, 42.293986917777353 ], [ 3.295722160961564, 42.295358645770186 ], [ 3.296593350876779, 42.294977571998359 ] ] ], [ [ [ 3.291816862055213, 42.302864871964381 ], [ 3.292267544616882, 42.302885044230081 ], [ 3.292281343232074, 42.302659234144237 ], [ 3.291816862055213, 42.302864871964381 ] ] ], [ [ [ 3.301193134987672, 42.305318407427535 ], [ 3.301299791381916, 42.305051487006686 ], [ 3.300961653154013, 42.30494414095368 ], [ 3.301193134987672, 42.305318407427535 ] ] ], [ [ [ 3.306398850588431, 42.310314856565093 ], [ 3.306652694273471, 42.310669864476878 ], [ 3.306953233255757, 42.310401253371751 ], [ 3.306398850588431, 42.310314856565093 ] ] ], [ [ [ 3.309532392713049, 42.312176072324526 ], [ 3.309295931794075, 42.311874067952964 ], [ 3.309330049843439, 42.312214239655724 ], [ 3.309532392713049, 42.312176072324526 ] ] ], [ [ [ 3.331723847470301, 42.320111122362029 ], [ 3.332368926615648, 42.319049244522333 ], [ 3.332136507292648, 42.318909107029 ], [ 3.331723847470301, 42.320111122362029 ] ] ], [ [ [ 3.322404425787354, 42.32344482602057 ], [ 3.321757395830006, 42.321473369538246 ], [ 3.31871885567375, 42.324548934834787 ], [ 3.322404425787354, 42.32344482602057 ] ] ], [ [ [ 3.305289578299618, 42.327073379379108 ], [ 3.30537857874761, 42.328202636307608 ], [ 3.306818912243797, 42.327808060001573 ], [ 3.305289578299618, 42.327073379379108 ] ] ], [ [ [ 3.285556043708434, 42.332436812946547 ], [ 3.285252601835981, 42.332192460956087 ], [ 3.285179783143524, 42.332313507785329 ], [ 3.285556043708434, 42.332436812946547 ] ] ], [ [ [ 3.286385981605757, 42.333336260980211 ], [ 3.286591805965204, 42.33211875364492 ], [ 3.286117423786289, 42.333198033796513 ], [ 3.286385981605757, 42.333336260980211 ] ] ], [ [ [ 3.242329540104021, 42.339623431544176 ], [ 3.243923321489482, 42.339545290808246 ], [ 3.243934577703714, 42.339292649424792 ], [ 3.242329540104021, 42.339623431544176 ] ] ] ] } },
{ "type": "Feature", "properties": { "CPRO": "18" }, "geometry": { "type": "MultiPolygon", "coordinates": [ [ [ [ -3.819129316281693, 36.848526569238501 ], [ -3.867609701882619, 36.85067974723588 ], [ -3.929524786829552, 36.882879797111229 ], [ -4.04569323103451, 36.902863721770984 ], [ -4.09989290472861, 36.952709169767125 ], [ -4.166640790217304, 36.957075066763728 ], [ -4.231335539764, 37.016941066910718 ], [ -4.272510175624118, 37.014902405406261 ], [ -4.287067624892987, 37.119520414435769 ], [ -4.327617761513317, 37.184331086420976 ], [ -4.255309976322598, 37.229564204029501 ], [ -4.263252457421107, 37.260377667517261 ], [ -4.236508595281672, 37.297218082844836 ], [ -4.236418969785668, 37.335850005548082 ], [ -4.204034834520643, 37.352912521586447 ], [ -4.157839074334055, 37.342251092190118 ], [ -4.085943500007115, 37.403745536226367 ], [ -4.000820769585173, 37.402090296339722 ], [ -3.950887060230606, 37.378346657687807 ], [ -3.8422448610871, 37.385750800873545 ], [ -3.78557390045575, 37.490896919606051 ], [ -3.776239607180699, 37.476482981147143 ], [ -3.627067633753489, 37.528540001727556 ], [ -3.536435240081003, 37.580813662519809 ], [ -3.506544012589214, 37.617224495256622 ], [ -3.399303466760881, 37.564049132309087 ], [ -3.296232326831277, 37.588254817084746 ], [ -3.262487027066381, 37.639206322843698 ], [ -3.21574556480827, 37.644185492094984 ], [ -3.172055409137455, 37.642868508749125 ], [ -3.088197454947551, 37.595539629811441 ], [ -3.050966142605326, 37.618356223588293 ], [ -2.978177633204911, 37.602752288697822 ], [ -2.977919144393143, 37.633984076548337 ], [ -2.884037004417684, 37.681318789417816 ], [ -2.901525495610953, 37.689293902868307 ], [ -2.90378300976268, 37.75117153550265 ], [ -2.880294057634107, 37.7599463337081 ], [ -2.873156601379711, 37.791493767485825 ], [ -2.820382681199646, 37.850766763178996 ], [ -2.819605238272329, 37.876137388148564 ], [ -2.722860147462668, 37.962455907900392 ], [ -2.694259835230109, 37.974453352574763 ], [ -2.669827208674415, 37.961435662569023 ], [ -2.605119554262077, 37.998153173525807 ], [ -2.605790660146353, 38.062227824088545 ], [ -2.551293683851013, 38.084095675927337 ], [ -2.29919128710162, 38.002774043671899 ], [ -2.277811938925743, 37.960950799743806 ], [ -2.20766462579314, 37.916569290496064 ], [ -2.29494376877587, 37.876315521984615 ], [ -2.301769747166289, 37.808281515352697 ], [ -2.276780838999852, 37.776215452018469 ], [ -2.323337491436173, 37.693869882493004 ], [ -2.310418443068624, 37.63000891818934 ], [ -2.359564503556242, 37.621263974737673 ], [ -2.391269500745494, 37.632482212471366 ], [ -2.358510065153912, 37.522291948229288 ], [ -2.397216693543543, 37.513383459934374 ], [ -2.411699929519086, 37.524939643343281 ], [ -2.456322559196074, 37.509425229843963 ], [ -2.457520984200039, 37.490826923246836 ], [ -2.51415409650894, 37.479527335987783 ], [ -2.635623526597355, 37.394209135765053 ], [ -2.63729292421079, 37.34333146820579 ], [ -2.654601375719498, 37.340607112833595 ], [ -2.665651091517685, 37.285329558024763 ], [ -2.660115367590385, 37.211993803997657 ], [ -2.733023374384025, 37.237321204480146 ], [ -2.759032807502316, 37.226713622577982 ], [ -2.779003858048724, 37.262655725213548 ], [ -2.845385372622876, 37.279221414967864 ], [ -2.880986144626633, 37.187103435471734 ], [ -2.929146722332717, 37.156566830056093 ], [ -2.948964625312645, 37.096551965385544 ], [ -3.000257385121314, 37.094977231691971 ], [ -3.026394095198877, 37.116572611568763 ], [ -3.016228550747936, 37.052212887669839 ], [ -2.976214393803567, 36.978122181458879 ], [ -2.990498171130936, 36.958184611530875 ], [ -3.029337855525439, 36.947527084484044 ], [ -3.03131671861195, 36.924584852122294 ], [ -3.057187674227252, 36.911540777196926 ], [ -3.07193462955418, 36.91928545946714 ], [ -3.029007510870889, 36.844436877182083 ], [ -3.140190234309137, 36.787783412834045 ], [ -3.12869631934438, 36.750889753062125 ], [ -3.249850664111964, 36.754683164138072 ], [ -3.337509791231306, 36.738701018508976 ], [ -3.420351814986424, 36.694094500878862 ], [ -3.469120330271763, 36.693452680796696 ], [ -3.525919526490114, 36.724157389596364 ], [ -3.554181374533788, 36.715018952231404 ], [ -3.602077677927859, 36.744488813825733 ], [ -3.657866852971405, 36.74646479443215 ], [ -3.675748040686286, 36.730090842156216 ], [ -3.718581357399116, 36.732588805025067 ], [ -3.734517466329653, 36.719688112575085 ], [ -3.749087167776866, 36.737757300866235 ], [ -3.777437351084699, 36.737756798004085 ], [ -3.768143053594709, 36.801955570583793 ], [ -3.819129316281693, 36.848526569238501 ] ] ], [ [ [ -3.389764078180813, 36.708486816054467 ], [ -3.390098217862501, 36.708143139778606 ], [ -3.38984259203953, 36.708513589887581 ], [ -3.389764078180813, 36.708486816054467 ] ] ] ] } },
{ "type": "Feature", "properties": { "CPRO": "19" }, "geometry": { "type": "MultiPolygon", "coordinates": [ [ [ [ -3.289852754369454, 40.531747631326624 ], [ -3.284070572391804, 40.568976422879942 ], [ -3.328276860175712, 40.594836054990672 ], [ -3.33757760439851, 40.625441185671946 ], [ -3.323677723691855, 40.629685904288856 ], [ -3.313859193514831, 40.649743074094495 ], [ -3.31649880646837, 40.655176347751301 ], [ -3.345600439313634, 40.637742267191456 ], [ -3.393355258871677, 40.69245774547516 ], [ -3.404735676240483, 40.669636403018771 ], [ -3.468545104327105, 40.68993678777997 ], [ -3.434494740116404, 40.728768665996071 ], [ -3.450596633539897, 40.735102641355439 ], [ -3.444200037532946, 40.761311282164861 ], [ -3.45901044780754, 40.781323690474174 ], [ -3.50450688145136, 40.789174983657951 ], [ -3.477171133387063, 40.824016378421803 ], [ -3.472669041213203, 40.864096251576846 ], [ -3.440488016376688, 40.875349602853568 ], [ -3.460577726946763, 40.906658317524986 ], [ -3.44406275523917, 40.906849002961074 ], [ -3.418296617729476, 40.987562976992173 ], [ -3.394450859699497, 41.000277150561253 ], [ -3.438935485778855, 41.042668967121315 ], [ -3.425864630320531, 41.08342370054168 ], [ -3.488752185333682, 41.09429304104048 ], [ -3.539703834367881, 41.165010969515606 ], [ -3.46691810978523, 41.183263454685459 ], [ -3.444157753834118, 41.215339952988714 ], [ -3.402489754414002, 41.21361847981791 ], [ -3.399505494217287, 41.254542158035626 ], [ -3.411528346838644, 41.260706438987754 ], [ -3.414591230523646, 41.265577734883855 ], [ -3.415647318126733, 41.272113585133745 ], [ -3.415152761351305, 41.273196287876317 ], [ -3.409784883902867, 41.260622566000038 ], [ -3.336353768736722, 41.253030978481419 ], [ -3.290170511071085, 41.257929734641529 ], [ -3.275762755185861, 41.275034619839587 ], [ -3.274268269925378, 41.260265464332825 ], [ -3.25426694005403, 41.258383355150187 ], [ -3.231248389349301, 41.294867627975307 ], [ -3.19975810084996, 41.304429278802111 ], [ -3.061902391807162, 41.273426667712066 ], [ -2.950130856906721, 41.292636509943918 ], [ -2.941189989010447, 41.313935603265286 ], [ -2.888423791975551, 41.325237502117808 ], [ -2.866844267181513, 41.313072200560342 ], [ -2.866887039506949, 41.274464957782079 ], [ -2.822244108944185, 41.256614495199621 ], [ -2.775510155952936, 41.250083461163186 ], [ -2.760944796219786, 41.274023896964898 ], [ -2.716771805552002, 41.275671322023335 ], [ -2.709545702263392, 41.251980855760465 ], [ -2.64601511588064, 41.240210081395581 ], [ -2.629198964989147, 41.215214529836345 ], [ -2.58948809531536, 41.224537864164745 ], [ -2.593743229988733, 41.200204846182253 ], [ -2.622067414055059, 41.1879876603669 ], [ -2.57749522820143, 41.178662608990805 ], [ -2.595315825272431, 41.150252703159019 ], [ -2.575578836336854, 41.139471141525853 ], [ -2.536512335492013, 41.162524687538991 ], [ -2.508851540245346, 41.118856486373879 ], [ -2.482261064385498, 41.116271648962218 ], [ -2.469466279428925, 41.078109501339604 ], [ -2.418909716209077, 41.057705306626502 ], [ -2.355328880488781, 41.086453551560702 ], [ -2.323406909764425, 41.056507894866044 ], [ -2.263543314973653, 41.067535593362841 ], [ -2.232146395861924, 41.097011582574659 ], [ -2.17529781566916, 41.083754991179404 ], [ -2.131855046254198, 41.118097991413102 ], [ -2.056433972683339, 41.069690744141219 ], [ -2.065621940559897, 41.095789453203814 ], [ -2.047616988718568, 41.152652394076441 ], [ -1.959016893481738, 41.172486037479764 ], [ -1.9324466087393, 41.138589784273286 ], [ -1.890570650014501, 41.133320581855251 ], [ -1.869252122811126, 41.107909389662908 ], [ -1.803291326493038, 41.089893663521558 ], [ -1.61744890538821, 40.943732944171096 ], [ -1.621391385001123, 40.880400128038048 ], [ -1.542334066973824, 40.811218826721635 ], [ -1.539907896647601, 40.760733455521489 ], [ -1.562016814524215, 40.739751796230941 ], [ -1.535637536002386, 40.687018849690801 ], [ -1.564855839126492, 40.614742486707833 ], [ -1.545514699061259, 40.59519534655346 ], [ -1.598748867783065, 40.562053901431327 ], [ -1.678100344762792, 40.590952339497257 ], [ -1.701623715923146, 40.541095630577615 ], [ -1.692511832221604, 40.486823908355049 ], [ -1.74859996265488, 40.462896520447082 ], [ -1.806359117467651, 40.398230141457987 ], [ -1.856463391149184, 40.428790304532491 ], [ -1.882002017753796, 40.518821732850505 ], [ -1.909467064605821, 40.541651135341489 ], [ -1.926448323992884, 40.594069644335029 ], [ -1.964456937366232, 40.611524270323081 ], [ -1.965905040803635, 40.591979503915681 ], [ -1.985526588488296, 40.585433173865709 ], [ -2.035798031311391, 40.601566152673328 ], [ -2.091202071230886, 40.646365314506468 ], [ -2.146997008697954, 40.657961917367864 ], [ -2.169249084655519, 40.630233453661631 ], [ -2.213814880614822, 40.619176630622846 ], [ -2.274600944667012, 40.644753968653852 ], [ -2.294244642281543, 40.624651211022289 ], [ -2.297660430957112, 40.572844603116224 ], [ -2.343439309175565, 40.569384336288593 ], [ -2.372573290543675, 40.607158083332905 ], [ -2.40654644390821, 40.608319670473939 ], [ -2.416421652466843, 40.580550821834258 ], [ -2.380004336603792, 40.543586906423826 ], [ -2.411821689579431, 40.525627464908048 ], [ -2.426745548284666, 40.540747373265461 ], [ -2.495971265867631, 40.508809443701274 ], [ -2.52723624865452, 40.544274620541628 ], [ -2.536570848839143, 40.536672952160572 ], [ -2.546266716366317, 40.518954904187119 ], [ -2.528727097932292, 40.498380252384749 ], [ -2.544453868242869, 40.474632650926218 ], [ -2.504534730337198, 40.448648534770989 ], [ -2.515464969131135, 40.424280533087696 ], [ -2.586235911075953, 40.450258369242043 ], [ -2.663845232483132, 40.436050693436513 ], [ -2.673157495580857, 40.44860895514902 ], [ -2.70344926529188, 40.425375272237957 ], [ -2.685128430842279, 40.398002329108238 ], [ -2.71743034385993, 40.419824677917063 ], [ -2.722899188851175, 40.397116968723509 ], [ -2.76002214979885, 40.412335167351571 ], [ -2.760069514624369, 40.441993143582543 ], [ -2.780318214331045, 40.444763118878882 ], [ -2.816963916399299, 40.364023863737202 ], [ -2.802629584224689, 40.264025100300863 ], [ -2.821531596599484, 40.205179515000793 ], [ -2.863126346187201, 40.200109454695003 ], [ -2.873738975907091, 40.173570635637162 ], [ -2.904849926900849, 40.157896652317397 ], [ -3.004402659120575, 40.209126731229468 ], [ -3.021071361795931, 40.187493301642476 ], [ -3.015965836879551, 40.152708639074284 ], [ -3.063767423288041, 40.168251619778992 ], [ -3.067832221436839, 40.157519026706851 ], [ -3.109506944715182, 40.285186262946269 ], [ -3.153617544775361, 40.263675127210128 ], [ -3.173398259157242, 40.234169155905505 ], [ -3.195381256113309, 40.247620018882074 ], [ -3.182857457541888, 40.308267297856915 ], [ -3.141211879486022, 40.350542362833032 ], [ -3.153429862023893, 40.367703049218704 ], [ -3.130557367854277, 40.405184349025333 ], [ -3.155514658097022, 40.439423888723667 ], [ -3.198597233272976, 40.442251507981005 ], [ -3.201758106754852, 40.516275198836489 ], [ -3.231781912684824, 40.53939064570838 ], [ -3.289852754369454, 40.531747631326624 ] ], [ [ -2.880988464134324, 40.271338814505391 ], [ -2.932976596177834, 40.25860501354844 ], [ -2.949770541831193, 40.226350998472981 ], [ -2.932373881039252, 40.203972051576258 ], [ -2.869336839203451, 40.208738582758663 ], [ -2.853212728800319, 40.231134696531569 ], [ -2.851107588990209, 40.252826465416049 ], [ -2.880988464134324, 40.271338814505391 ] ] ], [ [ [ -3.37405096997882, 40.640248453900739 ], [ -3.371730800062341, 40.625767950438437 ], [ -3.382136530261922, 40.630470039625976 ], [ -3.37405096997882, 40.640248453900739 ] ] ] ] } },
{ "type": "Feature", "properties": { "CPRO": "20" }, "geometry": { "type": "MultiPolygon", "coordinates": [ [ [ [ -2.53514615414988, 42.976848262568097 ], [ -2.542600356628694, 42.950583375971227 ], [ -2.58036820253346, 42.963939255075502 ], [ -2.601595979046237, 42.998437554421223 ], [ -2.524555306126303, 43.044486850612557 ], [ -2.547141570028599, 43.084961736876409 ], [ -2.500341105164847, 43.096153085999795 ], [ -2.509737463025886, 43.161339821088525 ], [ -2.482726511382328, 43.170112733203361 ], [ -2.497047009275691, 43.220716062363813 ], [ -2.462539540620533, 43.222976367746199 ], [ -2.436654405992207, 43.243688247340295 ], [ -2.417896457579794, 43.267487818123179 ], [ -2.439906450532257, 43.295408740532594 ], [ -2.4154953651938, 43.319774060622578 ], [ -2.354127999478158, 43.298232632116807 ], [ -2.287050318185943, 43.294532638436138 ], [ -2.200771152594061, 43.311568603129047 ], [ -2.189912408107315, 43.292348405680713 ], [ -2.133223689989697, 43.284907994840353 ], [ -2.030645464489238, 43.320923462951932 ], [ -1.991160238995458, 43.316065151993008 ], [ -1.96240348622379, 43.338232217207015 ], [ -1.93096208277189, 43.335605196464542 ], [ -1.931844491665289, 43.322044083545308 ], [ -1.913610843569747, 43.319008534078989 ], [ -1.902397090302159, 43.321363863167043 ], [ -1.927947993243804, 43.33576149252854 ], [ -1.790541085986545, 43.395242498429205 ], [ -1.787584261342118, 43.351802625975282 ], [ -1.737805695630432, 43.33035709270041 ], [ -1.729381044596312, 43.293638682346028 ], [ -1.779361376942665, 43.287695375367953 ], [ -1.79487433991944, 43.246525262176988 ], [ -1.861115097368553, 43.212038657546479 ], [ -1.867607317751555, 43.230286923204439 ], [ -1.882060919545132, 43.206806589187579 ], [ -1.914352518110211, 43.22506024461611 ], [ -1.921529954261916, 43.149904206922528 ], [ -1.901997171019307, 43.135742571948654 ], [ -1.947416930423185, 43.097606335664572 ], [ -2.02274365492958, 43.067172538745687 ], [ -2.033728158129969, 43.031287393141398 ], [ -2.109700269146307, 43.010023775304546 ], [ -2.125069120125289, 42.984509924115507 ], [ -2.095314288384206, 42.972274531021796 ], [ -2.103200270916908, 42.948782401845165 ], [ -2.180067407314004, 42.935111096731099 ], [ -2.199136883220528, 42.951176389111382 ], [ -2.251119059837899, 42.948606907704196 ], [ -2.278898619459126, 42.931482356367717 ], [ -2.322313603208511, 42.943738503516514 ], [ -2.365773882547759, 42.979657359500507 ], [ -2.364605022468707, 42.947065857934128 ], [ -2.503088437008388, 42.959724835502335 ], [ -2.53514615414988, 42.976848262568097 ] ] ], [ [ [ -2.001497938765884, 43.320716846463128 ], [ -1.998170286206864, 43.321151400222561 ], [ -1.999893372891587, 43.320378624830781 ], [ -2.001497938765884, 43.320716846463128 ] ] ] ] } },
{ "type": "Feature", "properties": { "CPRO": "21" }, "geometry": { "type": "Polygon", "coordinates": [ [ [ -7.3226759892661, 37.192690951020822 ], [ -7.365613231700044, 37.171571661423869 ], [ -7.407142173841682, 37.181965028652407 ], [ -7.434096218975451, 37.249679578214803 ], [ -7.42225738576336, 37.274162795029177 ], [ -7.442460855910546, 37.310836725535694 ], [ -7.439868737583553, 37.389081894091213 ], [ -7.462804791467382, 37.409787354816842 ], [ -7.445570697136886, 37.419255765726277 ], [ -7.463778310519107, 37.486901054994647 ], [ -7.511498905889058, 37.524432807303064 ], [ -7.522698983506748, 37.556669327813893 ], [ -7.506752729489446, 37.557505783531887 ], [ -7.503683026802308, 37.604708325578549 ], [ -7.489049077099571, 37.603637159429837 ], [ -7.444149640122765, 37.664729272697805 ], [ -7.452507948920435, 37.678121039511055 ], [ -7.421109601489064, 37.759120201271116 ], [ -7.324127797025667, 37.815766431524921 ], [ -7.283458198604558, 37.869079943700882 ], [ -7.248504866983204, 37.954481085940358 ], [ -7.263191657088965, 37.979852137834754 ], [ -7.202218391951972, 38.003476930470917 ], [ -7.132847061575113, 37.999948628267894 ], [ -7.12813024145251, 38.029864855487354 ], [ -7.098780463345492, 38.043845067772892 ], [ -7.059303366437133, 38.017437894359361 ], [ -7.002398929610988, 38.022660297676339 ], [ -6.987363050570882, 38.103896518280791 ], [ -6.952212520371442, 38.152347530596629 ], [ -6.968876126962854, 38.166187834647353 ], [ -6.931731610806356, 38.208032457305379 ], [ -6.848751345068471, 38.177232052655285 ], [ -6.795042858146777, 38.178394450743248 ], [ -6.816123935282378, 38.120154788372673 ], [ -6.770054884147179, 38.112113168644321 ], [ -6.758217264388575, 38.092711174375232 ], [ -6.622425444537032, 38.097004206063538 ], [ -6.580525695178633, 38.052772390114697 ], [ -6.583580667090664, 38.021284586055245 ], [ -6.545693266587273, 38.028118725444109 ], [ -6.476560078673731, 38.00783432506212 ], [ -6.444636703030581, 38.059600429182488 ], [ -6.367567384135087, 38.04891698147086 ], [ -6.347044070503939, 38.002820388902748 ], [ -6.239558646429208, 37.958928581830868 ], [ -6.201516801770333, 37.962062486349645 ], [ -6.169968592812986, 37.909815094560003 ], [ -6.145212934623991, 37.920498415210474 ], [ -6.125236533644689, 37.905065809658325 ], [ -6.164293621206582, 37.862009636136598 ], [ -6.142159862464753, 37.855674308155905 ], [ -6.12166013496034, 37.816594910492555 ], [ -6.134015685055529, 37.78783174213212 ], [ -6.202397068707726, 37.805533740699317 ], [ -6.222234087644624, 37.739654862750847 ], [ -6.252424261107634, 37.742780363433731 ], [ -6.252317743780218, 37.763144861036693 ], [ -6.311021675313117, 37.764869522528521 ], [ -6.449993965629765, 37.718897703616058 ], [ -6.475123327575494, 37.725141095110338 ], [ -6.501342218929762, 37.667959396499874 ], [ -6.53608872818706, 37.650976182237109 ], [ -6.528622050861367, 37.615794708048597 ], [ -6.443270746589193, 37.623354083530224 ], [ -6.39525732638374, 37.611187407907828 ], [ -6.392401106492748, 37.554051093873213 ], [ -6.306054282437877, 37.433015585960362 ], [ -6.312632486349742, 37.418722088114713 ], [ -6.356259231385754, 37.412166014865555 ], [ -6.362080764937899, 37.375880904425195 ], [ -6.346038670763064, 37.365731770140506 ], [ -6.38457150095779, 37.337488813260478 ], [ -6.333000406557963, 37.299103877834021 ], [ -6.359846909805768, 37.238096363183224 ], [ -6.336117059899409, 37.169617381558986 ], [ -6.359674193512618, 37.138425798738417 ], [ -6.342360594136086, 37.122977074993841 ], [ -6.386390839829684, 37.076289686018328 ], [ -6.353941467261474, 36.988490853375367 ], [ -6.378890494711104, 36.934704870632551 ], [ -6.331006819151765, 36.898801603140676 ], [ -6.353213008719418, 36.855035879449545 ], [ -6.34420466485877, 36.799602841349696 ], [ -6.397193321567838, 36.807275539878091 ], [ -6.449273984556272, 36.907785469193698 ], [ -6.521871532698006, 36.977163009774223 ], [ -6.893613197390966, 37.161423201541929 ], [ -6.91050401497863, 37.153056021147691 ], [ -7.070719821140518, 37.209909264152103 ], [ -7.3226759892661, 37.192690951020822 ] ] ] } },
{ "type": "Feature", "properties": { "CPRO": "22" }, "geometry": { "type": "Polygon", "coordinates": [ [ [ -0.374503142796939, 41.688117724653985 ], [ -0.519365743135555, 41.729372232513313 ], [ -0.50069302680251, 41.761317033385829 ], [ -0.524623222735372, 41.848338595657523 ], [ -0.603312965173865, 41.882827017099999 ], [ -0.59546473070562, 41.899593922236022 ], [ -0.630581455739426, 41.91290582417853 ], [ -0.657826351696439, 41.95749519817138 ], [ -0.778209141131774, 41.957396531014552 ], [ -0.884933463760317, 42.003578250823232 ], [ -0.850738192428228, 42.026150592256229 ], [ -0.857005298055309, 42.0509889433485 ], [ -0.812936285289867, 42.09250212760125 ], [ -0.793545416408273, 42.054396369893013 ], [ -0.763141324568259, 42.06747811847471 ], [ -0.74739041246527, 42.155921273801496 ], [ -0.759378253185694, 42.263647634150146 ], [ -0.728864201245806, 42.296322485825087 ], [ -0.736427954333897, 42.369875629423404 ], [ -0.77793618139589, 42.391256422708928 ], [ -0.771809929602337, 42.346713694498227 ], [ -0.80653157836015, 42.270548356895688 ], [ -0.876958766471419, 42.281645650322353 ], [ -0.89054793464679, 42.240029368366137 ], [ -0.91890867880655, 42.257316358342898 ], [ -0.855661064676676, 42.339920313332485 ], [ -0.84417791741451, 42.38464217599816 ], [ -0.815346450993309, 42.394965629750999 ], [ -0.905631851949242, 42.436455590977523 ], [ -0.877246710178906, 42.466614334966735 ], [ -0.897019964216254, 42.47908229874578 ], [ -0.893849929469867, 42.510452545866578 ], [ -0.933424843679689, 42.505878479846707 ], [ -0.895048073843686, 42.549062111004872 ], [ -0.934168503048174, 42.572647890875317 ], [ -0.904712907835956, 42.599047103520675 ], [ -0.927643753775719, 42.656241816242954 ], [ -0.893094347408233, 42.662346812062331 ], [ -0.87995490618039, 42.688137665967801 ], [ -0.922511929161352, 42.700768668769264 ], [ -0.904351551788904, 42.712189042616039 ], [ -0.900536496667448, 42.760466511764818 ], [ -0.873311270497121, 42.758982289016906 ], [ -0.84753429612792, 42.785920193650625 ], [ -0.856834452650648, 42.846886049104285 ], [ -0.818534657190411, 42.869367665631692 ], [ -0.819096157680166, 42.900669729152369 ], [ -0.783213470439781, 42.921726599790759 ], [ -0.727613809216545, 42.919319235470461 ], [ -0.727867903174824, 42.892465550699697 ], [ -0.678762135720267, 42.88457357336047 ], [ -0.602140401430573, 42.831946280451966 ], [ -0.600405553913889, 42.802491516072138 ], [ -0.569220567320003, 42.806912091988018 ], [ -0.569689076227605, 42.783401691225265 ], [ -0.551076903288662, 42.777665175352858 ], [ -0.505496679152446, 42.827197360058591 ], [ -0.444952538844034, 42.796029185000606 ], [ -0.392557839982151, 42.800115153090239 ], [ -0.311944323183512, 42.847631189195091 ], [ -0.189668937436641, 42.78713603275996 ], [ -0.160000600912781, 42.798019333966209 ], [ -0.10636680930279, 42.720946900689583 ], [ -0.068742659415561, 42.718818542365462 ], [ -0.062029121569148, 42.69495524276288 ], [ -0.014579275617804, 42.684767341449223 ], [ 0.013011759482284, 42.702071146673482 ], [ 0.049066247361271, 42.695641053530892 ], [ 0.083397573378213, 42.715944496908826 ], [ 0.161212908256852, 42.722554514264054 ], [ 0.176104092883911, 42.73699030747337 ], [ 0.259772758949255, 42.71616789516213 ], [ 0.263922800286738, 42.693088246756481 ], [ 0.294974822375351, 42.673365031135361 ], [ 0.360103030220589, 42.724204267498713 ], [ 0.422066441980472, 42.690437450467769 ], [ 0.516801664893892, 42.691894380970453 ], [ 0.525535965291845, 42.702151346551574 ], [ 0.577371869264432, 42.6936982619792 ], [ 0.597071097022102, 42.705506038399243 ], [ 0.660065622224225, 42.690982191553296 ], [ 0.696021569659193, 42.658499075627091 ], [ 0.706792899557104, 42.621773904971803 ], [ 0.768199519443797, 42.609817341007862 ], [ 0.750749907127245, 42.534793166052275 ], [ 0.735757972078593, 42.540217957881026 ], [ 0.721443077604128, 42.52451324303852 ], [ 0.740030395168829, 42.50514259112456 ], [ 0.69084620883561, 42.487624007652073 ], [ 0.74645946599525, 42.384772431806724 ], [ 0.722586890305536, 42.36741659860504 ], [ 0.77166948545851, 42.350638077804184 ], [ 0.740722704940087, 42.336868293799093 ], [ 0.764985781939761, 42.322476593525359 ], [ 0.702979750146359, 42.190035248758349 ], [ 0.714326765920741, 42.16341975205647 ], [ 0.696195791432517, 42.15199416307496 ], [ 0.699910755909226, 42.106959487690993 ], [ 0.652069013103108, 42.026246517683482 ], [ 0.657646955087565, 42.001594062199409 ], [ 0.642286555715634, 41.982065920036717 ], [ 0.638897901965031, 41.994599990875088 ], [ 0.618308547987785, 41.988921566667678 ], [ 0.604714327086423, 41.960651860737322 ], [ 0.587286783392614, 41.966772495553819 ], [ 0.561880919911927, 41.938219102218468 ], [ 0.607488279894921, 41.919315143505862 ], [ 0.592784434937399, 41.884414927939623 ], [ 0.607160777201305, 41.871798077814475 ], [ 0.580410593347718, 41.850906263044287 ], [ 0.55491426560388, 41.85279011675506 ], [ 0.543876607987083, 41.820884810557054 ], [ 0.515818283392902, 41.822350481413011 ], [ 0.483233029942119, 41.801463024679585 ], [ 0.468602437638215, 41.764975845130181 ], [ 0.399032093092245, 41.757808459217976 ], [ 0.395792441530105, 41.731978736749852 ], [ 0.385098084368067, 41.740309328683772 ], [ 0.328212343428061, 41.681071623616091 ], [ 0.326241451180306, 41.662199552929927 ], [ 0.358337172044087, 41.631717895350327 ], [ 0.34961284097924, 41.599464057913913 ], [ 0.428849278393637, 41.602373397826284 ], [ 0.447277633545198, 41.542233031516901 ], [ 0.397066122580447, 41.490300301761529 ], [ 0.342377247784728, 41.483998231467865 ], [ 0.355693703014019, 41.452675513588822 ], [ 0.341513918941331, 41.41315790879257 ], [ 0.240942262638904, 41.428351626533392 ], [ 0.21944653163008, 41.403568853788009 ], [ 0.182995357635926, 41.394408010032485 ], [ 0.164004266785552, 41.406496087629023 ], [ 0.093713164820345, 41.349969921504673 ], [ 0.010044619489892, 41.360431320781892 ], [ -0.023047782365371, 41.396992832053797 ], [ -0.007931511226849, 41.347805438493637 ], [ -0.049440092955957, 41.360459680122624 ], [ -0.072705845014207, 41.377157153477441 ], [ -0.104970861672714, 41.48547940989927 ], [ -0.156661951051859, 41.535294525637454 ], [ -0.156445155287881, 41.589973661257098 ], [ -0.205735418113208, 41.602260787678176 ], [ -0.244783847975559, 41.573114842109973 ], [ -0.31258881727737, 41.624101979927893 ], [ -0.359522000330468, 41.635223576099982 ], [ -0.374503142796939, 41.688117724653985 ] ], [ [ -0.699608579524319, 42.848516391191495 ], [ -0.659840435935843, 42.8318798899938 ], [ -0.635920873278431, 42.832234785888353 ], [ -0.668892714494431, 42.858250363651621 ], [ -0.699608579524319, 42.848516391191495 ] ] ] } },
{ "type": "Feature", "properties": { "CPRO": "23" }, "geometry": { "type": "Polygon", "coordinates": [ [ [ -3.981422760331376, 37.387452983507742 ], [ -4.087653474699785, 37.486074575972332 ], [ -4.059994199347007, 37.505812542287728 ], [ -4.098058400425284, 37.51153078849125 ], [ -4.120976092841228, 37.554299487935204 ], [ -4.160707039621038, 37.575106133371783 ], [ -4.173836691215069, 37.610082595327874 ], [ -4.221130065705917, 37.622104118525485 ], [ -4.227868157817888, 37.639780820228609 ], [ -4.164367764054716, 37.681505764733565 ], [ -4.183507737238379, 37.707038079377483 ], [ -4.238609070680027, 37.720090370435621 ], [ -4.206576964588985, 37.778734992560722 ], [ -4.286736029899608, 37.79654250989401 ], [ -4.258052337938834, 37.939321175119957 ], [ -4.282251881599183, 38.022811076250285 ], [ -4.25995794303829, 38.022231918047723 ], [ -4.268941307165112, 38.039763200644515 ], [ -4.240085554, 38.047028442759455 ], [ -4.251945083537948, 38.063521245436824 ], [ -4.21408432944343, 38.089476761136453 ], [ -4.217949570778586, 38.110768413054124 ], [ -4.203702835224745, 38.107977261633394 ], [ -4.161196376184028, 38.145003020169987 ], [ -4.167860288715435, 38.180786882369873 ], [ -4.201174592394145, 38.214083667485298 ], [ -4.196000401143182, 38.237846929240007 ], [ -4.216685142452665, 38.24695272625241 ], [ -4.210217516139988, 38.301451456100395 ], [ -4.23853713074322, 38.315106273689914 ], [ -4.237441897054746, 38.341540540331636 ], [ -4.269268593742777, 38.347734040784168 ], [ -4.268234114056298, 38.39801290143162 ], [ -3.915122214723479, 38.368813883781655 ], [ -3.854286859162994, 38.375140169502757 ], [ -3.830057867718746, 38.412795480994234 ], [ -3.785613932450071, 38.425268175454534 ], [ -3.598236353692557, 38.398473642872922 ], [ -3.58307588919687, 38.451468655842753 ], [ -3.567356897458577, 38.452032403589442 ], [ -3.535163515089093, 38.439413667048001 ], [ -3.528442528324921, 38.408640935465094 ], [ -3.471014501037019, 38.397998654685153 ], [ -3.424823561351095, 38.406799300864051 ], [ -3.37668410831705, 38.439596117331384 ], [ -3.375012053223168, 38.47523499943869 ], [ -3.326492661966776, 38.482120803098688 ], [ -3.279423890969693, 38.46024379399266 ], [ -3.138287333808312, 38.438576525517121 ], [ -3.064965371960606, 38.478247707023144 ], [ -3.0025143845388, 38.408258221793147 ], [ -2.993507791135875, 38.450119640935689 ], [ -2.963585221086464, 38.47145466293216 ], [ -2.905786733789682, 38.469907682470748 ], [ -2.881489617136975, 38.452645066739095 ], [ -2.786957384842735, 38.515650224841544 ], [ -2.676028703233289, 38.496650924148192 ], [ -2.616906962647481, 38.512748254085309 ], [ -2.579558501212972, 38.503148475219952 ], [ -2.566629335345284, 38.490466538159787 ], [ -2.571888034230672, 38.414126781659824 ], [ -2.482361128262677, 38.396192362467858 ], [ -2.485208566590458, 38.300251946956131 ], [ -2.441370301760942, 38.285622907903353 ], [ -2.435390294105989, 38.26501910623864 ], [ -2.454337393306677, 38.215486172601885 ], [ -2.446274117406249, 38.185193360476212 ], [ -2.539666470283648, 38.092612832886701 ], [ -2.606316952458313, 38.061860072289235 ], [ -2.605119554262077, 37.998153173525807 ], [ -2.669827208674415, 37.961435662569023 ], [ -2.702674228443805, 37.971527699473185 ], [ -2.784611261314979, 37.917646530726429 ], [ -2.880294057634107, 37.7599463337081 ], [ -2.90378300976268, 37.75117153550265 ], [ -2.901525495610953, 37.689293902868307 ], [ -2.884037004417684, 37.681318789417816 ], [ -2.977919144393143, 37.633984076548337 ], [ -2.977781073852639, 37.603004590257981 ], [ -3.050966142605326, 37.618356223588293 ], [ -3.088197454947551, 37.595539629811441 ], [ -3.172055409137455, 37.642868508749125 ], [ -3.21574556480827, 37.644185492094984 ], [ -3.262487027066381, 37.639206322843698 ], [ -3.296232326831277, 37.588254817084746 ], [ -3.399303466760881, 37.564049132309087 ], [ -3.506544012589214, 37.617224495256622 ], [ -3.536435240081003, 37.580813662519809 ], [ -3.627067633753489, 37.528540001727556 ], [ -3.776239607180699, 37.476482981147143 ], [ -3.78557390045575, 37.490896919606051 ], [ -3.843527971412595, 37.385336050854519 ], [ -3.981422760331376, 37.387452983507742 ] ] ] } },
{ "type": "Feature", "properties": { "CPRO": "24" }, "geometry": { "type": "Polygon", "coordinates": [ [ [ -6.52600142184093, 42.203358767920506 ], [ -6.613266737985275, 42.203214758450301 ], [ -6.638649329915305, 42.21729586440695 ], [ -6.703793291697414, 42.209372982740391 ], [ -6.784319388273013, 42.253617882060752 ], [ -6.741146797569158, 42.29866289891811 ], [ -6.73395391404226, 42.359110278546638 ], [ -6.842307434272479, 42.403616465883417 ], [ -6.814273050728858, 42.427352974969637 ], [ -6.823245712220205, 42.491280661127433 ], [ -6.860064131773415, 42.488756774999423 ], [ -6.932195008288, 42.520543210785675 ], [ -6.960452401684565, 42.517756710126385 ], [ -6.978905328770944, 42.493246843129619 ], [ -7.077417646753348, 42.508182854677273 ], [ -7.05985253908182, 42.529320730009005 ], [ -7.068913309432026, 42.554461972556219 ], [ -7.034110129260009, 42.584146879780299 ], [ -7.050169844821167, 42.59731041750085 ], [ -7.047004441624845, 42.63269977088629 ], [ -7.004356619062579, 42.642871439557332 ], [ -7.045191500869972, 42.694764772947195 ], [ -7.01088728479588, 42.723659906433852 ], [ -6.972884108389349, 42.725004400961296 ], [ -6.959482743651718, 42.755029147715497 ], [ -6.935602797168988, 42.740861975482076 ], [ -6.867797067931911, 42.787167331964348 ], [ -6.840687370770322, 42.823358753175192 ], [ -6.871277471609186, 42.873840125204353 ], [ -6.833739592261403, 42.882056084310257 ], [ -6.835408278402397, 42.873626460080516 ], [ -6.814889453429591, 42.870819475338457 ], [ -6.847991635917411, 42.914324524064462 ], [ -6.77692637480467, 42.901432817582567 ], [ -6.771512087696618, 42.882550166191628 ], [ -6.723190765346667, 42.917376765518895 ], [ -6.689903780401218, 42.922462868511268 ], [ -6.489771312431369, 42.920247872097107 ], [ -6.433103008322404, 42.939755859462444 ], [ -6.433639650464837, 42.964158909523725 ], [ -6.473474870527441, 42.967854334932149 ], [ -6.478506431458244, 42.991200751311148 ], [ -6.424451410190438, 42.987871810705911 ], [ -6.411477631131577, 43.016928763992325 ], [ -6.394722699527199, 43.016608316587082 ], [ -6.397418079577521, 43.038318072016075 ], [ -6.359458591737853, 43.059573357947983 ], [ -6.326863620041236, 43.031326630482212 ], [ -6.285561722033175, 43.036366293475147 ], [ -6.227033763972251, 43.009034076634236 ], [ -6.215324418604216, 43.04728179891427 ], [ -6.176860690411907, 43.047569671569875 ], [ -6.137911130856644, 43.020309362022125 ], [ -6.096902336140547, 43.030639723025381 ], [ -6.081944623368359, 43.075448516727747 ], [ -6.020584751075211, 43.054878020446715 ], [ -5.975035234390131, 43.065418341358189 ], [ -5.956745602360795, 43.01859316621325 ], [ -5.914619489971324, 42.992697687062119 ], [ -5.804007329051712, 42.962615140604612 ], [ -5.76385993706479, 42.970129661528141 ], [ -5.728376779486914, 43.042513138524136 ], [ -5.69334993800277, 43.056480830650656 ], [ -5.57014276402952, 43.022730604147867 ], [ -5.493752009591436, 43.021350700298392 ], [ -5.478523211629098, 43.054908385849167 ], [ -5.390450772795013, 43.049335819700012 ], [ -5.369135606958596, 43.094576889495293 ], [ -5.282121388375137, 43.077427440518989 ], [ -5.216597309756723, 43.084487755997337 ], [ -5.147802812717124, 43.115118880954661 ], [ -5.140678649310395, 43.102916098390182 ], [ -5.101735520130113, 43.101846184550716 ], [ -5.075859194714146, 43.181532129708621 ], [ -5.023039814125689, 43.185404932041578 ], [ -4.99685857398087, 43.173096435874541 ], [ -4.963917295136731, 43.21244043915285 ], [ -4.908461707854591, 43.237880438853892 ], [ -4.86015645945819, 43.2184069256516 ], [ -4.834567492145331, 43.157462664296872 ], [ -4.8514266698956, 43.1259448207514 ], [ -4.816904494716404, 43.092658400178728 ], [ -4.766498504837232, 43.074546618950393 ], [ -4.766115287592267, 43.055633378966021 ], [ -4.734217033430081, 43.047071364283354 ], [ -4.738078446824276, 43.019007589826501 ], [ -4.794816490777813, 42.986650650939715 ], [ -4.809234524747966, 42.930340691008837 ], [ -4.855500753769727, 42.891706980994201 ], [ -4.86558415204207, 42.86054768528809 ], [ -4.89837069983104, 42.863133545701807 ], [ -4.895876736695181, 42.785172547336515 ], [ -4.935559835562603, 42.756457646439195 ], [ -4.915892014780121, 42.720560351444583 ], [ -4.890558476904346, 42.723259598095325 ], [ -4.871669245890509, 42.707990709820415 ], [ -4.900296388840577, 42.670120483889136 ], [ -4.915953629128936, 42.554753114477052 ], [ -4.887988538381498, 42.537026320055922 ], [ -4.899998939976512, 42.450681051319144 ], [ -4.923984716720296, 42.436142081479929 ], [ -4.90498386906767, 42.424554269945396 ], [ -4.90339421143661, 42.385649549475126 ], [ -4.972552187559304, 42.374384745734773 ], [ -4.9842046380949, 42.33787303037527 ], [ -4.941158220349529, 42.341735147956271 ], [ -4.953447314270448, 42.297155460146755 ], [ -5.038349974879553, 42.297126986825106 ], [ -5.053270858679022, 42.257929025787568 ], [ -5.11200233240253, 42.311841481340004 ], [ -5.182720572468382, 42.26420926831716 ], [ -5.220314828143509, 42.277923071130402 ], [ -5.22845267092111, 42.262464533816413 ], [ -5.236500069612356, 42.273348676667595 ], [ -5.254001542535836, 42.239774852978975 ], [ -5.225994574001122, 42.226723631127712 ], [ -5.24148431003825, 42.214516230907499 ], [ -5.265644977804389, 42.210898156610298 ], [ -5.286926158253918, 42.229927806121388 ], [ -5.307462883688951, 42.19926602767508 ], [ -5.361235274241566, 42.225151870686688 ], [ -5.388103468881157, 42.221443239109249 ], [ -5.376294449257369, 42.041466120558674 ], [ -5.438677321342632, 42.031502232306501 ], [ -5.480925504912746, 42.052426018522432 ], [ -5.527005864739782, 42.10430113831503 ], [ -5.560699019600126, 42.055968057853306 ], [ -5.577722862825767, 42.065447853781855 ], [ -5.586607611047353, 42.050910894450688 ], [ -5.588503242252369, 42.077326598414835 ], [ -5.635042903505568, 42.081994223788818 ], [ -5.620137742077834, 42.106659747201888 ], [ -5.667556389704091, 42.142065900924791 ], [ -5.687177449151175, 42.137924492731564 ], [ -5.676768408477479, 42.120337030912999 ], [ -5.742947939595425, 42.113342865836749 ], [ -5.755193811029441, 42.136625566546186 ], [ -5.776707146350621, 42.135809431612117 ], [ -5.844851340954653, 42.110715920757201 ], [ -5.897427022880922, 42.156101153763153 ], [ -5.911602009599263, 42.140586047948517 ], [ -5.948121312222543, 42.141922082249508 ], [ -5.953468436601498, 42.123683752003551 ], [ -6.049305362624364, 42.159861082233789 ], [ -6.16021309122433, 42.16577226706189 ], [ -6.212395182100728, 42.148076597137745 ], [ -6.251963017440501, 42.173057607300379 ], [ -6.293732059809448, 42.178033340019539 ], [ -6.312585149013037, 42.206585066968252 ], [ -6.427895207781729, 42.201941880482252 ], [ -6.497560754418015, 42.182024858685359 ], [ -6.52600142184093, 42.203358767920506 ] ], [ [ -6.008670632968136, 42.322164054162236 ], [ -6.020783221024094, 42.316379249250268 ], [ -6.009437949492457, 42.31535404539153 ], [ -6.008670632968136, 42.322164054162236 ] ], [ [ -5.301758353983209, 42.269237707642866 ], [ -5.345342537321257, 42.267768647228209 ], [ -5.337114304133506, 42.230824524023632 ], [ -5.303324912394841, 42.251996483838674 ], [ -5.301758353983209, 42.269237707642866 ] ], [ [ -5.137291375133505, 42.561671980932744 ], [ -5.11178077371682, 42.533426912091635 ], [ -5.081203719320316, 42.526754940745533 ], [ -5.104986493463859, 42.554102341955385 ], [ -5.095190974627131, 42.562404648947506 ], [ -5.126128424035469, 42.572307947916642 ], [ -5.12310420759048, 42.559297382165333 ], [ -5.137291375133505, 42.561671980932744 ] ] ] } },
{ "type": "Feature", "properties": { "CPRO": "25" }, "geometry": { "type": "MultiPolygon", "coordinates": [ [ [ [ 0.439460196519653, 41.323732248364045 ], [ 0.433501700411805, 41.276037929705481 ], [ 0.386015702805729, 41.278841826927888 ], [ 0.348787371843994, 41.32886869673144 ], [ 0.373260486479168, 41.353476803183682 ], [ 0.320339898763238, 41.394861167233771 ], [ 0.355682231562155, 41.451757270132411 ], [ 0.342377247784728, 41.483998231467865 ], [ 0.397066122580447, 41.490300301761529 ], [ 0.447277633545198, 41.542233031516901 ], [ 0.428849278393637, 41.602373397826284 ], [ 0.34961284097924, 41.599464057913913 ], [ 0.358337172044087, 41.631717895350327 ], [ 0.327017648223271, 41.678170503278253 ], [ 0.385098084368067, 41.740309328683772 ], [ 0.395792441530105, 41.731978736749852 ], [ 0.399032093092245, 41.757808459217976 ], [ 0.468602437638215, 41.764975845130181 ], [ 0.483233029942119, 41.801463024679585 ], [ 0.515818283392902, 41.822350481413011 ], [ 0.543876607987083, 41.820884810557054 ], [ 0.55491426560388, 41.85279011675506 ], [ 0.580410593347718, 41.850906263044287 ], [ 0.607160777201305, 41.871798077814475 ], [ 0.592784434937399, 41.884414927939623 ], [ 0.607488279894921, 41.919315143505862 ], [ 0.561880919911927, 41.938219102218468 ], [ 0.587286783392614, 41.966772495553819 ], [ 0.604714327086423, 41.960651860737322 ], [ 0.618308547987785, 41.988921566667678 ], [ 0.638897901965031, 41.994599990875088 ], [ 0.642286555715634, 41.982065920036717 ], [ 0.663231741895223, 42.012230241204229 ], [ 0.652069013103108, 42.026246517683482 ], [ 0.699910755909226, 42.106959487690993 ], [ 0.696195791432517, 42.15199416307496 ], [ 0.714326765920741, 42.16341975205647 ], [ 0.702979750146359, 42.190035248758349 ], [ 0.764985781939761, 42.322476593525359 ], [ 0.740722704940087, 42.336868293799093 ], [ 0.77166948545851, 42.350638077804184 ], [ 0.723634565513945, 42.36562667848213 ], [ 0.74645946599525, 42.384772431806724 ], [ 0.69084620883561, 42.487624007652073 ], [ 0.740030395168829, 42.50514259112456 ], [ 0.721443077604128, 42.52451324303852 ], [ 0.735757972078593, 42.540217957881026 ], [ 0.750749907127245, 42.534793166052275 ], [ 0.768199519443797, 42.609817341007862 ], [ 0.706792899557104, 42.621773904971803 ], [ 0.696021569659193, 42.658499075627091 ], [ 0.660375945496085, 42.688386922643033 ], [ 0.682336035372801, 42.709075503221428 ], [ 0.66369651744469, 42.749742586511829 ], [ 0.639681534636042, 42.754804700852901 ], [ 0.668657962593659, 42.774785903009715 ], [ 0.645228169806595, 42.783098892568553 ], [ 0.6714595838576, 42.804364357189456 ], [ 0.660978192146008, 42.840131503440219 ], [ 0.723128993671715, 42.860237670328864 ], [ 0.770232010556247, 42.838083418296513 ], [ 0.855797770748772, 42.826873281245582 ], [ 0.926789567277106, 42.789584519785329 ], [ 0.961126843642965, 42.805246376885506 ], [ 0.984830613812994, 42.786135806739487 ], [ 1.078532337190045, 42.78789256239358 ], [ 1.171053045660021, 42.708168274603267 ], [ 1.229697042332437, 42.728542445526188 ], [ 1.252585305181449, 42.714647511425127 ], [ 1.358281972080895, 42.720661782887213 ], [ 1.352250315595113, 42.703226478272455 ], [ 1.388958979434155, 42.688002507145598 ], [ 1.444469690018653, 42.592805189917826 ], [ 1.427582783637661, 42.583385350475432 ], [ 1.445066882524798, 42.566788187378847 ], [ 1.414062047171442, 42.535665946110328 ], [ 1.447208248367364, 42.541251353655483 ], [ 1.469563179444227, 42.510766464250835 ], [ 1.420358015372536, 42.486748674392857 ], [ 1.44139418940079, 42.475471395003524 ], [ 1.444756391892446, 42.441415099233417 ], [ 1.551450814255642, 42.432608748784745 ], [ 1.560910217715649, 42.458575825475755 ], [ 1.581194669297625, 42.449976874305023 ], [ 1.597975451062217, 42.467607656799053 ], [ 1.65739165648754, 42.468437272581284 ], [ 1.670694899757336, 42.504151253979444 ], [ 1.703976423975656, 42.489786893893758 ], [ 1.726623957451344, 42.504887915839149 ], [ 1.732285644307069, 42.44037085226384 ], [ 1.801907431435482, 42.424909036559185 ], [ 1.806400468565575, 42.370079221403621 ], [ 1.830351478541864, 42.381395411962238 ], [ 1.855517732102149, 42.369286137611581 ], [ 1.835518843602347, 42.355571334920356 ], [ 1.833131398169319, 42.301229315336499 ], [ 1.67066868900034, 42.281687454467601 ], [ 1.690501799848386, 42.277094519458643 ], [ 1.684945310671791, 42.256461275085023 ], [ 1.704560382418009, 42.236200018370901 ], [ 1.680771036659907, 42.206329866732517 ], [ 1.737713960010547, 42.189689325209514 ], [ 1.739427920088364, 42.176518415087763 ], [ 1.698915331447239, 42.135710467348147 ], [ 1.722411142884882, 42.091077087764376 ], [ 1.691655600750471, 42.087092558982619 ], [ 1.670593456848817, 42.044413007844319 ], [ 1.692836297846182, 42.046123669222638 ], [ 1.699644339125679, 42.028891077470952 ], [ 1.666324503645079, 42.003495383919258 ], [ 1.656214098793199, 42.020905393361453 ], [ 1.64821438489884, 42.000144255784292 ], [ 1.697795558680573, 41.985174101275724 ], [ 1.698099957539877, 42.014675019113646 ], [ 1.71958518713517, 41.98445827836143 ], [ 1.683104810355602, 41.967372581750922 ], [ 1.675649758426112, 41.982524020186368 ], [ 1.650424613833944, 41.979652597305588 ], [ 1.65336331055816, 41.928789450122785 ], [ 1.569286391681153, 41.880006962887677 ], [ 1.619479355922355, 41.881523705890707 ], [ 1.630664118239392, 41.858770354087 ], [ 1.589166970384135, 41.804716034192836 ], [ 1.593951559708639, 41.777918243654774 ], [ 1.572939952775555, 41.782179880784774 ], [ 1.531080368505021, 41.752554077938392 ], [ 1.505192059002945, 41.787878965710796 ], [ 1.482804286768781, 41.790998684768056 ], [ 1.484123624532592, 41.771642839671109 ], [ 1.468670402806025, 41.770985672359991 ], [ 1.47259459783962, 41.800221289317058 ], [ 1.426669622963227, 41.801868860976064 ], [ 1.40337998294416, 41.745294025471885 ], [ 1.425204992556837, 41.732766210190682 ], [ 1.382279104978048, 41.705747002730753 ], [ 1.423748366961047, 41.684110961438357 ], [ 1.415395727684618, 41.674573601782548 ], [ 1.448674047122951, 41.636091779639528 ], [ 1.392029501861736, 41.634079014170908 ], [ 1.359976427504453, 41.613529754900014 ], [ 1.406995096109946, 41.600468689059042 ], [ 1.392678037542139, 41.578309323918404 ], [ 1.403801757885826, 41.558154682714111 ], [ 1.220217097229385, 41.569575269755745 ], [ 1.211118525629572, 41.548596337506631 ], [ 1.165007137136272, 41.534449213036673 ], [ 1.181299872928516, 41.488105491024612 ], [ 1.112528953054884, 41.467006656511195 ], [ 1.040104311804457, 41.501103324860566 ], [ 1.037712523708589, 41.479990787384686 ], [ 1.075474334005466, 41.459899938545497 ], [ 1.027325068584302, 41.409776789102445 ], [ 0.982002991394111, 41.392149042633939 ], [ 0.964644278894486, 41.355469555976889 ], [ 0.863642882095423, 41.338082316846567 ], [ 0.842785354519854, 41.361681933309129 ], [ 0.819847766071634, 41.32882278933188 ], [ 0.762828989155431, 41.334242053453664 ], [ 0.751874242562211, 41.317832320286129 ], [ 0.669973596075786, 41.309579826954447 ], [ 0.628417683284119, 41.290970354947959 ], [ 0.597157361515935, 41.29353775385988 ], [ 0.581129339786993, 41.320054568033676 ], [ 0.554779174182133, 41.326662862894104 ], [ 0.526159676889021, 41.290451375673776 ], [ 0.503626200789778, 41.289726551767892 ], [ 0.469498243894859, 41.331033664433214 ], [ 0.439460196519653, 41.323732248364045 ] ], [ [ 1.645234203415507, 42.112610403206048 ], [ 1.689428099807994, 42.104560341309885 ], [ 1.692036567403999, 42.112862673680524 ], [ 1.645234203415507, 42.112610403206048 ] ] ], [ [ [ 1.709745431366867, 41.897097682990022 ], [ 1.719108345295638, 41.882389083614378 ], [ 1.706333300964507, 41.889377925052244 ], [ 1.709745431366867, 41.897097682990022 ] ] ] ] } },
{ "type": "Feature", "properties": { "CPRO": "26" }, "geometry": { "type": "Polygon", "coordinates": [ [ [ -2.797986834440184, 42.046843548191603 ], [ -2.883825883547687, 42.009486651943497 ], [ -2.913624362735741, 42.022852187951344 ], [ -2.935333173618324, 42.089407958987969 ], [ -3.034373721628012, 42.085963360252435 ], [ -3.12906303588766, 42.197647663825229 ], [ -3.088589314866535, 42.245725120429022 ], [ -3.109668330503149, 42.351448382742589 ], [ -3.063462080473364, 42.356697390870835 ], [ -3.084810900563728, 42.385386135956757 ], [ -3.105270227645418, 42.386369081498557 ], [ -3.090354702384184, 42.422369921464444 ], [ -3.053142537110324, 42.373417833643948 ], [ -3.063299248593491, 42.424909437171067 ], [ -3.046003849864355, 42.445154004351203 ], [ -3.094695194446613, 42.488074290688552 ], [ -3.071900886622877, 42.528103999701251 ], [ -3.134271282802743, 42.542052849033091 ], [ -3.059830627423194, 42.58918869585883 ], [ -3.084152289347575, 42.640686850634232 ], [ -2.946451381276792, 42.639316862996296 ], [ -2.920494967188706, 42.62046136148588 ], [ -2.880277304195427, 42.618836652798308 ], [ -2.858094248143037, 42.638203693362286 ], [ -2.841801239916786, 42.608599214006979 ], [ -2.818771365700831, 42.612716469610923 ], [ -2.840847581747642, 42.581193066693288 ], [ -2.822972613485126, 42.554743351238564 ], [ -2.777953688210767, 42.581339747932645 ], [ -2.763720798539131, 42.622837107633217 ], [ -2.740772197164898, 42.622553029393082 ], [ -2.68054200672599, 42.594517975578931 ], [ -2.705687379075863, 42.517162121955437 ], [ -2.675780520160339, 42.525726701055021 ], [ -2.647748750340772, 42.483263293042597 ], [ -2.605425155749729, 42.503522308809501 ], [ -2.596993069949086, 42.472936080187814 ], [ -2.568258466883957, 42.49414813426035 ], [ -2.530479301100788, 42.483570642978414 ], [ -2.537352558491167, 42.495243162385755 ], [ -2.509740123699373, 42.520056359170837 ], [ -2.514720597411529, 42.490115227640899 ], [ -2.415438922252723, 42.490364471386528 ], [ -2.345802419795012, 42.451508111361214 ], [ -2.330490557855605, 42.46880582866514 ], [ -2.29833087675066, 42.457205546103808 ], [ -2.287999807834403, 42.467180378395817 ], [ -2.274849938076279, 42.445665565190417 ], [ -2.17578980247608, 42.407870761801867 ], [ -2.11122422921308, 42.419695707478695 ], [ -2.115927833343475, 42.399409807350573 ], [ -2.078790778905076, 42.368591417263715 ], [ -2.089989077220129, 42.346591649604022 ], [ -1.99570790986858, 42.363701156121955 ], [ -1.965176596934888, 42.33394106596014 ], [ -1.916529553541106, 42.326324817562742 ], [ -1.915225915569027, 42.300594204343909 ], [ -1.87140676341043, 42.289529815468697 ], [ -1.872431633622972, 42.252677115457772 ], [ -1.850324334623007, 42.259109532564288 ], [ -1.819219091816094, 42.248638947829612 ], [ -1.816864800556373, 42.228219358557958 ], [ -1.709783338237842, 42.209978380364184 ], [ -1.703698851120341, 42.191150651850428 ], [ -1.679735887596458, 42.188831626621869 ], [ -1.700565432404884, 42.173380441198987 ], [ -1.67928373351381, 42.151825919454708 ], [ -1.719699540662434, 42.133064144521448 ], [ -1.741081846345545, 42.150235910424577 ], [ -1.781754802242628, 42.137444125164791 ], [ -1.832308897203556, 42.14841451608379 ], [ -1.908792892324183, 42.058694170849989 ], [ -1.902331070712295, 42.029294804330277 ], [ -1.847392543550475, 42.00805879048017 ], [ -1.844047943635411, 41.987334004426067 ], [ -1.877594334684563, 41.952434767617852 ], [ -1.963857842833007, 41.919956585831677 ], [ -2.028313706679075, 41.953385615944562 ], [ -2.036391356049316, 41.939403458833645 ], [ -2.114355258102929, 41.961143547503255 ], [ -2.124071186614343, 41.995308112470404 ], [ -2.107631105553939, 42.002773855777278 ], [ -2.161912246340307, 42.066733524084839 ], [ -2.127238906067491, 42.080461637033821 ], [ -2.133376514673804, 42.101141895206624 ], [ -2.236483931180575, 42.102506078367455 ], [ -2.269588688100529, 42.088554880682793 ], [ -2.2821597061166, 42.131702977447553 ], [ -2.318204981366888, 42.145180452036108 ], [ -2.438462469794902, 42.137267847820063 ], [ -2.484369876336783, 42.106348398264679 ], [ -2.514677293546223, 42.114541590810916 ], [ -2.514881352484237, 42.068861496125734 ], [ -2.549067757455415, 42.051510384443873 ], [ -2.579909848988867, 41.996263930914111 ], [ -2.626636530113668, 42.006504170880071 ], [ -2.673583038005718, 41.99806430772562 ], [ -2.705138704223514, 42.015136529950233 ], [ -2.746962800822098, 42.009274236894953 ], [ -2.7573780283305, 42.033101489902258 ], [ -2.705948317066908, 42.103556171615026 ], [ -2.734667269674944, 42.124953765643987 ], [ -2.775688276520298, 42.122880210968795 ], [ -2.803343777674282, 42.080483554875073 ], [ -2.797986834440184, 42.046843548191603 ] ], [ [ -2.553028412354878, 42.346671583603936 ], [ -2.618127057537952, 42.316682806780761 ], [ -2.574010497174596, 42.283456666088526 ], [ -2.553028412354878, 42.346671583603936 ] ], [ [ -2.994524981386316, 42.615491435688966 ], [ -2.986248058043284, 42.607052229708501 ], [ -2.985222086132698, 42.6142206856684 ], [ -2.994524981386316, 42.615491435688966 ] ], [ [ -2.945214831874451, 42.603887425965425 ], [ -2.922629318281301, 42.600830189584244 ], [ -2.934500477477598, 42.614076243668052 ], [ -2.945214831874451, 42.603887425965425 ] ], [ [ -2.624797638011989, 42.466313968645814 ], [ -2.624766667358243, 42.466314175191684 ], [ -2.624799186970407, 42.466313958318523 ], [ -2.624797638011989, 42.466313968645814 ] ], [ [ -2.62533888304319, 42.462152356896283 ], [ -2.622281345745106, 42.455334209353836 ], [ -2.626100721373324, 42.465379884209085 ], [ -2.62533888304319, 42.462152356896283 ] ], [ [ -2.622822526101662, 42.448302931102113 ], [ -2.622332809812689, 42.454665634506384 ], [ -2.623298418265499, 42.446871829582356 ], [ -2.622822526101662, 42.448302931102113 ] ], [ [ -2.623528256080288, 42.446179404067287 ], [ -2.623528335240162, 42.446180399484433 ], [ -2.623528335240164, 42.446180399484433 ], [ -2.623528256080288, 42.446179404067287 ] ], [ [ -2.622822276709764, 42.44830294829336 ], [ -2.622822276709775, 42.448302948293389 ], [ -2.623345751700513, 42.446728595935276 ], [ -2.622822276709764, 42.44830294829336 ] ], [ [ -2.614433842240357, 42.44596948113378 ], [ -2.612830446243159, 42.445684897659774 ], [ -2.61218751736925, 42.445430550536805 ], [ -2.612830446243159, 42.445684897659795 ], [ -2.614433842240356, 42.445969481133808 ], [ -2.616496945772392, 42.446633835365276 ], [ -2.614433842240357, 42.44596948113378 ] ], [ [ -2.611521683036425, 42.444959962320667 ], [ -2.609845324953727, 42.444693035019952 ], [ -2.611520838644905, 42.444959846884622 ], [ -2.611521683036425, 42.444959962320695 ], [ -2.612180380436971, 42.445425474054062 ], [ -2.611521683036425, 42.444959962320667 ] ], [ [ -2.609074507888076, 42.444424459543626 ], [ -2.608016648095348, 42.443507046589772 ], [ -2.608008364074407, 42.443501740774515 ], [ -2.608354795810616, 42.443877492293083 ], [ -2.609074507888076, 42.444424459543626 ] ], [ [ -2.608008364074407, 42.443501740774515 ], [ -2.606936996949611, 42.44309808713809 ], [ -2.606183282236915, 42.443068532708757 ], [ -2.608008364074407, 42.443501740774515 ] ], [ [ -2.60432143358327, 42.443296241424783 ], [ -2.604321433583293, 42.443296241424768 ], [ -2.602553575915174, 42.444046545808959 ], [ -2.60432143358327, 42.443296241424783 ] ], [ [ -2.600897217008082, 42.444464145922623 ], [ -2.600324363138713, 42.444535514465969 ], [ -2.602553575915174, 42.444046545808959 ], [ -2.600897217008082, 42.444464145922623 ] ], [ [ -2.574998275262355, 42.447874127755867 ], [ -2.566034716521534, 42.448083721829775 ], [ -2.579335207829775, 42.448520589486051 ], [ -2.574998275262355, 42.447874127755867 ] ], [ [ -2.56258592197418, 42.447404100559446 ], [ -2.56258592197418, 42.44740410055941 ], [ -2.561942291750399, 42.447284630269792 ], [ -2.56258592197418, 42.447404100559446 ] ], [ [ -2.54925267944429, 42.4448217803766 ], [ -2.557084827937183, 42.446338314227468 ], [ -2.549981197750514, 42.444959731060926 ], [ -2.54925267944429, 42.4448217803766 ] ], [ [ -2.524476220157647, 42.442551130760592 ], [ -2.546344219559105, 42.443450369537786 ], [ -2.543799366488739, 42.442269540958847 ], [ -2.535937861819666, 42.441526485060542 ], [ -2.530856008113557, 42.441433696230852 ], [ -2.527520076060344, 42.442014395696141 ], [ -2.524476220157647, 42.442551130760592 ] ], [ [ -2.456719071601967, 42.458493124672643 ], [ -2.454000411398324, 42.458009998916076 ], [ -2.452642736245825, 42.457768671022357 ], [ -2.456719071601967, 42.458493124672643 ] ], [ [ -2.443154598542209, 42.469156613065373 ], [ -2.443154598542186, 42.469156613065408 ], [ -2.443823253042999, 42.47033608734219 ], [ -2.443154598542209, 42.469156613065373 ] ], [ [ -2.442061549247627, 42.469015321109538 ], [ -2.441740001028165, 42.469023845598997 ], [ -2.443267614558883, 42.468872073418446 ], [ -2.442061549247627, 42.469015321109538 ] ], [ [ -2.441740001028165, 42.469023845598997 ], [ -2.440016351135708, 42.469085308573113 ], [ -2.439838090893103, 42.46913405455205 ], [ -2.441740001028165, 42.469023845598997 ] ], [ [ -2.439838090893103, 42.46913405455205 ], [ -2.4381489863994, 42.469342733440392 ], [ -2.438074962447328, 42.469351924896941 ], [ -2.439838090893103, 42.46913405455205 ] ], [ [ -2.437092947879865, 42.469421818148938 ], [ -2.436953313584433, 42.469416650169485 ], [ -2.438074962447328, 42.469351924896941 ], [ -2.437092947879865, 42.469421818148938 ] ], [ [ -2.442029242911747, 42.470821269607647 ], [ -2.441488249610127, 42.471080302338272 ], [ -2.443823253042999, 42.47033608734219 ], [ -2.442029242911747, 42.470821269607647 ] ], [ [ -2.456226628193215, 42.459237957004532 ], [ -2.455975797862788, 42.45961733612338 ], [ -2.455975797862798, 42.45961733612338 ], [ -2.456226628193215, 42.459237957004532 ] ], [ [ -2.455758539046593, 42.45956631654677 ], [ -2.455707650314648, 42.459655834073907 ], [ -2.455758539046595, 42.45956631654677 ], [ -2.455758539046593, 42.45956631654677 ] ], [ [ -2.4499388459434, 42.459284539233259 ], [ -2.449938845943394, 42.45928453923328 ], [ -2.450593864240543, 42.45944140409469 ], [ -2.4499388459434, 42.459284539233259 ] ], [ [ -2.441314297472277, 42.45543790934758 ], [ -2.441314297472289, 42.455437909347566 ], [ -2.441070357163966, 42.453676038046076 ], [ -2.441314297472277, 42.45543790934758 ] ], [ [ -2.441261782638376, 42.457353088788615 ], [ -2.441238603708217, 42.457354764512843 ], [ -2.44127742294011, 42.457351953769518 ], [ -2.441261782638376, 42.457353088788615 ] ], [ [ -2.439084649150635, 42.457546359818558 ], [ -2.43960152521342, 42.457464235252424 ], [ -2.439397899513022, 42.457495110516341 ], [ -2.439084649150623, 42.457546359818558 ], [ -2.438997686000043, 42.457558402443759 ], [ -2.439084649150635, 42.457546359818558 ] ], [ [ -2.438187421027447, 42.457684776728115 ], [ -2.438184174141667, 42.457685362690135 ], [ -2.43821337590178, 42.45768011403662 ], [ -2.438187421027447, 42.457684776728115 ] ], [ [ -2.440410253583351, 42.453721405983813 ], [ -2.441068093867278, 42.453676193451777 ], [ -2.441027066411064, 42.453679010529484 ], [ -2.440410253583363, 42.453721405983799 ], [ -2.440125948112311, 42.453740932066296 ], [ -2.440410253583351, 42.453721405983813 ] ], [ [ -2.4388798353563, 42.453826553016704 ], [ -2.439091003328292, 42.453812050602096 ], [ -2.438550843307947, 42.45384915708965 ], [ -2.4388798353563, 42.453826553016704 ] ], [ [ -2.438550843307947, 42.45384915708965 ], [ -2.437631850259161, 42.453912281813828 ], [ -2.437341683028977, 42.453932218921572 ], [ -2.437631850259139, 42.453912281813842 ], [ -2.438122061999574, 42.453878615413323 ], [ -2.438550843307947, 42.45384915708965 ] ], [ [ -2.450377255324038, 42.458318407333223 ], [ -2.452215411460206, 42.45874220450721 ], [ -2.452215411460215, 42.458742204507196 ], [ -2.450377255324038, 42.458318407333223 ] ], [ [ -2.431636655933249, 42.468489170671717 ], [ -2.431636655933249, 42.468489170671688 ], [ -2.427855348127815, 42.472886994986027 ], [ -2.431636655933249, 42.468489170671717 ] ], [ [ -2.433249024744024, 42.468999499100342 ], [ -2.435353189500156, 42.469298621914 ], [ -2.435359100935957, 42.469299058182905 ], [ -2.433249024744024, 42.468999499100342 ] ], [ [ -2.436816647296664, 42.474705823611451 ], [ -2.439162481169336, 42.472573249917396 ], [ -2.436816647296657, 42.474705823611451 ], [ -2.436816647296664, 42.474705823611451 ] ] ] } },
{ "type": "Feature", "properties": { "CPRO": "27" }, "geometry": { "type": "MultiPolygon", "coordinates": [ [ [ [ -7.61943141486905, 42.384882632957336 ], [ -7.698236759584259, 42.429534956833017 ], [ -7.714101922120024, 42.45257898091112 ], [ -7.789262968116573, 42.465985857304531 ], [ -7.748674375856034, 42.479977174663674 ], [ -7.765390768504834, 42.493948097236029 ], [ -7.801671034656589, 42.480014679465278 ], [ -7.875778168094406, 42.510937091381429 ], [ -7.913543564101486, 42.508374608505292 ], [ -7.901965846654551, 42.521349971915662 ], [ -7.924370066457254, 42.525032438094371 ], [ -7.889097364792296, 42.538115683216532 ], [ -7.890406919622174, 42.550186764856733 ], [ -7.93111417370012, 42.57858868723519 ], [ -7.892917263608777, 42.629621372942601 ], [ -7.890079283270406, 42.683698085919183 ], [ -7.861532334967087, 42.706709900069875 ], [ -7.866395035414482, 42.720635550715564 ], [ -7.935737180009933, 42.739731722920055 ], [ -7.978778072818993, 42.778691913625117 ], [ -7.980851501733562, 42.811327149470706 ], [ -7.956412173317704, 42.83974980238213 ], [ -8.000100127929276, 42.84888331475927 ], [ -7.935878510142413, 42.903444332865512 ], [ -7.943690621884475, 42.917339940582885 ], [ -7.908540154637224, 42.951249045351176 ], [ -7.90568276768204, 42.9853848372763 ], [ -7.943167812665775, 43.067566249444809 ], [ -7.916970374845545, 43.088323907399584 ], [ -7.96137166316939, 43.189870777098591 ], [ -7.921895024798233, 43.269454264467285 ], [ -7.946930913631173, 43.285854815380347 ], [ -7.887884470239658, 43.336888870856832 ], [ -7.891607302810238, 43.398434460495068 ], [ -7.86996086610444, 43.408543483633281 ], [ -7.823439940399146, 43.400733882210432 ], [ -7.807648535794821, 43.437330759188747 ], [ -7.780664217295389, 43.448574917345027 ], [ -7.744800937920837, 43.511885901888938 ], [ -7.76068672902778, 43.54801866531858 ], [ -7.749132637210202, 43.577660329321546 ], [ -7.718301194159817, 43.583396204353974 ], [ -7.735859912580498, 43.622127622983399 ], [ -7.691380134675884, 43.654043775333314 ], [ -7.719642390647809, 43.686637908291921 ], [ -7.69897196202053, 43.69564772568144 ], [ -7.70018296927454, 43.73520050359933 ], [ -7.681253197054915, 43.73053504486569 ], [ -7.673023843025851, 43.746700678386624 ], [ -7.63598797846178, 43.753260215918729 ], [ -7.62862386471303, 43.721109328141068 ], [ -7.606369008905833, 43.717715622045446 ], [ -7.614488274379673, 43.67957883599459 ], [ -7.608804010116943, 43.672553398364698 ], [ -7.59584898318059, 43.673317082213295 ], [ -7.60224220591338, 43.65829218872237 ], [ -7.576907272622257, 43.692933143837664 ], [ -7.584480868498352, 43.711447935205975 ], [ -7.559062742148079, 43.710879908657908 ], [ -7.554131490436792, 43.730121852707619 ], [ -7.524190777441008, 43.735888527460197 ], [ -7.514158502774007, 43.718777241253633 ], [ -7.467538344980225, 43.72338364889896 ], [ -7.469003164072552, 43.702910610266017 ], [ -7.460678492768865, 43.712495849205453 ], [ -7.446801668572719, 43.693715236202777 ], [ -7.436501130253875, 43.701876325945975 ], [ -7.356506443793918, 43.671248620905253 ], [ -7.299182418249587, 43.59309376900007 ], [ -7.245294227687077, 43.574712824977148 ], [ -7.269784650963419, 43.561517011546094 ], [ -7.256176495355543, 43.547363098019801 ], [ -7.236188861255239, 43.568864230255556 ], [ -7.158574461449141, 43.553792144562301 ], [ -7.037511490046001, 43.552181405286788 ], [ -7.04864352576581, 43.477069652888225 ], [ -7.089528823761518, 43.455111640362716 ], [ -7.103160517475347, 43.426950607510399 ], [ -7.172986768965139, 43.430413161156771 ], [ -7.182487620327648, 43.392459317008537 ], [ -7.127531485148869, 43.37259993234423 ], [ -7.131206163400533, 43.331349224482345 ], [ -7.100933513430212, 43.303810154454851 ], [ -7.0597858446633, 43.30533467017429 ], [ -7.061592612815924, 43.244047351837999 ], [ -7.020054230514106, 43.213239633093281 ], [ -7.009583729533277, 43.222881329762885 ], [ -7.001445262029418, 43.207275491403486 ], [ -6.971019086763842, 43.204249819567998 ], [ -6.98077324228308, 43.166545277379164 ], [ -6.957362444371051, 43.135476747599391 ], [ -6.885405684119148, 43.156800768333213 ], [ -6.868246178169328, 43.190021571848362 ], [ -6.821926402026028, 43.143238298554408 ], [ -6.871719023345798, 43.091203418485456 ], [ -6.915965397984126, 43.073416469726268 ], [ -6.939059422958099, 43.086506227570986 ], [ -6.968956537022834, 43.057208875972925 ], [ -6.96500936167341, 43.03466559942958 ], [ -6.982283032938802, 43.041366923798343 ], [ -6.99754149705789, 43.019477370973625 ], [ -6.962325325643837, 42.990712483226538 ], [ -6.957473919944098, 43.036772610028315 ], [ -6.910689786660435, 42.990132177307473 ], [ -6.864671429942168, 42.983477214408566 ], [ -6.836458266905363, 42.957758293218085 ], [ -6.84224128678995, 42.928193324267724 ], [ -6.824535930996185, 42.915049570527678 ], [ -6.847991635917411, 42.914324524064462 ], [ -6.814889453429591, 42.870819475338457 ], [ -6.833739592261403, 42.882056084310257 ], [ -6.871277471609186, 42.873840125204353 ], [ -6.840687370770322, 42.823358753175192 ], [ -6.867797067931911, 42.787167331964348 ], [ -6.935602797168988, 42.740861975482076 ], [ -6.959482743651718, 42.755029147715497 ], [ -6.972884108389349, 42.725004400961296 ], [ -7.01088728479588, 42.723659906433852 ], [ -7.045191500869972, 42.694764772947195 ], [ -7.004356619062579, 42.642871439557332 ], [ -7.047004441624845, 42.63269977088629 ], [ -7.050169844821167, 42.59731041750085 ], [ -7.034110129260009, 42.584146879780299 ], [ -7.068913309432026, 42.554461972556219 ], [ -7.05985253908182, 42.529320730009005 ], [ -7.100105904487493, 42.458777861982036 ], [ -7.149632136040022, 42.436148507614931 ], [ -7.20303379724252, 42.325693129604986 ], [ -7.231295293144957, 42.359136892675828 ], [ -7.220428740375962, 42.387180235532192 ], [ -7.248171234737586, 42.389899272074089 ], [ -7.307299979027913, 42.429439358938808 ], [ -7.370264520844553, 42.42135181113494 ], [ -7.399610159977894, 42.435551203588119 ], [ -7.446925924719658, 42.407094394765679 ], [ -7.536638665899808, 42.383343408650596 ], [ -7.575171093680348, 42.404839781310613 ], [ -7.61943141486905, 42.384882632957336 ] ] ], [ [ [ -7.632417174345322, 43.761149867383757 ], [ -7.629647292585265, 43.75732606057543 ], [ -7.634047382923346, 43.757207701342757 ], [ -7.632417174345322, 43.761149867383757 ] ] ], [ [ [ -7.609486205423437, 43.675737803471371 ], [ -7.609979388978713, 43.674890746383646 ], [ -7.609677940714416, 43.675811661441799 ], [ -7.609486205423437, 43.675737803471371 ] ] ], [ [ [ -7.344410203292928, 43.66409610876849 ], [ -7.345382692139646, 43.663912096900468 ], [ -7.344986232009671, 43.664347545872225 ], [ -7.344410203292928, 43.66409610876849 ] ] ], [ [ [ -7.488790522606587, 43.731860207776243 ], [ -7.493847178314166, 43.730252279240169 ], [ -7.492558546578438, 43.73212607240557 ], [ -7.488790522606587, 43.731860207776243 ] ] ], [ [ [ -7.076896180420821, 43.555494364425009 ], [ -7.076086211145979, 43.555416374265413 ], [ -7.076187751256631, 43.555086389271153 ], [ -7.076896180420821, 43.555494364425009 ] ] ], [ [ [ -7.043673455847367, 43.557396825035291 ], [ -7.042962658018564, 43.556026558377766 ], [ -7.044317481147194, 43.557030769992018 ], [ -7.043673455847367, 43.557396825035291 ] ] ], [ [ [ -7.062714048323111, 43.559241324473085 ], [ -7.062899075635469, 43.559414825594402 ], [ -7.062176971289185, 43.559539015351312 ], [ -7.062714048323111, 43.559241324473085 ] ] ], [ [ [ -7.116988609265139, 43.562509206660906 ], [ -7.118211864260855, 43.562653560638346 ], [ -7.116987196178023, 43.562849704208197 ], [ -7.116988609265139, 43.562509206660906 ] ] ] ] } },
{ "type": "Feature", "properties": { "CPRO": "28" }, "geometry": { "type": "MultiPolygon", "coordinates": [ [ [ [ -3.943142418711908, 40.195890916879065 ], [ -3.952916949180433, 40.212339297757353 ], [ -3.99100259175003, 40.209478166853181 ], [ -4.023768190397261, 40.249019307007742 ], [ -4.072894296439142, 40.265451308143696 ], [ -4.104244509866989, 40.241797580121577 ], [ -4.145769681811922, 40.245176915847161 ], [ -4.144077050678688, 40.264266894691161 ], [ -4.190871469078465, 40.297354566143348 ], [ -4.203230529318013, 40.268817502332929 ], [ -4.248362290901126, 40.27330719289877 ], [ -4.295470550025533, 40.218734955174561 ], [ -4.307964057943373, 40.233868602916637 ], [ -4.34821728260179, 40.236844600505442 ], [ -4.356386757739592, 40.308620777618785 ], [ -4.379663102834595, 40.318010898147087 ], [ -4.383482924061045, 40.289048860737857 ], [ -4.435034484773905, 40.259303419799537 ], [ -4.438131967720289, 40.237229738422165 ], [ -4.509789377532804, 40.219189253877708 ], [ -4.528423316661496, 40.200559554374955 ], [ -4.57900552107752, 40.217403044894688 ], [ -4.560748573377553, 40.222758735553569 ], [ -4.569218124575606, 40.257202284471965 ], [ -4.529086410863048, 40.292747858134859 ], [ -4.54647124434982, 40.342110272186282 ], [ -4.52641339571929, 40.344908152377577 ], [ -4.504381648981365, 40.315098317490076 ], [ -4.45576289148603, 40.319349963448289 ], [ -4.44373012498352, 40.385699434384378 ], [ -4.42188011726098, 40.406401145666344 ], [ -4.32120263554737, 40.410385144267146 ], [ -4.341201980132822, 40.428800646550201 ], [ -4.315670180306528, 40.464762698052056 ], [ -4.328296980387997, 40.534038497184582 ], [ -4.289245730727672, 40.564146401751742 ], [ -4.290689214324956, 40.627771592349781 ], [ -4.272441661218919, 40.629097875518042 ], [ -4.244100510692297, 40.602363109912972 ], [ -4.16141760448058, 40.623491936562587 ], [ -4.171977501789851, 40.680294291159697 ], [ -4.096960637721179, 40.747657651335487 ], [ -4.076635394888665, 40.788878292646309 ], [ -3.979527010518429, 40.78449407986308 ], [ -3.946629889076668, 40.864752793391347 ], [ -3.952548057330892, 40.894368132857814 ], [ -3.907156157134407, 40.95514901125582 ], [ -3.879379371814679, 40.975314425971639 ], [ -3.781850617900831, 41.000200155677732 ], [ -3.739171324386441, 41.054052932343154 ], [ -3.676064953174186, 41.086696529533533 ], [ -3.632775956688459, 41.136343585132543 ], [ -3.539724099194804, 41.165040831319267 ], [ -3.488752185333682, 41.09429304104048 ], [ -3.425864630320531, 41.08342370054168 ], [ -3.438935485778855, 41.042668967121315 ], [ -3.394450859699497, 41.000277150561253 ], [ -3.418296617729476, 40.987562976992173 ], [ -3.44406275523917, 40.906849002961074 ], [ -3.460577726946763, 40.906658317524986 ], [ -3.440488016376688, 40.875349602853568 ], [ -3.472669041213203, 40.864096251576846 ], [ -3.477171133387063, 40.824016378421803 ], [ -3.503227020345671, 40.796137268093673 ], [ -3.45901044780754, 40.781323690474174 ], [ -3.450596633539897, 40.735102641355439 ], [ -3.441892588242989, 40.737577904486585 ], [ -3.433945962846214, 40.731715918577891 ], [ -3.468545104327105, 40.68993678777997 ], [ -3.404735676240483, 40.669636403018771 ], [ -3.393355258871677, 40.69245774547516 ], [ -3.345600439313634, 40.637742267191456 ], [ -3.31649880646837, 40.655176347751301 ], [ -3.33757760439851, 40.625441185671946 ], [ -3.328276860175712, 40.594836054990672 ], [ -3.284070572391804, 40.568976422879942 ], [ -3.297127992160573, 40.537521102981813 ], [ -3.249962164484931, 40.544400284635778 ], [ -3.200110118380282, 40.514635004000588 ], [ -3.198597233272976, 40.442251507981005 ], [ -3.155514658097022, 40.439423888723667 ], [ -3.130557367854277, 40.405184349025333 ], [ -3.153429862023893, 40.367703049218704 ], [ -3.141211879486022, 40.350542362833032 ], [ -3.182857457541888, 40.308267297856915 ], [ -3.195381256113309, 40.247620018882074 ], [ -3.173398259157242, 40.234169155905505 ], [ -3.128235259367339, 40.278761555574128 ], [ -3.098245977800393, 40.275078790577076 ], [ -3.067845592503035, 40.157914542878324 ], [ -3.089277037629461, 40.162970631566225 ], [ -3.096755702597021, 40.142388871256202 ], [ -3.052982633028668, 40.099388494529968 ], [ -3.118189514941352, 40.061428379999363 ], [ -3.161578766693901, 40.064927252821754 ], [ -3.177950031769186, 40.092230422429374 ], [ -3.200956023646725, 40.060486722103548 ], [ -3.274866358286306, 40.047351842628501 ], [ -3.334418201284208, 40.081051917043752 ], [ -3.377708458606183, 40.0747670897155 ], [ -3.375917869979566, 40.050459615983961 ], [ -3.401072107322561, 40.034180444679876 ], [ -3.424419890640328, 40.046868055725199 ], [ -3.445967058580327, 40.037229036471473 ], [ -3.448328933355799, 40.049763630886197 ], [ -3.506863324564903, 40.048673680048715 ], [ -3.519882802646997, 40.020874508501699 ], [ -3.589996436111308, 40.013172002674921 ], [ -3.637945966130316, 39.988351702478248 ], [ -3.634500323579655, 39.965891611739664 ], [ -3.743871293215181, 39.940802498874078 ], [ -3.814835802453191, 39.885802663947267 ], [ -3.868926820119622, 39.905269432138567 ], [ -3.874818757265967, 39.929170996802227 ], [ -3.83935573184451, 39.942403818635952 ], [ -3.832682913063547, 39.92974509224058 ], [ -3.824765264313397, 39.946761223850466 ], [ -3.787010890599622, 39.946524632884405 ], [ -3.76360309820173, 39.967518315709917 ], [ -3.770486082761535, 39.950552053298566 ], [ -3.754370858705913, 39.950443517178989 ], [ -3.758816782851086, 39.968885739396853 ], [ -3.726082146149186, 39.966500237207157 ], [ -3.746207650411613, 39.981089795478375 ], [ -3.734937669959975, 39.975779354566988 ], [ -3.699305070686826, 40.019560862207413 ], [ -3.679612009327722, 40.016097284660233 ], [ -3.636256193962444, 40.041436094688933 ], [ -3.60649089688253, 40.10899057094241 ], [ -3.655903499375576, 40.125055536440335 ], [ -3.667185253933934, 40.143360193114113 ], [ -3.691557287363475, 40.132961191417273 ], [ -3.720660723666234, 40.147951254938867 ], [ -3.74567641558331, 40.132639067483858 ], [ -3.771871280046176, 40.139575971282476 ], [ -3.800054025617252, 40.175651864463077 ], [ -3.834182668809739, 40.16130971280964 ], [ -3.871071903271704, 40.189793737188715 ], [ -3.930995187064979, 40.20396428255318 ], [ -3.943142418711908, 40.195890916879065 ] ], [ [ -3.37405096997882, 40.640248453900739 ], [ -3.371730800062341, 40.625767950438437 ], [ -3.363607849156745, 40.638420495240773 ], [ -3.37405096997882, 40.640248453900739 ] ] ], [ [ [ -4.254461036983119, 40.662068886914916 ], [ -4.319709734523898, 40.647512110913922 ], [ -4.324772579050117, 40.657723737341072 ], [ -4.288124515517712, 40.683171829326035 ], [ -4.254461036983119, 40.662068886914916 ] ] ] ] } },
{ "type": "Feature", "properties": { "CPRO": "29" }, "geometry": { "type": "Polygon", "coordinates": [ [ [ -5.176305375797963, 36.414642170460212 ], [ -5.248008435121728, 36.310420003081354 ], [ -5.277829947328012, 36.337120972635496 ], [ -5.320083986153013, 36.325068974351915 ], [ -5.347154564957846, 36.418645652454408 ], [ -5.429619687457855, 36.533339993708204 ], [ -5.49239501477417, 36.536469724876319 ], [ -5.524249967074919, 36.497712916698156 ], [ -5.608290803002988, 36.512288872692835 ], [ -5.610480729614396, 36.544234860840149 ], [ -5.574565074237885, 36.5484135796383 ], [ -5.523325164144095, 36.531123703394634 ], [ -5.460816272883123, 36.588785481325871 ], [ -5.455913689929469, 36.619583422004276 ], [ -5.380718610083333, 36.631780571402061 ], [ -5.324029772557163, 36.673340515140275 ], [ -5.324993428553864, 36.724194182977818 ], [ -5.290953793892214, 36.775180948010934 ], [ -5.319837767131941, 36.786743334277325 ], [ -5.340713162652526, 36.819419833675667 ], [ -5.301583121145826, 36.869642323552007 ], [ -5.269775582129625, 36.884214704526471 ], [ -5.222005423729589, 36.842721551553382 ], [ -5.172270619322443, 36.823505927984286 ], [ -5.134078749689452, 36.838564274292104 ], [ -5.10508435504104, 36.897935730825608 ], [ -5.086767370611815, 36.905090599834857 ], [ -5.110113149607848, 36.959332031183493 ], [ -5.095579016746451, 36.968295743747454 ], [ -5.142380776041453, 37.00386266563477 ], [ -5.122838868197444, 37.027691685376027 ], [ -5.112225982349992, 37.019111826146705 ], [ -5.053088897552412, 37.030604392963603 ], [ -4.921933390779739, 37.103650959001655 ], [ -4.902843615433117, 37.137594390745917 ], [ -4.942665681413857, 37.157587517086611 ], [ -4.939603998911893, 37.17569894392112 ], [ -4.905113698136447, 37.181864271753319 ], [ -4.897619159993797, 37.156028020911258 ], [ -4.875501312583205, 37.158191653105796 ], [ -4.853865625751171, 37.198584495076901 ], [ -4.825907978602499, 37.200704053330952 ], [ -4.794190111710869, 37.153492817209035 ], [ -4.708605886739655, 37.197694828763851 ], [ -4.732308188118534, 37.226146748700408 ], [ -4.71794505785767, 37.23989314082435 ], [ -4.735745887093628, 37.244834029987047 ], [ -4.719691323726658, 37.259695937648765 ], [ -4.644602654226112, 37.246702291947955 ], [ -4.614189892168731, 37.255421549044591 ], [ -4.60229765273214, 37.209238104923664 ], [ -4.576208588209987, 37.209164331910436 ], [ -4.498079120085911, 37.22333671576682 ], [ -4.485724230132814, 37.251982822131552 ], [ -4.464144915686161, 37.252080200320584 ], [ -4.444038380034942, 37.277951398756009 ], [ -4.38341334972005, 37.277413189659228 ], [ -4.373185535090552, 37.216638587274808 ], [ -4.322455804075024, 37.204227263206079 ], [ -4.332209995980537, 37.191156784473414 ], [ -4.287067624892987, 37.119520414435769 ], [ -4.272510175624118, 37.014902405406261 ], [ -4.231335539764, 37.016941066910718 ], [ -4.166640790217304, 36.957075066763728 ], [ -4.09989290472861, 36.952709169767125 ], [ -4.04569323103451, 36.902863721770984 ], [ -3.929524786829552, 36.882879797111229 ], [ -3.867609701882619, 36.85067974723588 ], [ -3.827168730097142, 36.85552918740261 ], [ -3.768143053594709, 36.801955570583793 ], [ -3.778097125049883, 36.737653308409016 ], [ -3.844713211254438, 36.753551632309602 ], [ -3.957262549341884, 36.726088870256504 ], [ -4.067345586788555, 36.748743429302671 ], [ -4.108467032812547, 36.725335816946703 ], [ -4.18077972853745, 36.714679678395534 ], [ -4.393753692627581, 36.722338094105886 ], [ -4.415296065621368, 36.706985478492726 ], [ -4.413253189708708, 36.717700376584411 ], [ -4.418515967156954, 36.717105982211741 ], [ -4.417501914469822, 36.708834144067524 ], [ -4.511654792710934, 36.593144106929124 ], [ -4.60280687038966, 36.562955818870627 ], [ -4.638134042717861, 36.507075787255111 ], [ -4.740536680281495, 36.482631479583262 ], [ -4.860927193509792, 36.507630980522087 ], [ -4.934806381135302, 36.499857803737811 ], [ -5.004901106736689, 36.459744084532296 ], [ -5.080979846428661, 36.450564450944292 ], [ -5.156490509797168, 36.411873834904924 ], [ -5.176305375797963, 36.414642170460212 ] ] ] } },
{ "type": "Feature", "properties": { "CPRO": "30" }, "geometry": { "type": "MultiPolygon", "coordinates": [ [ [ [ -1.737075234983847, 37.442632996365269 ], [ -1.811756513584253, 37.451555685515764 ], [ -1.808945668306909, 37.433473904075143 ], [ -1.845261324521621, 37.454826271471482 ], [ -2.011817575177799, 37.67224670967714 ], [ -1.995837156433986, 37.728045284707697 ], [ -2.008840913652464, 37.774949482289799 ], [ -1.974504268583196, 37.868469105302182 ], [ -2.070420911136889, 37.884486760275088 ], [ -2.084570184093275, 37.872322464316319 ], [ -2.123201615866662, 37.900448628266624 ], [ -2.172003796962777, 37.888689569306059 ], [ -2.280078917540089, 37.963118828409542 ], [ -2.29846854749313, 38.002120803341008 ], [ -2.343395567527507, 38.028382789740313 ], [ -2.33780277394195, 38.048440984637601 ], [ -2.26164734223965, 38.112959844943092 ], [ -2.212938627645138, 38.203022060966802 ], [ -2.113727923174468, 38.238202365078976 ], [ -2.048992056362319, 38.305782178227169 ], [ -1.982630839442112, 38.281369776408084 ], [ -1.907538272580222, 38.29796086052793 ], [ -1.784304419255055, 38.356154009659946 ], [ -1.795755686779061, 38.370267665308909 ], [ -1.771144291511028, 38.364857344122996 ], [ -1.77134758304017, 38.378548460986991 ], [ -1.745118588930436, 38.381235347999677 ], [ -1.717299528312231, 38.363649465602165 ], [ -1.701943499753348, 38.374925354085818 ], [ -1.687557830954326, 38.365825399475547 ], [ -1.69273183366713, 38.337820493807108 ], [ -1.670246381463939, 38.311649434296108 ], [ -1.589539746946834, 38.309994140341551 ], [ -1.558197360190286, 38.325203158635482 ], [ -1.478546882968669, 38.376382826304528 ], [ -1.479869629333147, 38.479834327519384 ], [ -1.498732492039017, 38.532055417003946 ], [ -1.487694929381812, 38.563308736679602 ], [ -1.452000954887983, 38.581459216868396 ], [ -1.447698071763023, 38.649517240577815 ], [ -1.421664956210986, 38.676994792602464 ], [ -1.366666095861541, 38.704001932830344 ], [ -1.34406902673028, 38.677102014159317 ], [ -1.249756527743368, 38.738613934698506 ], [ -1.183633910231255, 38.755085314720276 ], [ -1.119670598002273, 38.737718822827773 ], [ -1.115599913104736, 38.711387125274946 ], [ -1.026069055623513, 38.65452942946542 ], [ -1.001568914710728, 38.5726745533536 ], [ -1.026061769053777, 38.522819190005166 ], [ -1.013645630538283, 38.496730030692426 ], [ -1.09416226366365, 38.437929358145503 ], [ -1.077205901376086, 38.431470474313372 ], [ -1.08438425865098, 38.346216842277094 ], [ -0.98915220329671, 38.320877164741837 ], [ -0.967951404493173, 38.276708161425915 ], [ -0.988545852071067, 38.199531518391346 ], [ -1.036761677493534, 38.137719672189142 ], [ -1.024146732329863, 38.077719653223639 ], [ -0.900180248978347, 37.923128661448629 ], [ -0.830725253828585, 37.864419857666839 ], [ -0.762194687036474, 37.846593466312065 ], [ -0.750688273788269, 37.821500268274534 ], [ -0.758230002989927, 37.817796271354929 ], [ -0.748060728664336, 37.789837716999713 ], [ -0.753894583882012, 37.788056783522201 ], [ -0.776640667514117, 37.819803704055211 ], [ -0.79649439282722, 37.810381629554691 ], [ -0.797887666338866, 37.784896045934985 ], [ -0.845277954752207, 37.748690346616691 ], [ -0.856951817500553, 37.713028043652507 ], [ -0.803372385557312, 37.658196828296404 ], [ -0.728313828785319, 37.63443002593084 ], [ -0.720118979763976, 37.653107249191038 ], [ -0.740322624778769, 37.659660971853455 ], [ -0.745734195905929, 37.706049752778959 ], [ -0.745396025434547, 37.747865454790187 ], [ -0.741941802245242, 37.743149354969461 ], [ -0.733670162368372, 37.74682932417835 ], [ -0.74516191080517, 37.749221697617251 ], [ -0.757804069177947, 37.780435491949248 ], [ -0.745605667380972, 37.782815809901869 ], [ -0.745418508668286, 37.759085112657893 ], [ -0.728004552495918, 37.750252631922933 ], [ -0.721369957651875, 37.740112766736651 ], [ -0.72737285656153, 37.746789071792712 ], [ -0.732765616642874, 37.74709126691554 ], [ -0.738171630159022, 37.736525683468813 ], [ -0.734189003320729, 37.68626430408974 ], [ -0.709747124797756, 37.641298403466195 ], [ -0.688125571825816, 37.633741939946574 ], [ -0.729929941408112, 37.602374617379091 ], [ -0.819571089264962, 37.575211718397441 ], [ -0.850859325394873, 37.58768055437649 ], [ -0.919944513946462, 37.554584419521596 ], [ -0.961850863254498, 37.560784952598254 ], [ -0.945181008365006, 37.570887823164867 ], [ -0.975135043435908, 37.576919992522093 ], [ -0.971822985183112, 37.594664841362714 ], [ -0.989118158917944, 37.601438732915447 ], [ -0.983296612402397, 37.584134288361 ], [ -1.009090598787187, 37.585960867452208 ], [ -1.014793252862509, 37.574222900407605 ], [ -1.073860931154758, 37.584053751351369 ], [ -1.108573327872112, 37.569204462647846 ], [ -1.127062704274832, 37.552032409461823 ], [ -1.111005466924442, 37.534309430396895 ], [ -1.165352489314735, 37.54163039763128 ], [ -1.173343916930376, 37.562429380913514 ], [ -1.217059430658125, 37.575614069974051 ], [ -1.246323408590411, 37.576396315191623 ], [ -1.25684321083545, 37.557941424510915 ], [ -1.325381241944384, 37.562448841345883 ], [ -1.401695642034923, 37.507583264075855 ], [ -1.459917817876723, 37.486527928453363 ], [ -1.487544028108727, 37.422253372477897 ], [ -1.518542784397064, 37.431956432119321 ], [ -1.626205329183594, 37.373995873501649 ], [ -1.737075234983847, 37.442632996365269 ] ] ], [ [ [ -1.5481515748497, 37.408718842314052 ], [ -1.544073331714107, 37.408686674912204 ], [ -1.54810675711995, 37.407528556802887 ], [ -1.5481515748497, 37.408718842314052 ] ] ], [ [ [ -1.266176428564266, 37.554807408380817 ], [ -1.269463362235224, 37.557568410593298 ], [ -1.266406542369406, 37.558064274692669 ], [ -1.266176428564266, 37.554807408380817 ] ] ], [ [ [ -0.762562890606993, 37.691465625378534 ], [ -0.762691354134242, 37.691341903882375 ], [ -0.762766088706018, 37.69149651915054 ], [ -0.762562890606993, 37.691465625378534 ] ] ], [ [ [ -0.763264238915577, 37.691524003095559 ], [ -0.764037650185323, 37.691448572046824 ], [ -0.764529848598886, 37.691674190803852 ], [ -0.763264238915577, 37.691524003095559 ] ] ], [ [ [ -0.771392408546423, 37.702978527155281 ], [ -0.769348151378173, 37.690206544369559 ], [ -0.776132649742025, 37.695795824227517 ], [ -0.771392408546423, 37.702978527155281 ] ] ], [ [ [ -0.797225343100895, 37.702365094873493 ], [ -0.796990482615679, 37.696124704779102 ], [ -0.803428882215663, 37.702769291436027 ], [ -0.797225343100895, 37.702365094873493 ] ] ], [ [ [ -0.709254358600052, 37.730424754376145 ], [ -0.70633311375038, 37.725817131973663 ], [ -0.709266496265938, 37.725982359177486 ], [ -0.709254358600052, 37.730424754376145 ] ] ], [ [ [ -0.741510061716391, 37.775248739201452 ], [ -0.741217926644796, 37.773657128586116 ], [ -0.741928513597641, 37.775301825500513 ], [ -0.741510061716391, 37.775248739201452 ] ] ], [ [ [ -0.759053458586493, 37.780044756952577 ], [ -0.758307962561821, 37.779165453603738 ], [ -0.759118165133824, 37.779406170514484 ], [ -0.759053458586493, 37.780044756952577 ] ] ], [ [ [ -0.744566194795217, 37.779659888309105 ], [ -0.744180899427138, 37.780382436138517 ], [ -0.744363861674829, 37.779592930236412 ], [ -0.744566194795217, 37.779659888309105 ] ] ], [ [ [ -0.744855837502934, 37.780963096118832 ], [ -0.744282048391404, 37.780789892783595 ], [ -0.744401274107137, 37.780602936133945 ], [ -0.744855837502934, 37.780963096118832 ] ] ], [ [ [ -0.757658925197941, 37.781856547232259 ], [ -0.758940043814754, 37.782295478672353 ], [ -0.75741481688662, 37.782419622639935 ], [ -0.757658925197941, 37.781856547232259 ] ] ], [ [ [ -0.759580337610526, 37.782523945219722 ], [ -0.760179219501778, 37.784499856217884 ], [ -0.757720223559955, 37.784335884047671 ], [ -0.759580337610526, 37.782523945219722 ] ] ], [ [ [ -0.76046091953808, 37.786451705153148 ], [ -0.757314782120843, 37.784976987822681 ], [ -0.760021358484833, 37.784839289808389 ], [ -0.76046091953808, 37.786451705153148 ] ] ], [ [ [ -0.746525461342904, 37.785428738928474 ], [ -0.746795901753053, 37.785496997458125 ], [ -0.746485122934268, 37.785635230995233 ], [ -0.746525461342904, 37.785428738928474 ] ] ], [ [ [ -0.756580701468852, 37.783719408419387 ], [ -0.758821897810315, 37.788835592190409 ], [ -0.753746717392955, 37.783566227298401 ], [ -0.756580701468852, 37.783719408419387 ] ] ], [ [ [ -0.746789593764774, 37.786452096838104 ], [ -0.747174210165228, 37.786126033159363 ], [ -0.747164908665402, 37.786432247219828 ], [ -0.746789593764774, 37.786452096838104 ] ] ], [ [ [ -0.760262330803127, 37.787763607705529 ], [ -0.760562438321865, 37.786850144222647 ], [ -0.76105149473659, 37.788328325974952 ], [ -0.760262330803127, 37.787763607705529 ] ] ], [ [ [ -0.747788786428831, 37.787201154173083 ], [ -0.747858925764856, 37.787508887526506 ], [ -0.747596543365946, 37.787548924080866 ], [ -0.747788786428831, 37.787201154173083 ] ] ], [ [ [ -0.760224671977025, 37.788258524562188 ], [ -0.759755566999315, 37.78837575806584 ], [ -0.759967267241386, 37.787757992904695 ], [ -0.760224671977025, 37.788258524562188 ] ] ], [ [ [ -0.747608979703015, 37.788261070257469 ], [ -0.748389160216322, 37.788744597204321 ], [ -0.748053620999738, 37.789323925296806 ], [ -0.747608979703015, 37.788261070257469 ] ] ], [ [ [ -0.761721271045169, 37.788710538262457 ], [ -0.762197859357958, 37.790603007955596 ], [ -0.759059347384755, 37.790372070557211 ], [ -0.761721271045169, 37.788710538262457 ] ] ], [ [ [ -0.759558302019895, 37.792273987778223 ], [ -0.759138296331913, 37.792644475071526 ], [ -0.759231350165968, 37.792195671414781 ], [ -0.759558302019895, 37.792273987778223 ] ] ], [ [ [ -0.761729350734989, 37.791828676736813 ], [ -0.761198765767832, 37.793981347308105 ], [ -0.760284928523816, 37.792278806554272 ], [ -0.761729350734989, 37.791828676736813 ] ] ] ] } },
{ "type": "Feature", "properties": { "CPRO": "31" }, "geometry": { "type": "MultiPolygon", "coordinates": [ [ [ [ -2.020907737436225, 42.368315390555033 ], [ -2.070088046042446, 42.342891291741282 ], [ -2.089989077220129, 42.346591649604022 ], [ -2.078790778905076, 42.368591417263715 ], [ -2.115927833343475, 42.399409807350573 ], [ -2.11122422921308, 42.419695707478695 ], [ -2.175999666577073, 42.407908292484748 ], [ -2.274849938076279, 42.445665565190417 ], [ -2.287999807834403, 42.467180378395817 ], [ -2.29833087675066, 42.457205546103808 ], [ -2.330490557855605, 42.46880582866514 ], [ -2.345295813212786, 42.451472031136916 ], [ -2.351871645267888, 42.465663217457582 ], [ -2.400172371236613, 42.471786957358979 ], [ -2.423751769075407, 42.509632168336857 ], [ -2.392375522948241, 42.516288945364103 ], [ -2.396346736933001, 42.598827208585831 ], [ -2.421214244919646, 42.606793506045321 ], [ -2.452890809921327, 42.565700990044732 ], [ -2.462109381143695, 42.587210530809976 ], [ -2.489840528928806, 42.585793714778134 ], [ -2.498289873486565, 42.615920405046211 ], [ -2.475330536424438, 42.612736784894317 ], [ -2.419514322328053, 42.661240552402184 ], [ -2.37916230259332, 42.652892467734986 ], [ -2.382144907739571, 42.633701281287365 ], [ -2.324925010609521, 42.646497286640987 ], [ -2.296782848010674, 42.635834443221128 ], [ -2.289210783846785, 42.66692052384748 ], [ -2.314610412249574, 42.702931221119989 ], [ -2.279327574804725, 42.741886326125112 ], [ -2.242756209224005, 42.732760945144477 ], [ -2.245448807349551, 42.743337040617007 ], [ -2.221319222657709, 42.741938674593655 ], [ -2.182224825000855, 42.726011449444044 ], [ -2.164019082970568, 42.713759030624516 ], [ -2.181120017970232, 42.689396865775322 ], [ -2.222849677871126, 42.683917786178696 ], [ -2.183889596178254, 42.664667214699215 ], [ -2.175865998551929, 42.681641937928255 ], [ -2.127624769230873, 42.6566636003149 ], [ -2.159286829640547, 42.687682166013097 ], [ -2.121806926362702, 42.718219496607681 ], [ -2.138714220002563, 42.742120717515625 ], [ -2.109539048447724, 42.738465638946799 ], [ -2.115926878238152, 42.753490034916659 ], [ -2.167730815962353, 42.731485737724626 ], [ -2.236498663858831, 42.748410692013209 ], [ -2.24261590792698, 42.761857052233402 ], [ -2.261662285144674, 42.747613030530303 ], [ -2.273446042797333, 42.791355097024024 ], [ -2.156105080141529, 42.772358731780514 ], [ -2.128369580285303, 42.805752900805338 ], [ -2.078924992445433, 42.773324447137853 ], [ -2.053286046967819, 42.785671897096833 ], [ -2.024199493174691, 42.737793736589552 ], [ -2.037415421745867, 42.827377877619014 ], [ -1.990219168826356, 42.811287801781233 ], [ -1.935116564022781, 42.815899712496488 ], [ -1.952541560990589, 42.830253902813233 ], [ -1.937885432376369, 42.857505193153003 ], [ -1.899906816506476, 42.871408148427307 ], [ -1.909551863715623, 42.882222758022408 ], [ -1.870715782912985, 42.886150410449126 ], [ -1.999175666721421, 42.894043428537117 ], [ -1.938654101867529, 42.876109042551064 ], [ -1.94324145375584, 42.865648738455619 ], [ -2.020621200837639, 42.860994045672605 ], [ -2.095550790088174, 42.876828284767385 ], [ -2.23494216925327, 42.850681673676334 ], [ -2.253287135579473, 42.8926451738702 ], [ -2.210255003894041, 42.949898359903393 ], [ -2.180961904628334, 42.935126513709911 ], [ -2.127455045710766, 42.939301560260567 ], [ -2.078319744254201, 42.976141940369317 ], [ -1.993808582548673, 42.954070607546804 ], [ -1.963213430682448, 42.960697921456109 ], [ -1.977503146133087, 42.988155485209191 ], [ -2.022386276049075, 42.993872774606444 ], [ -2.038790063847504, 43.015178523119253 ], [ -2.02274365492958, 43.067172538745687 ], [ -1.947416930423185, 43.097606335664572 ], [ -1.901997171019307, 43.135742571948654 ], [ -1.921529954261916, 43.149904206922528 ], [ -1.914352518110211, 43.22506024461611 ], [ -1.882060919545132, 43.206806589187579 ], [ -1.876835162731502, 43.231676239063489 ], [ -1.862183498463547, 43.212013254914801 ], [ -1.849681163173847, 43.228557040221219 ], [ -1.825736361845053, 43.228287349315686 ], [ -1.794749063676378, 43.246670805012229 ], [ -1.779361376942665, 43.287695375367953 ], [ -1.66829828306607, 43.314632704398271 ], [ -1.624121817346525, 43.306000002474917 ], [ -1.608718973075117, 43.251816992744153 ], [ -1.575234692506854, 43.250039907652493 ], [ -1.565098786054326, 43.288042576105035 ], [ -1.535304676181659, 43.294683463638471 ], [ -1.439090518481909, 43.266748318501612 ], [ -1.405067526658017, 43.270382356815311 ], [ -1.382789314579672, 43.253245602531905 ], [ -1.381307868445462, 43.189669012910194 ], [ -1.402307157707184, 43.177745878681833 ], [ -1.414095094712406, 43.129276983506415 ], [ -1.473233785054418, 43.086715967316998 ], [ -1.44082051209147, 43.046343225273517 ], [ -1.35377511056087, 43.027993839897668 ], [ -1.34621526252409, 43.094589839691444 ], [ -1.321235098325031, 43.112644758629919 ], [ -1.269941215369049, 43.118242622362068 ], [ -1.309827453109618, 43.069289337057128 ], [ -1.263426925963051, 43.043956122711052 ], [ -1.212396175323179, 43.05157134852606 ], [ -1.145479744841785, 43.025915540613951 ], [ -1.141854425095373, 43.007618675393509 ], [ -1.112447684201579, 43.024697775718309 ], [ -1.086112803055066, 43.002395883103489 ], [ -1.010760758541628, 42.99209326853213 ], [ -0.94516593248228, 42.953369954279474 ], [ -0.907496582092796, 42.965011319185187 ], [ -0.810511633472022, 42.951389522726558 ], [ -0.766938876040321, 42.969268829172719 ], [ -0.731674213085827, 42.945472175683001 ], [ -0.727613809216545, 42.919319235470461 ], [ -0.783213470439781, 42.921726599790759 ], [ -0.819096157680166, 42.900669729152369 ], [ -0.818534657190411, 42.869367665631692 ], [ -0.856834452650648, 42.846886049104285 ], [ -0.84753429612792, 42.785920193650625 ], [ -0.864839103528804, 42.763354011331565 ], [ -0.900536496667448, 42.760466511764818 ], [ -0.900500486272522, 42.743086434430829 ], [ -0.923905735584374, 42.744112866030356 ], [ -0.948613712461136, 42.711401689958194 ], [ -1.027649999740418, 42.700376151210314 ], [ -1.051678002167656, 42.641185828937516 ], [ -1.155026269998319, 42.647080529255 ], [ -1.156700235768756, 42.610866646730393 ], [ -1.180128076531013, 42.609339094739546 ], [ -1.157739753888738, 42.59882367137002 ], [ -1.201446293090981, 42.578266087986812 ], [ -1.20273134309756, 42.549349914750749 ], [ -1.231008001210135, 42.541883520944815 ], [ -1.265478697588174, 42.555822065180806 ], [ -1.294544367072317, 42.510850065332335 ], [ -1.275151490612186, 42.495907744610598 ], [ -1.281466371788483, 42.464298768946165 ], [ -1.336814229836977, 42.42941332109077 ], [ -1.359454496345661, 42.378767681742609 ], [ -1.328794412016153, 42.355184131922911 ], [ -1.387391957597465, 42.299640059544224 ], [ -1.39843906217449, 42.292132662058179 ], [ -1.432103205068159, 42.314915370992246 ], [ -1.467594235672061, 42.313763740276812 ], [ -1.500510232671067, 42.361407874061435 ], [ -1.497682144557405, 42.337563919364342 ], [ -1.584210165351841, 42.295537974661769 ], [ -1.606600190827307, 42.263261474347594 ], [ -1.680782523788824, 42.284032362692109 ], [ -1.681852552951828, 42.264388571118069 ], [ -1.596684761388487, 42.22571656979369 ], [ -1.553784947996149, 42.23490925653843 ], [ -1.5537059055173, 42.272333206528856 ], [ -1.513452249074806, 42.257451936106264 ], [ -1.531719337167425, 42.165812275153606 ], [ -1.571426815208652, 42.129189166969361 ], [ -1.54209403513927, 42.119373541896479 ], [ -1.488136094379507, 42.135887536760485 ], [ -1.520715095851852, 42.079226743653905 ], [ -1.405006263814894, 42.064196925885959 ], [ -1.370887759723064, 42.038497339694047 ], [ -1.426760541098372, 42.001375062840381 ], [ -1.3799979346637, 41.959403067696094 ], [ -1.418043664950595, 41.913638398157538 ], [ -1.478132560365935, 41.924755664460577 ], [ -1.523914120531221, 41.909573205604104 ], [ -1.561608496172829, 41.914567782874812 ], [ -1.654078218490542, 41.965386816045971 ], [ -1.714592233959096, 41.956799158520276 ], [ -1.767208595223349, 41.995411706550286 ], [ -1.83398523225713, 41.995552996766357 ], [ -1.902331070712295, 42.029294804330277 ], [ -1.902131265309116, 42.074061830797199 ], [ -1.832167485261819, 42.148534663626194 ], [ -1.781754802242628, 42.137444125164791 ], [ -1.741081846345545, 42.150235910424577 ], [ -1.719699540662434, 42.133064144521448 ], [ -1.67928373351381, 42.151825919454708 ], [ -1.700565432404884, 42.173380441198987 ], [ -1.679913007527805, 42.189487194229002 ], [ -1.703698851120341, 42.191150651850428 ], [ -1.709783338237842, 42.209978380364184 ], [ -1.816864800556373, 42.228219358557958 ], [ -1.819219091816094, 42.248638947829612 ], [ -1.850324334623007, 42.259109532564288 ], [ -1.872431633622972, 42.252677115457772 ], [ -1.869057970423232, 42.287043496595309 ], [ -1.915500523543697, 42.300763981902044 ], [ -1.916529553541106, 42.326324817562742 ], [ -1.96493092505023, 42.333842068068172 ], [ -1.969700892238848, 42.352474485213953 ], [ -2.020907737436225, 42.368315390555033 ] ], [ [ -1.64855790230434, 43.213440491802324 ], [ -1.714271901862015, 43.1833737915249 ], [ -1.726763063256014, 43.162054624611777 ], [ -1.707397932605056, 43.14600333337161 ], [ -1.678653634317636, 43.146915827565984 ], [ -1.695637669476337, 43.173870174194853 ], [ -1.687517579473586, 43.174435199532482 ], [ -1.675629743810264, 43.188864116532876 ], [ -1.666102711733754, 43.190362449052635 ], [ -1.671213522192944, 43.202576823928894 ], [ -1.646627939560921, 43.158669065450148 ], [ -1.666954360087632, 43.15438455714586 ], [ -1.658360491507117, 43.146420790236256 ], [ -1.602356613700028, 43.189125503191811 ], [ -1.64855790230434, 43.213440491802324 ] ], [ [ -1.666407567712851, 42.86205944406273 ], [ -1.67638996263969, 42.863820575548289 ], [ -1.667804398133278, 42.859473282824197 ], [ -1.666407567712851, 42.86205944406273 ] ], [ [ -1.746956398557147, 42.927124118634268 ], [ -1.74961848405979, 42.926979338677384 ], [ -1.751652778065059, 42.925153276154695 ], [ -1.746956398557147, 42.927124118634268 ] ], [ [ -2.059213976194684, 42.627398282028359 ], [ -2.086531943483264, 42.620779273980531 ], [ -2.069454514043508, 42.601507570090767 ], [ -2.071857052274952, 42.605996123610645 ], [ -2.059213976194684, 42.627398282028359 ] ], [ [ -2.063762776456031, 42.741329711432321 ], [ -2.051866155420374, 42.748326835465626 ], [ -2.071752515338008, 42.758219649441095 ], [ -2.063762776456031, 42.741329711432321 ] ], [ [ -2.281651338545341, 42.629005890739137 ], [ -2.274553130299656, 42.628780957762679 ], [ -2.27424483904651, 42.630122518524566 ], [ -2.281651338545341, 42.629005890739137 ] ], [ [ -2.136278980594884, 42.613468702214377 ], [ -2.135286296057473, 42.608558196456983 ], [ -2.135456898906291, 42.616209190358951 ], [ -2.136278980594884, 42.613468702214377 ] ], [ [ -2.140222287108531, 42.580183746245403 ], [ -2.153110721907541, 42.573480623294124 ], [ -2.150245648476337, 42.57024601420455 ], [ -2.140222287108531, 42.580183746245403 ] ], [ [ -2.148030690075916, 42.589827002622087 ], [ -2.138815195333996, 42.587335449386018 ], [ -2.137736793028045, 42.591130553797591 ], [ -2.148030690075916, 42.589827002622087 ] ], [ [ -2.274715349491375, 42.697740424663962 ], [ -2.259729131618511, 42.688804335479759 ], [ -2.268458190141359, 42.705077199109077 ], [ -2.274715349491375, 42.697740424663962 ] ], [ [ -2.210504045815273, 42.661409427408877 ], [ -2.219847240207542, 42.652912647741047 ], [ -2.222566043463843, 42.641024683726812 ], [ -2.217492357215583, 42.652388296141133 ], [ -2.200087574391828, 42.642931926624271 ], [ -2.210504045815273, 42.661409427408877 ] ], [ [ -2.190548459399873, 42.641182431797624 ], [ -2.189466377613644, 42.631530359844618 ], [ -2.183611232550815, 42.633766002636463 ], [ -2.190548459399873, 42.641182431797624 ] ], [ [ -2.060840222059483, 42.689800288267193 ], [ -2.059715153850672, 42.693215400489258 ], [ -2.06387192796823, 42.690987978176416 ], [ -2.060840222059483, 42.689800288267193 ] ], [ [ -2.042790013969479, 42.524834031129799 ], [ -2.037827033645179, 42.549241191891554 ], [ -2.026857296405951, 42.572152888054156 ], [ -2.038556678697479, 42.553874566835432 ], [ -2.042790013969479, 42.524834031129799 ] ], [ [ -1.966718155302663, 42.773106707529003 ], [ -1.962550101348012, 42.766789483195019 ], [ -1.95711154917176, 42.767082775831156 ], [ -1.966718155302663, 42.773106707529003 ] ], [ [ -1.955250493481459, 42.714237012656582 ], [ -1.964802866769598, 42.708536164856838 ], [ -1.942613885209645, 42.705942841913135 ], [ -1.955250493481459, 42.714237012656582 ] ], [ [ -1.844347827108387, 42.798815016870797 ], [ -1.806849006820176, 42.795700900258069 ], [ -1.807506446839555, 42.799426916761661 ], [ -1.844347827108387, 42.798815016870797 ] ], [ [ -1.845208838301593, 42.836776149283232 ], [ -1.835585845134564, 42.83392981306784 ], [ -1.841766802733183, 42.840365949426698 ], [ -1.845208838301593, 42.836776149283232 ] ], [ [ -1.897231420983879, 42.93507626782921 ], [ -1.88031248588671, 42.92967044811148 ], [ -1.877452504247947, 42.934140965537765 ], [ -1.897231420983879, 42.93507626782921 ] ], [ [ -1.950520804951577, 42.940368256571922 ], [ -1.917589254018728, 42.937758349984783 ], [ -1.91664598828139, 42.941920426352823 ], [ -1.950520804951577, 42.940368256571922 ] ], [ [ -1.688752186577283, 43.058950567730008 ], [ -1.697847296445114, 43.067255027499414 ], [ -1.707763980968677, 43.060976851475253 ], [ -1.706073786667809, 43.052874824552809 ], [ -1.688752186577283, 43.058950567730008 ] ], [ [ -1.72785419973541, 42.82692626653116 ], [ -1.725667221783827, 42.830945796532632 ], [ -1.727538500900562, 42.832986616975191 ], [ -1.72785419973541, 42.82692626653116 ] ], [ [ -1.709637754338784, 43.117432024928164 ], [ -1.703494166089731, 43.108721434310553 ], [ -1.70880727918247, 43.117467133467542 ], [ -1.709637754338784, 43.117432024928164 ] ], [ [ -1.743049258220178, 42.981908409444969 ], [ -1.724080274101849, 42.979490501563589 ], [ -1.714435078292775, 42.98037247655656 ], [ -1.743049258220178, 42.981908409444969 ] ], [ [ -1.754451747664474, 42.901330049607488 ], [ -1.746169374072388, 42.896004259742519 ], [ -1.748901840232715, 42.900479881800422 ], [ -1.754451747664474, 42.901330049607488 ] ], [ [ -1.743098213346293, 42.886785417440997 ], [ -1.728493058254517, 42.87586006583853 ], [ -1.722318114854233, 42.891493317106629 ], [ -1.743098213346293, 42.886785417440997 ] ], [ [ -1.727633924134169, 42.845088932202721 ], [ -1.728820421477479, 42.846976887858638 ], [ -1.732596487789077, 42.847433606503657 ], [ -1.727633924134169, 42.845088932202721 ] ], [ [ -1.634255012082295, 42.639809661116288 ], [ -1.639521140279851, 42.639953411436203 ], [ -1.635747701631654, 42.635031524350246 ], [ -1.634255012082295, 42.639809661116288 ] ], [ [ -1.562815518654646, 42.348298352257778 ], [ -1.559566562557653, 42.35207493048911 ], [ -1.571603276269916, 42.358441306166753 ], [ -1.562815518654646, 42.348298352257778 ] ], [ [ -1.478077541742974, 42.537088403394996 ], [ -1.470672775616718, 42.535883774343844 ], [ -1.474807180994038, 42.540369025018428 ], [ -1.478077541742974, 42.537088403394996 ] ], [ [ -1.277247562488035, 42.734976993125933 ], [ -1.274733755803118, 42.733642410456412 ], [ -1.270929948250629, 42.734745527668366 ], [ -1.277247562488035, 42.734976993125933 ] ], [ [ -1.463474950480681, 42.588250080961998 ], [ -1.46194182413261, 42.587005918924582 ], [ -1.460144683199369, 42.588687150423468 ], [ -1.463474950480681, 42.588250080961998 ] ], [ [ -1.386721496276934, 42.529534161706067 ], [ -1.383732249356294, 42.533754396419965 ], [ -1.385216429697478, 42.535725561148986 ], [ -1.386721496276934, 42.529534161706067 ] ], [ [ -1.245156097909584, 42.630954162787148 ], [ -1.233375416975476, 42.629464981816469 ], [ -1.234252277202807, 42.634032330514458 ], [ -1.245156097909584, 42.630954162787148 ] ], [ [ -1.174313886703338, 42.65358528131101 ], [ -1.182610457755709, 42.653380132826193 ], [ -1.182434302423164, 42.652413801395397 ], [ -1.174313886703338, 42.65358528131101 ] ], [ [ -1.321007193993447, 42.665377616625619 ], [ -1.316426394472817, 42.669287231110182 ], [ -1.318579765191863, 42.670178896100531 ], [ -1.321007193993447, 42.665377616625619 ] ], [ [ -1.198288089683591, 42.886794199209263 ], [ -1.193789054305819, 42.850973399706639 ], [ -1.177671083348174, 42.845713890368231 ], [ -1.165770049002286, 42.865672641294701 ], [ -1.198288089683591, 42.886794199209263 ] ], [ [ -1.061714096831732, 42.905033652516089 ], [ -1.002112517207805, 42.905508557150405 ], [ -0.990160776730803, 42.956460342042057 ], [ -1.024434622461005, 42.95171986119589 ], [ -1.018924560402048, 42.920356420610545 ], [ -1.061714096831732, 42.905033652516089 ] ], [ [ -1.166804403226672, 42.949887450313511 ], [ -1.158198749633087, 42.938144269253911 ], [ -1.155917765160574, 42.949985914082305 ], [ -1.166804403226672, 42.949887450313511 ] ], [ [ -1.250742895530676, 42.958372539325651 ], [ -1.248520011246812, 42.95748302360041 ], [ -1.249391560121084, 42.962087150120247 ], [ -1.250742895530676, 42.958372539325651 ] ] ], [ [ [ -1.144974810950152, 42.441870144737734 ], [ -1.158770155785407, 42.4096636950853 ], [ -1.187799090813024, 42.403030303027528 ], [ -1.182826029869289, 42.424592006751702 ], [ -1.144974810950152, 42.441870144737734 ] ] ], [ [ [ -1.102851018859716, 42.48433430310169 ], [ -1.054360707799001, 42.448804511237476 ], [ -1.05678479994442, 42.434121732106988 ], [ -1.129364532227418, 42.446722325400444 ], [ -1.102851018859716, 42.48433430310169 ] ] ] ] } },
{ "type": "Feature", "properties": { "CPRO": "32" }, "geometry": { "type": "Polygon", "coordinates": [ [ [ -7.98817659742413, 41.868117965373273 ], [ -8.013620047129296, 41.828806998650208 ], [ -8.130306251038457, 41.808921017288966 ], [ -8.165462147482746, 41.818261623994239 ], [ -8.170958016217877, 41.879034840473132 ], [ -8.200075132789665, 41.874007304027515 ], [ -8.215078138215658, 41.897866658877128 ], [ -8.163831212972845, 41.982691607484135 ], [ -8.085819002900736, 42.016965452767082 ], [ -8.084649302580013, 42.047357796293596 ], [ -8.118875378150507, 42.082096116985532 ], [ -8.17669484980099, 42.06656679468459 ], [ -8.187658016354922, 42.074614051577313 ], [ -8.199401209142156, 42.15439543961164 ], [ -8.161526893418301, 42.179139978259073 ], [ -8.192624184023124, 42.209107361335519 ], [ -8.164966719274329, 42.221424187709935 ], [ -8.160191721466578, 42.245119191036189 ], [ -8.22982123123314, 42.232917255544272 ], [ -8.264942334049234, 42.252849166425086 ], [ -8.262307444423611, 42.314962947876047 ], [ -8.325063914071114, 42.345033573606074 ], [ -8.315066827806628, 42.380969079796593 ], [ -8.34238364844278, 42.465688138768577 ], [ -8.366708483757247, 42.487333817662666 ], [ -8.303092576525689, 42.490195746290134 ], [ -8.174224726373073, 42.571960626372849 ], [ -8.147200259138291, 42.548657870644369 ], [ -8.090860514259488, 42.557745162911068 ], [ -8.018993911698717, 42.542207793350066 ], [ -7.992851421683805, 42.572486561058106 ], [ -7.928367615186406, 42.57851812235684 ], [ -7.890406919622174, 42.550186764856733 ], [ -7.889097364792296, 42.538115683216532 ], [ -7.924370066457254, 42.525032438094371 ], [ -7.901965846654551, 42.521349971915662 ], [ -7.913543564101486, 42.508374608505292 ], [ -7.875778168094406, 42.510937091381429 ], [ -7.801671034656589, 42.480014679465278 ], [ -7.765390768504834, 42.493948097236029 ], [ -7.748674375856034, 42.479977174663674 ], [ -7.788716251423005, 42.473472430724215 ], [ -7.789262968116573, 42.465985857304531 ], [ -7.713538999650272, 42.45236811867796 ], [ -7.698236759584259, 42.429534956833017 ], [ -7.631776183853304, 42.407045171555666 ], [ -7.61943141486905, 42.384882632957336 ], [ -7.576484577974751, 42.404859242770023 ], [ -7.542328068415403, 42.384432157669607 ], [ -7.507944150883676, 42.386773789537905 ], [ -7.399610117865253, 42.435551209709423 ], [ -7.370264520844553, 42.42135181113494 ], [ -7.307299979027913, 42.429439358938808 ], [ -7.248171234737586, 42.389899272074089 ], [ -7.220428740375962, 42.387180235532192 ], [ -7.231295293144957, 42.359136892675828 ], [ -7.20303379724252, 42.325693129604986 ], [ -7.149632136040022, 42.436148507614931 ], [ -7.100105904487493, 42.458777861982036 ], [ -7.077417646753348, 42.508182854677273 ], [ -6.978905328770944, 42.493246843129619 ], [ -6.960452401684565, 42.517756710126385 ], [ -6.932195008288, 42.520543210785675 ], [ -6.860064131773415, 42.488756774999423 ], [ -6.822781688396657, 42.490854955792308 ], [ -6.814273050728858, 42.427352974969637 ], [ -6.84351282933468, 42.405845077968458 ], [ -6.820804642495503, 42.385643450153601 ], [ -6.73395391404226, 42.359110278546638 ], [ -6.73615579553618, 42.311062914112519 ], [ -6.766997812231225, 42.257457565223056 ], [ -6.803176287218215, 42.238667181919311 ], [ -6.787140502183825, 42.215724024605812 ], [ -6.843600560521964, 42.22830421360306 ], [ -6.878245321954529, 42.219518645916537 ], [ -6.901078526898201, 42.189623058099393 ], [ -6.942794045734105, 42.17333744913288 ], [ -6.944552716402762, 42.141680645921475 ], [ -6.989815932099614, 42.121311889101229 ], [ -7.002690533435825, 42.084170011970386 ], [ -7.033584887927885, 42.074235086172209 ], [ -7.011832183032901, 42.052416012222473 ], [ -6.974791918687715, 42.055156718513082 ], [ -6.961098597798149, 42.027906386922439 ], [ -7.006591779983971, 41.950505262963723 ], [ -7.073874029293908, 41.950303347546559 ], [ -7.08791785466567, 41.973907802434042 ], [ -7.140926280347925, 41.99082324385946 ], [ -7.177466174972075, 41.98002441898177 ], [ -7.190278673319084, 41.941747994832689 ], [ -7.173860256537083, 41.919530475757412 ], [ -7.197647723037861, 41.880051676154132 ], [ -7.31616661482057, 41.842830171679793 ], [ -7.35662091974752, 41.84010227573259 ], [ -7.367632445073084, 41.851676558794551 ], [ -7.42764753413024, 41.807469710565847 ], [ -7.453157806334061, 41.865132826799446 ], [ -7.502498487995408, 41.869624621621419 ], [ -7.521441905294928, 41.841912427177128 ], [ -7.613944570649482, 41.829266871727611 ], [ -7.586625489828003, 41.882017679125411 ], [ -7.654205498303608, 41.881363303259128 ], [ -7.700507984977134, 41.907942230154362 ], [ -7.845335873257577, 41.881524288721565 ], [ -7.845967218799942, 41.863932044737538 ], [ -7.876842843487474, 41.849458901523526 ], [ -7.892284883797558, 41.859919531843495 ], [ -7.884743979593194, 41.924416931482831 ], [ -7.906139947431953, 41.927355748295817 ], [ -7.921333110632951, 41.879013481227737 ], [ -7.98817659742413, 41.868117965373273 ] ] ] } },
{ "type": "Feature", "properties": { "CPRO": "33" }, "geometry": { "type": "Polygon", "coordinates": [ [ [ -6.463586358073835, 42.967568416649534 ], [ -6.433639650464837, 42.964158909523725 ], [ -6.433103008322404, 42.939755859462444 ], [ -6.489771312431369, 42.920247872097107 ], [ -6.689903780401218, 42.922462868511268 ], [ -6.723190765346667, 42.917376765518895 ], [ -6.772846193709452, 42.882542124346358 ], [ -6.770668070331207, 42.898623108276489 ], [ -6.836162700466271, 42.916341237901413 ], [ -6.836458266905363, 42.957758293218085 ], [ -6.864671429942168, 42.983477214408566 ], [ -6.910689786660435, 42.990132177307473 ], [ -6.94692279451573, 43.032446635601048 ], [ -6.964818115410816, 43.026559901148921 ], [ -6.962325325643837, 42.990712483226538 ], [ -6.984148181694597, 43.004035559917142 ], [ -6.997290965791414, 43.027706506141385 ], [ -6.982283032938802, 43.041366923798343 ], [ -6.96500936167341, 43.03466559942958 ], [ -6.951714625415957, 43.076624300877661 ], [ -6.938505996084992, 43.08668739203204 ], [ -6.915965397984126, 43.073416469726268 ], [ -6.871719023345798, 43.091203418485456 ], [ -6.821926402026028, 43.143238298554408 ], [ -6.868246178169328, 43.190021571848362 ], [ -6.885405684119148, 43.156800768333213 ], [ -6.957362444371051, 43.135476747599391 ], [ -6.98077324228308, 43.166545277379164 ], [ -6.971019086763842, 43.204249819567998 ], [ -7.001445262029418, 43.207275491403486 ], [ -7.009583729533277, 43.222881329762885 ], [ -7.020054230514106, 43.213239633093281 ], [ -7.061592612815924, 43.244047351837999 ], [ -7.0597858446633, 43.30533467017429 ], [ -7.100933513430212, 43.303810154454851 ], [ -7.131206163400533, 43.331349224482345 ], [ -7.127531485148869, 43.37259993234423 ], [ -7.182487620327648, 43.392459317008537 ], [ -7.172986768965139, 43.430413161156771 ], [ -7.103160517475347, 43.426950607510399 ], [ -7.089528823761518, 43.455111640362716 ], [ -7.04864352576581, 43.477069652888225 ], [ -7.02916981789513, 43.557211924368453 ], [ -6.974030502648728, 43.557219068252962 ], [ -6.946519718886153, 43.575162933860661 ], [ -6.875350213998876, 43.562621079850608 ], [ -6.854148814307866, 43.570685894794273 ], [ -6.811861060389848, 43.554604050328159 ], [ -6.767484033192558, 43.568943616678069 ], [ -6.724726703809586, 43.55609497410871 ], [ -6.627240331116958, 43.572874742818883 ], [ -6.598766693469436, 43.553905264373142 ], [ -6.534974127822525, 43.54522006001519 ], [ -6.474526516015379, 43.550262818653522 ], [ -6.471364551988097, 43.570625948879126 ], [ -6.430471009399604, 43.55289146336181 ], [ -6.355182850708045, 43.550950771044789 ], [ -6.256317484310727, 43.577699347236923 ], [ -6.245258161191604, 43.595202036318319 ], [ -6.203184652127098, 43.572512371004422 ], [ -6.188710166114449, 43.579580127854335 ], [ -6.186605312774552, 43.563171224010297 ], [ -6.113957327137613, 43.555154027198292 ], [ -6.028659048484934, 43.586357762142647 ], [ -5.995498025062711, 43.573834522335702 ], [ -5.941078107781911, 43.593085499623704 ], [ -5.916529882431854, 43.558627414956213 ], [ -5.921887206222366, 43.589521872903134 ], [ -5.948017805631807, 43.597164601404238 ], [ -5.914109700813896, 43.606912124308934 ], [ -5.913810583603836, 43.624314821660981 ], [ -5.866382100097188, 43.631195888664855 ], [ -5.858825173439112, 43.655064843966656 ], [ -5.839735600954547, 43.661537340010128 ], [ -5.830102316698817, 43.640230680071262 ], [ -5.783400139886539, 43.631375000127093 ], [ -5.791876998808042, 43.614205188217184 ], [ -5.755809459490653, 43.583153674943567 ], [ -5.676233435971564, 43.570990627155972 ], [ -5.700891782205487, 43.568206302289155 ], [ -5.695389781932919, 43.549741044721856 ], [ -5.683736598089226, 43.557314897111908 ], [ -5.691671434997509, 43.54344088947272 ], [ -5.644843804399746, 43.540250986264752 ], [ -5.61736546387165, 43.557219754489587 ], [ -5.49452115645371, 43.544922730865487 ], [ -5.408845830399918, 43.556278369276946 ], [ -5.386248129667955, 43.530478824644383 ], [ -5.2957356397929, 43.536375052230454 ], [ -5.21486677925488, 43.473798508218067 ], [ -5.129006818554767, 43.485270903832976 ], [ -5.044249821623565, 43.461470950386442 ], [ -4.928343863774645, 43.463258980620509 ], [ -4.711438864738606, 43.409660044437111 ], [ -4.512279299166062, 43.39328723633998 ], [ -4.538807907949192, 43.355925485439549 ], [ -4.518570360212422, 43.294038078848644 ], [ -4.536588276362082, 43.269845425614079 ], [ -4.606551020429182, 43.300553272709053 ], [ -4.631882514285459, 43.267652334628863 ], [ -4.730944654367287, 43.257335741863031 ], [ -4.719682311723517, 43.235822645161107 ], [ -4.747058719666057, 43.184009472874436 ], [ -4.778609202665297, 43.192041704495146 ], [ -4.841024133586903, 43.180780047531115 ], [ -4.871239401129245, 43.228131196803311 ], [ -4.911426037239901, 43.237362721736638 ], [ -4.963917295136731, 43.21244043915285 ], [ -4.99685857398087, 43.173096435874541 ], [ -5.023039814125689, 43.185404932041578 ], [ -5.075859194714146, 43.181532129708621 ], [ -5.101735520130113, 43.101846184550716 ], [ -5.140678649310395, 43.102916098390182 ], [ -5.147802812717124, 43.115118880954661 ], [ -5.216597309756723, 43.084487755997337 ], [ -5.282121388375137, 43.077427440518989 ], [ -5.369135606958596, 43.094576889495293 ], [ -5.390450772795013, 43.049335819700012 ], [ -5.478523211629098, 43.054908385849167 ], [ -5.493752009591436, 43.021350700298392 ], [ -5.57014276402952, 43.022730604147867 ], [ -5.69334993800277, 43.056480830650656 ], [ -5.728376779486914, 43.042513138524136 ], [ -5.76385993706479, 42.970129661528141 ], [ -5.804007329051712, 42.962615140604612 ], [ -5.914619489971324, 42.992697687062119 ], [ -5.956745602360795, 43.01859316621325 ], [ -5.975035234390131, 43.065418341358189 ], [ -6.020584751075211, 43.054878020446715 ], [ -6.081944623368359, 43.075448516727747 ], [ -6.095964738176959, 43.031277374907091 ], [ -6.137318643720048, 43.020277813435712 ], [ -6.176860690411907, 43.047569671569875 ], [ -6.215753609843864, 43.047186984838277 ], [ -6.227033763972251, 43.009034076634236 ], [ -6.285561722033175, 43.036366293475147 ], [ -6.326863620041236, 43.031326630482212 ], [ -6.359458591737853, 43.059573357947983 ], [ -6.397418079577521, 43.038318072016075 ], [ -6.394722699527199, 43.016608316587082 ], [ -6.411477631131577, 43.016928763992325 ], [ -6.424451410190438, 42.987871810705911 ], [ -6.478506431458244, 42.991200751311148 ], [ -6.463586358073835, 42.967568416649534 ] ] ] } },
{ "type": "Feature", "properties": { "CPRO": "34" }, "geometry": { "type": "MultiPolygon", "coordinates": [ [ [ [ -4.683735777936307, 41.893175570820702 ], [ -4.728247153681957, 41.868827181075979 ], [ -4.758421430601119, 41.825786338784702 ], [ -4.789248676865731, 41.81802388837869 ], [ -4.869086102664562, 41.931727637726517 ], [ -4.927937321165936, 41.915028996785431 ], [ -4.94958729824974, 41.933828591032828 ], [ -4.983683965871381, 41.910026056832294 ], [ -5.004850112354363, 41.937946927520535 ], [ -4.965539720199635, 42.007056437727918 ], [ -4.936006580916973, 42.017915717982902 ], [ -4.94762547614932, 42.054311092696892 ], [ -4.904176917611882, 42.078393427240911 ], [ -4.927497438820987, 42.15021429438044 ], [ -4.994306743629221, 42.144902034428128 ], [ -5.026966313532229, 42.153911678710259 ], [ -5.031894411811016, 42.173628385527145 ], [ -5.012393339724598, 42.189759630472523 ], [ -5.024667111032951, 42.21989315279167 ], [ -5.002140970133549, 42.289128734530422 ], [ -4.953447314270448, 42.297155460146755 ], [ -4.942431761011339, 42.327502661309779 ], [ -4.94249607020547, 42.346548521918606 ], [ -4.9842046380949, 42.33787303037527 ], [ -4.972552187559304, 42.374384745734773 ], [ -4.903238518664384, 42.386525654723187 ], [ -4.90498386906767, 42.424554269945396 ], [ -4.923984716720296, 42.436142081479929 ], [ -4.899998939976512, 42.450681051319144 ], [ -4.887988538381498, 42.537026320055922 ], [ -4.915953629128936, 42.554753114477052 ], [ -4.900296388840577, 42.670120483889136 ], [ -4.871669245890509, 42.707990709820415 ], [ -4.890558476904346, 42.723259598095325 ], [ -4.915892014780121, 42.720560351444583 ], [ -4.935559835562603, 42.756457646439195 ], [ -4.895876736695181, 42.785172547336515 ], [ -4.89837069983104, 42.863133545701807 ], [ -4.86558415204207, 42.86054768528809 ], [ -4.855500753769727, 42.891706980994201 ], [ -4.809234524747966, 42.930340691008837 ], [ -4.794816490777813, 42.986650650939715 ], [ -4.756988496352226, 43.015504095138922 ], [ -4.699508744999495, 43.026655700141383 ], [ -4.63813182727545, 43.016672803162464 ], [ -4.606084358270276, 43.035767322884276 ], [ -4.558448988506163, 43.019514682509914 ], [ -4.520920046344675, 43.047376627538945 ], [ -4.47571362196682, 43.038702388430494 ], [ -4.46195373582454, 43.061022128186899 ], [ -4.398114913643112, 43.034868027484599 ], [ -4.348486282676454, 42.972581463188234 ], [ -4.240249815730745, 42.956533109846674 ], [ -4.214234249886136, 42.847172576617787 ], [ -4.149901641172193, 42.87113308539422 ], [ -4.126119690438158, 42.856636450546077 ], [ -4.140446915631816, 42.829001332248303 ], [ -4.159999244338445, 42.836936970429313 ], [ -4.182411997606119, 42.822596356245811 ], [ -4.183850595126743, 42.812072107569954 ], [ -4.149915766132397, 42.789309622490848 ], [ -4.098485873382654, 42.791182889683952 ], [ -4.08163363040337, 42.764308458667792 ], [ -4.092187552367964, 42.747971265679212 ], [ -4.109555817982349, 42.733881767694307 ], [ -4.14497085884818, 42.752517272797732 ], [ -4.257042794536924, 42.688113243031047 ], [ -4.266693568373385, 42.705297808419601 ], [ -4.293171867771367, 42.690898990668337 ], [ -4.263873393352487, 42.617955927372726 ], [ -4.293898460338303, 42.605256029939525 ], [ -4.270811870553962, 42.581388465234006 ], [ -4.305345956547399, 42.570806134218017 ], [ -4.303330806361639, 42.555357393855381 ], [ -4.277691331481836, 42.544686256994652 ], [ -4.286203153220399, 42.511972923747805 ], [ -4.247041681249028, 42.494718492215029 ], [ -4.242593178003451, 42.456240776186213 ], [ -4.317092181851897, 42.458930723463475 ], [ -4.335342448318207, 42.43061319150484 ], [ -4.33095411489746, 42.390949272661977 ], [ -4.321586243685561, 42.379899491019962 ], [ -4.272726720758298, 42.385720271490122 ], [ -4.28051763710351, 42.363785698451267 ], [ -4.228762445127252, 42.250373142908849 ], [ -4.231438189649334, 42.208448257467431 ], [ -4.188642779305727, 42.176378125784183 ], [ -4.205012210657658, 42.133607949458913 ], [ -4.151113287069105, 42.131306060615849 ], [ -4.142082708696435, 42.119625032290564 ], [ -4.120215294678077, 42.128126252864973 ], [ -4.103779140533552, 42.10968748067237 ], [ -4.056228461585151, 42.100911834046656 ], [ -4.077492125366946, 42.082681513439432 ], [ -4.103033895247083, 42.087047434468737 ], [ -4.104104866277203, 42.061625310496467 ], [ -4.07988765618941, 42.036782534795215 ], [ -4.047884255464979, 42.039051517846225 ], [ -4.039248873841133, 42.053351385031689 ], [ -3.981677774633285, 42.051048078888797 ], [ -3.971074312843234, 42.033215128434087 ], [ -4.014776617897083, 41.99858501513328 ], [ -4.032978804945639, 41.954082802323846 ], [ -3.910202386569247, 41.996966075524305 ], [ -3.891471348549756, 41.996644487785964 ], [ -3.89119863295305, 41.959718988281132 ], [ -3.936602722927803, 41.956989182051188 ], [ -3.952184240037104, 41.935307893821715 ], [ -3.981340833586857, 41.930703380589058 ], [ -3.9807001633364, 41.900617127705623 ], [ -4.017388458320668, 41.879465928428978 ], [ -4.088826777794834, 41.870651693541532 ], [ -4.090068012379388, 41.830866370352801 ], [ -4.037996696526925, 41.789854402988432 ], [ -4.040874975703228, 41.7683563633977 ], [ -4.100271759679596, 41.774711474386962 ], [ -4.123195488449391, 41.807310217567569 ], [ -4.213946521160736, 41.799406911964539 ], [ -4.23602446400667, 41.813969498323871 ], [ -4.317640022304015, 41.763444015291114 ], [ -4.389296710789942, 41.787773529694647 ], [ -4.454237627966131, 41.759166261750607 ], [ -4.501183160469553, 41.771406153561188 ], [ -4.487340782635046, 41.820096217894928 ], [ -4.461146898459285, 41.820360247097739 ], [ -4.473297324978198, 41.843027995398288 ], [ -4.512123011548906, 41.823303337356549 ], [ -4.549154587630744, 41.831014972963828 ], [ -4.566082956507829, 41.812574058818988 ], [ -4.631897185131849, 41.861725628350982 ], [ -4.637305489061707, 41.888109839246248 ], [ -4.683735777936307, 41.893175570820702 ] ], [ [ -4.260633373983401, 42.738892650925003 ], [ -4.251332640593785, 42.726548872398276 ], [ -4.245059700560865, 42.735974131375464 ], [ -4.260633373983401, 42.738892650925003 ] ] ], [ [ [ -4.031935315130924, 42.078635632095775 ], [ -4.037693633481185, 42.10258688998988 ], [ -4.033436012279665, 42.106973843689744 ], [ -4.024374613757634, 42.083548453647474 ], [ -4.031935315130924, 42.078635632095775 ] ] ], [ [ [ -4.062137258450218, 42.131578234126756 ], [ -4.102733097858324, 42.137238735457984 ], [ -4.111843367088355, 42.158576739394618 ], [ -4.065637354612324, 42.163499953107639 ], [ -4.062137258450218, 42.131578234126756 ] ] ], [ [ [ -4.015277978473792, 42.764194640343156 ], [ -4.045910508562949, 42.766612032641625 ], [ -4.050215693126926, 42.779801870515215 ], [ -4.00355413466519, 42.831406699276016 ], [ -3.996420580532078, 42.782578208210516 ], [ -4.015277978473792, 42.764194640343156 ] ] ], [ [ [ -4.088522086194671, 42.818492463249711 ], [ -4.101041839454917, 42.793968053123059 ], [ -4.107036356036195, 42.827761892335474 ], [ -4.088522086194671, 42.818492463249711 ] ] ], [ [ [ -4.182344713734691, 42.820345682230986 ], [ -4.161095543424067, 42.81311544289013 ], [ -4.174558558224248, 42.811618413577264 ], [ -4.182344713734691, 42.820345682230986 ] ] ] ] } },
{ "type": "Feature", "properties": { "CPRO": "35" }, "geometry": { "type": "MultiPolygon", "coordinates": [ [ [ [ -15.553760625375833, 27.764957098102883 ], [ -15.57760752690184, 27.734983485317535 ], [ -15.658733257949752, 27.756588935509903 ], [ -15.674115523883065, 27.74900863188838 ], [ -15.78745786785681, 27.834404067560524 ], [ -15.834595018337389, 27.915676270352254 ], [ -15.822982825336481, 28.01345015709683 ], [ -15.786253964188653, 28.021155164867988 ], [ -15.713871269905678, 28.078699134746977 ], [ -15.696210403061368, 28.151714903402034 ], [ -15.706111717732242, 28.157402985316558 ], [ -15.709485797982699, 28.162614251462529 ], [ -15.708641546219241, 28.166026195996874 ], [ -15.683190062053914, 28.170596655400843 ], [ -15.666412422880835, 28.158030607872963 ], [ -15.637456318538916, 28.171877832123702 ], [ -15.59955631497149, 28.144244169398881 ], [ -15.526778501477658, 28.15510695981088 ], [ -15.467359694013094, 28.126052676264052 ], [ -15.431214500996882, 28.145705534242691 ], [ -15.439401687501217, 28.169181166112125 ], [ -15.407004345055263, 28.178145728413991 ], [ -15.401181803310028, 28.166493316991396 ], [ -15.404458854670095, 28.12573137349948 ], [ -15.406899271878647, 28.158534976039107 ], [ -15.417514599867195, 28.128314583292156 ], [ -15.417640294878462, 28.146618659598126 ], [ -15.428953367472072, 28.138448145613644 ], [ -15.41078274633446, 28.100949193549919 ], [ -15.419980745337442, 28.060825440357949 ], [ -15.373180570941475, 28.009253118859974 ], [ -15.375247771793562, 27.997295505626962 ], [ -15.370120098387993, 27.996747451854343 ], [ -15.370738528753618, 27.993859338216094 ], [ -15.367689104962807, 27.992815870183183 ], [ -15.367403643080094, 27.989880525870777 ], [ -15.384423000722425, 27.967394637157796 ], [ -15.358747825173259, 27.930612421435704 ], [ -15.384023475918587, 27.927662301397188 ], [ -15.385402749503072, 27.857516136361443 ], [ -15.416178612326618, 27.844319011539763 ], [ -15.432700710769273, 27.799828648547752 ], [ -15.553760625375833, 27.764957098102883 ] ] ], [ [ [ -14.321527094103164, 28.05035835526202 ], [ -14.477452131754195, 28.07788872058347 ], [ -14.509746301976074, 28.068017213722346 ], [ -14.491338929042717, 28.110419944613611 ], [ -14.442192178458221, 28.100409820227224 ], [ -14.368818497122012, 28.118226744341488 ], [ -14.222556195630276, 28.215039614126365 ], [ -14.203892733559446, 28.328155632378859 ], [ -14.162221747993287, 28.368711817919351 ], [ -14.14733871667398, 28.438565938777597 ], [ -14.100487970076966, 28.475208104958377 ], [ -14.033409645477235, 28.592944162476318 ], [ -14.038668085571503, 28.615257220620446 ], [ -14.008950909200937, 28.675070950935336 ], [ -14.015970639318567, 28.7153292100292 ], [ -13.926078402176854, 28.751719704668851 ], [ -13.866152132455168, 28.746667919016595 ], [ -13.830882853086575, 28.693869389585224 ], [ -13.822502477372042, 28.593034807949621 ], [ -13.843483158412493, 28.503623053295193 ], [ -13.867711865372714, 28.48082064273083 ], [ -13.849865314965696, 28.400693995242374 ], [ -13.895326483194118, 28.323959785535745 ], [ -13.901558629029555, 28.274640230824584 ], [ -13.946448459770295, 28.228371661314025 ], [ -14.219022541140005, 28.165122823672217 ], [ -14.321527094103164, 28.05035835526202 ] ] ], [ [ [ -13.81346004098474, 28.76494527823948 ], [ -13.813774159025698, 28.741403403142602 ], [ -13.820459344554241, 28.73592039208231 ], [ -13.835819454369442, 28.752574335480073 ], [ -13.81346004098474, 28.76494527823948 ] ] ], [ [ [ -13.800509032521713, 28.858392444935664 ], [ -13.872579125983275, 28.854756719357866 ], [ -13.882199400713354, 28.885195394690086 ], [ -13.829221379615396, 28.930116855131597 ], [ -13.833929951107832, 28.989948475196442 ], [ -13.814698080213009, 29.033862531626152 ], [ -13.756254013908054, 29.07758699073543 ], [ -13.707802417106382, 29.079349187670982 ], [ -13.652003822169878, 29.113916841695939 ], [ -13.657962811342513, 29.123729847006317 ], [ -13.633177476292783, 29.115718385231158 ], [ -13.601617891074044, 29.136088090877539 ], [ -13.546032154209145, 29.119209991102394 ], [ -13.497024849985829, 29.218338424279342 ], [ -13.470530139340289, 29.240523605283794 ], [ -13.423872828964104, 29.208104924220319 ], [ -13.427848297482441, 29.155627901107682 ], [ -13.464542983163989, 29.128051917125809 ], [ -13.447532355249605, 29.089068284892594 ], [ -13.485589122602978, 28.99273646846348 ], [ -13.640339012502279, 28.920460765893402 ], [ -13.736220928490743, 28.906891871260907 ], [ -13.78639994519939, 28.838697548209566 ], [ -13.800509032521713, 28.858392444935664 ] ] ], [ [ [ -13.510633043528985, 29.290154905313042 ], [ -13.471228082583309, 29.265591043420628 ], [ -13.504783310621796, 29.225001665403997 ], [ -13.543413182974112, 29.218303382337606 ], [ -13.510633043528985, 29.290154905313042 ] ] ] ] } },
{ "type": "Feature", "properties": { "CPRO": "36" }, "geometry": { "type": "MultiPolygon", "coordinates": [ [ [ [ -8.755722424122295, 41.934801347840654 ], [ -8.873576427369887, 41.870176294192206 ], [ -8.882643525862965, 41.882195951972157 ], [ -8.877323712498114, 42.002705205076694 ], [ -8.89972379431452, 42.110366102178794 ], [ -8.85172105572436, 42.128090647923308 ], [ -8.827793465706913, 42.113937275842012 ], [ -8.819417757881792, 42.138984225139851 ], [ -8.850638652016814, 42.156826193050776 ], [ -8.821547750132449, 42.157284842419791 ], [ -8.804326578217637, 42.200928668911246 ], [ -8.782669995262088, 42.201865713340446 ], [ -8.758005597161471, 42.23276841312061 ], [ -8.74201733130486, 42.225756176447263 ], [ -8.711789628771884, 42.241840614441287 ], [ -8.661908162328594, 42.284328407815742 ], [ -8.611335558055851, 42.287398424119388 ], [ -8.62719525006438, 42.308998350740119 ], [ -8.612310734692036, 42.345559162630259 ], [ -8.645260456213698, 42.338688006291555 ], [ -8.636503063391414, 42.326400115390385 ], [ -8.660438219250684, 42.315602845806929 ], [ -8.660305510212639, 42.290916395918472 ], [ -8.713126399390269, 42.275334312526397 ], [ -8.732017061131748, 42.28685648635296 ], [ -8.79319428877205, 42.246368600563336 ], [ -8.856569062269479, 42.261350020291445 ], [ -8.865087025480516, 42.246348142716094 ], [ -8.856357792398262, 42.309818224533167 ], [ -8.831579909538169, 42.27798508226789 ], [ -8.816388778460157, 42.277957983727816 ], [ -8.837023113791172, 42.340783925260453 ], [ -8.771642481243941, 42.332294189841683 ], [ -8.726239853866458, 42.385160978681746 ], [ -8.695264647498121, 42.394279836234077 ], [ -8.697338264405237, 42.399865797433598 ], [ -8.657364130024909, 42.423286187562965 ], [ -8.654191429620214, 42.431356162637528 ], [ -8.681616741167025, 42.420741437964757 ], [ -8.690370809422735, 42.439957430551196 ], [ -8.774583392420736, 42.387967256093724 ], [ -8.815157913219297, 42.400726630739527 ], [ -8.839490257342495, 42.384065245141429 ], [ -8.88123610085224, 42.414267699467246 ], [ -8.881979289636403, 42.453657533174294 ], [ -8.911509438665638, 42.462322990692932 ], [ -8.934302521922898, 42.452805310930941 ], [ -8.938678247794833, 42.47984410270751 ], [ -8.890450220101352, 42.481162622076425 ], [ -8.871618906539116, 42.501576288545969 ], [ -8.856574846457912, 42.472390561789666 ], [ -8.869559872753314, 42.448121161868265 ], [ -8.848246147098845, 42.460682757511655 ], [ -8.820596153978839, 42.451742844707475 ], [ -8.831644174543982, 42.484882515693968 ], [ -8.804431375060878, 42.500023673484037 ], [ -8.822418649213621, 42.507155810464454 ], [ -8.813597361341012, 42.53043405235664 ], [ -8.830191975608416, 42.519667997342964 ], [ -8.831475836708357, 42.575126225048756 ], [ -8.796100028500341, 42.579654974506148 ], [ -8.785970280027529, 42.59965799042898 ], [ -8.77245092148781, 42.59353677942358 ], [ -8.779511089710912, 42.614226256360695 ], [ -8.729408459681492, 42.666685775059854 ], [ -8.717736322402764, 42.706349003836152 ], [ -8.651310092527961, 42.729137438855609 ], [ -8.607002251054624, 42.715136224287768 ], [ -8.600296535297343, 42.743102251227121 ], [ -8.556645920623646, 42.745973297445921 ], [ -8.553816097859279, 42.761288867337463 ], [ -8.470722963597709, 42.743667937390761 ], [ -8.407696883628105, 42.754007171444741 ], [ -8.392447150623001, 42.789343165571537 ], [ -8.355086912694615, 42.778804039086154 ], [ -8.332001197381054, 42.794414834795468 ], [ -8.346001771543229, 42.835928346005879 ], [ -8.330538089706463, 42.842287162268903 ], [ -8.324938835303758, 42.83139420856984 ], [ -8.316493103318425, 42.845832004390182 ], [ -8.280950776527114, 42.810858922754669 ], [ -8.254936364733584, 42.836690728848531 ], [ -8.207639896339282, 42.825146959234765 ], [ -8.221167404695056, 42.844281033911514 ], [ -8.183640913899877, 42.860125492416479 ], [ -8.117213954805166, 42.8411735974069 ], [ -8.075452906079493, 42.853300988840218 ], [ -8.04719175840407, 42.831470499668818 ], [ -8.013958884841729, 42.850193220238687 ], [ -7.968969229423867, 42.849594109067851 ], [ -7.956412173317704, 42.83974980238213 ], [ -7.980851501733562, 42.811327149470706 ], [ -7.978778072818993, 42.778691913625117 ], [ -7.935737180009933, 42.739731722920055 ], [ -7.866395035414482, 42.720635550715564 ], [ -7.861431802256851, 42.706195584596898 ], [ -7.892971536875242, 42.677650263083521 ], [ -7.892917263608777, 42.629621372942601 ], [ -7.91963920505891, 42.58431408662306 ], [ -7.965257232586511, 42.566603709790357 ], [ -7.992851421683805, 42.572486561058106 ], [ -8.018993911698717, 42.542207793350066 ], [ -8.090860514259488, 42.557745162911068 ], [ -8.147200259138291, 42.548657870644369 ], [ -8.174224726373073, 42.571960626372849 ], [ -8.303092576525689, 42.490195746290134 ], [ -8.366708483757247, 42.487333817662666 ], [ -8.34238364844278, 42.465688138768577 ], [ -8.315066827806628, 42.380969079796593 ], [ -8.325063914071114, 42.345033573606074 ], [ -8.262307444423611, 42.314962947876047 ], [ -8.264942334049234, 42.252849166425086 ], [ -8.22982123123314, 42.232917255544272 ], [ -8.160191721466578, 42.245119191036189 ], [ -8.164966719274329, 42.221424187709935 ], [ -8.192624184023124, 42.209107361335519 ], [ -8.165727344147658, 42.173656693327651 ], [ -8.223497416328094, 42.133347483951077 ], [ -8.246669205044507, 42.139165186791104 ], [ -8.259580972646374, 42.121007908049975 ], [ -8.322783619175112, 42.101933894662039 ], [ -8.332257113346959, 42.084189681827894 ], [ -8.363850823465281, 42.09022999273062 ], [ -8.428652897339836, 42.072220049610159 ], [ -8.443719275220495, 42.082919251638238 ], [ -8.523911524549124, 42.078435626743158 ], [ -8.557095576688777, 42.051387670869659 ], [ -8.63739705972317, 42.047053170908661 ], [ -8.663860757698856, 42.002193294917895 ], [ -8.744479654608597, 41.965243846260535 ], [ -8.755722424122295, 41.934801347840654 ] ] ], [ [ [ -8.938267259579312, 42.348997798626364 ], [ -8.934559093037878, 42.343654345141267 ], [ -8.939094143447207, 42.342977615711725 ], [ -8.938267259579312, 42.348997798626364 ] ] ], [ [ [ -8.921011456240459, 42.395757599709789 ], [ -8.937155440608603, 42.357013147246263 ], [ -8.945794900805261, 42.354682476807582 ], [ -8.946596179465736, 42.380718921819003 ], [ -8.921011456240459, 42.395757599709789 ] ] ], [ [ [ -8.846336198887972, 42.500631892989503 ], [ -8.846544887851843, 42.482302367803683 ], [ -8.852828562330648, 42.482781689991448 ], [ -8.846336198887972, 42.500631892989503 ] ] ], [ [ [ -8.89902343133298, 42.543939712772399 ], [ -8.901298147071353, 42.537223854240253 ], [ -8.903548276492771, 42.538106757487157 ], [ -8.89902343133298, 42.543939712772399 ] ] ], [ [ [ -8.87704012450761, 42.575121442420659 ], [ -8.852336593992517, 42.545747998466219 ], [ -8.874811767173226, 42.524159722450577 ], [ -8.870652873505708, 42.561092108967692 ], [ -8.881926819096099, 42.55771233743549 ], [ -8.892321116897262, 42.568626686813865 ], [ -8.87704012450761, 42.575121442420659 ] ] ], [ [ [ -8.917419506378387, 42.547425669229732 ], [ -8.912120857323432, 42.545467747003002 ], [ -8.912276727572692, 42.544028385706717 ], [ -8.917419506378387, 42.547425669229732 ] ] ], [ [ [ -8.780628669459965, 42.624954065758018 ], [ -8.787501114669857, 42.613515474055504 ], [ -8.791191346966999, 42.615191754679017 ], [ -8.780628669459965, 42.624954065758018 ] ] ], [ [ [ -8.705646705594731, 42.411631091714547 ], [ -8.712781405587824, 42.412606907042935 ], [ -8.708414431696061, 42.414679591725672 ], [ -8.705646705594731, 42.411631091714547 ] ] ] ] } },
{ "type": "Feature", "properties": { "CPRO": "37" }, "geometry": { "type": "Polygon", "coordinates": [ [ [ -6.755603813034719, 40.23892271479027 ], [ -6.834524871217557, 40.247579344211864 ], [ -6.865185936548129, 40.270406312320198 ], [ -6.862099100914548, 40.298768655841975 ], [ -6.794184596663925, 40.328792923279252 ], [ -6.780999017164806, 40.364672248607789 ], [ -6.834802359026867, 40.408152392668853 ], [ -6.849698080521733, 40.452577205390703 ], [ -6.795029974475399, 40.51191595733151 ], [ -6.800831565334295, 40.550629704310914 ], [ -6.844822655100662, 40.56587783046907 ], [ -6.793894931294932, 40.661681887201475 ], [ -6.831198718799533, 40.752638938308721 ], [ -6.826116839123084, 40.843241808574057 ], [ -6.802173550770013, 40.845087992686032 ], [ -6.801910361637495, 40.860991558524823 ], [ -6.809075759525233, 40.882494412998 ], [ -6.84847795767347, 40.900835008035578 ], [ -6.860169243017157, 40.948902474316625 ], [ -6.92156118990575, 41.003337158716974 ], [ -6.930083044943817, 41.030071649224723 ], [ -6.808358079406578, 41.036477520337037 ], [ -6.753987798011395, 41.102779745859031 ], [ -6.767416931459507, 41.135210871401185 ], [ -6.701316961743472, 41.18039412773129 ], [ -6.647766145183304, 41.247566450331504 ], [ -6.599115060014859, 41.244236755790226 ], [ -6.591390214096959, 41.255456052808675 ], [ -6.571257260561437, 41.239026601286206 ], [ -6.521824319579793, 41.275997696626632 ], [ -6.509861437482046, 41.263728627460083 ], [ -6.481147711176952, 41.272976897927819 ], [ -6.479705946529305, 41.294346026748521 ], [ -6.414731426219397, 41.275977456090118 ], [ -6.37227585009999, 41.28629952460043 ], [ -6.268168738398506, 41.255606301292822 ], [ -6.134500399116248, 41.190386287011869 ], [ -6.109311808374985, 41.212612757813474 ], [ -6.062011110020846, 41.221050800588102 ], [ -6.00883447648914, 41.200497021791755 ], [ -6.027500410561706, 41.179121707772282 ], [ -6.021825399682019, 41.155260085048582 ], [ -6.002566959911899, 41.153134497845819 ], [ -5.979218089116443, 41.174573239432753 ], [ -5.953245183188484, 41.140100016484709 ], [ -5.913134070580887, 41.178337106642658 ], [ -5.921330668984032, 41.218153513970904 ], [ -5.897674085327606, 41.238592758575152 ], [ -5.767308616602455, 41.215701955769759 ], [ -5.658742328680596, 41.245713612423458 ], [ -5.628324845655495, 41.214457144036352 ], [ -5.587929560721902, 41.20243915043627 ], [ -5.565066453213896, 41.217037465389801 ], [ -5.485253358335733, 41.178852938492476 ], [ -5.484338858046856, 41.145502414844465 ], [ -5.476876526063032, 41.178321985278835 ], [ -5.418102955980254, 41.187659954028668 ], [ -5.386962859443679, 41.135853862564865 ], [ -5.357781311739113, 41.141030805394188 ], [ -5.316047421532658, 41.119099279556302 ], [ -5.296325336011104, 41.129402073298152 ], [ -5.28846739842501, 41.195615345742624 ], [ -5.252967800482713, 41.199774144289613 ], [ -5.229602326034376, 41.190528533602134 ], [ -5.218219751037532, 41.159584163488901 ], [ -5.179658175747274, 41.167291894700874 ], [ -5.124928890266668, 41.132042886022973 ], [ -5.152552927989453, 41.061958176599809 ], [ -5.140791245778818, 41.037244955508008 ], [ -5.106604750507706, 41.029498033275672 ], [ -5.089840889870574, 40.996628876283559 ], [ -5.104841037353807, 40.960253949068424 ], [ -5.127600350851273, 40.954116303185387 ], [ -5.115044730299543, 40.902806226126891 ], [ -5.163808465531826, 40.868384222307419 ], [ -5.161506677976152, 40.814003299062378 ], [ -5.218991898980438, 40.772971614269345 ], [ -5.214436672684821, 40.757827126279139 ], [ -5.385457199573631, 40.671448857811839 ], [ -5.365892458992566, 40.648773890015491 ], [ -5.382954354338851, 40.6207605197636 ], [ -5.447650585863859, 40.579593657078469 ], [ -5.499659077564594, 40.581587207965846 ], [ -5.500861106255462, 40.597351377978597 ], [ -5.516223171998365, 40.585379894526298 ], [ -5.524692776219667, 40.540733646041943 ], [ -5.428508076507653, 40.56446854092416 ], [ -5.465546896765819, 40.465914563271234 ], [ -5.509831873800564, 40.463663914073543 ], [ -5.511469963404066, 40.426291328506338 ], [ -5.525927070650701, 40.422364097953917 ], [ -5.574602944147554, 40.444250146586853 ], [ -5.560924984041644, 40.477098791278856 ], [ -5.634174052618569, 40.46044486570969 ], [ -5.691408802418445, 40.421573217163861 ], [ -5.673030921441609, 40.348534155823955 ], [ -5.744381854476303, 40.28886298973957 ], [ -5.764989468414978, 40.280778779778686 ], [ -5.802241669966173, 40.29654586627229 ], [ -5.781990583333756, 40.312455616073429 ], [ -5.799335852990341, 40.353750390518528 ], [ -5.847126740879395, 40.328047080574969 ], [ -5.854976965349418, 40.338374046889761 ], [ -5.885047783582153, 40.326134136158977 ], [ -5.917173137752974, 40.277697305059263 ], [ -5.9921444365227, 40.299011221461676 ], [ -6.016428210126259, 40.31652058100245 ], [ -6.016016375825617, 40.340292186003111 ], [ -6.105715195454026, 40.356794983090872 ], [ -6.08237785282303, 40.363211478167862 ], [ -6.072155356928139, 40.387001023694545 ], [ -6.085165708195539, 40.390491207846402 ], [ -6.064958333219652, 40.396604482241948 ], [ -6.129483265036754, 40.420787155430091 ], [ -6.116125569849383, 40.441584902338874 ], [ -6.147015607403688, 40.436117719384185 ], [ -6.199094420976438, 40.481836765268881 ], [ -6.234639447455097, 40.486610425306822 ], [ -6.275325838371645, 40.458515368264912 ], [ -6.3446430530189, 40.442774933851098 ], [ -6.371739414356095, 40.401870863860069 ], [ -6.419168736763072, 40.39928723771402 ], [ -6.438606384465873, 40.372813300438374 ], [ -6.53628366445354, 40.347244336504644 ], [ -6.560409863232495, 40.329049004618781 ], [ -6.556175035016004, 40.290776887648278 ], [ -6.587021521121359, 40.270721064757723 ], [ -6.671752661994966, 40.263232078910448 ], [ -6.690137182726422, 40.242661899232502 ], [ -6.718225157827371, 40.269238898246357 ], [ -6.755603813034719, 40.23892271479027 ] ], [ [ -5.536866289694725, 41.063060654203873 ], [ -5.537226228413492, 41.054469050403533 ], [ -5.5247364030188, 41.053014219942021 ], [ -5.536866289694725, 41.063060654203873 ] ] ] } },
{ "type": "Feature", "properties": { "CPRO": "38" }, "geometry": { "type": "MultiPolygon", "coordinates": [ [ [ [ -17.957143780228556, 27.720097028961884 ], [ -17.970400340572368, 27.64827369779681 ], [ -17.991089571267519, 27.638706331039245 ], [ -18.050280846013642, 27.692668162249614 ], [ -18.156768294575354, 27.710689486234831 ], [ -18.154362746575821, 27.755286589200416 ], [ -18.132223381167076, 27.771324852012615 ], [ -18.082443297583577, 27.753143984563891 ], [ -18.036569720023969, 27.762025560028732 ], [ -17.989250416940955, 27.799428608612477 ], [ -17.991661319226317, 27.822543400013643 ], [ -17.91723882429417, 27.848096746518973 ], [ -17.883455175362371, 27.803316589020838 ], [ -17.92738348049447, 27.731929710930004 ], [ -17.957143780228556, 27.720097028961884 ] ] ], [ [ [ -17.16793355639901, 28.035903255946774 ], [ -17.270304804857172, 28.025272969636561 ], [ -17.34836664906523, 28.097698318081292 ], [ -17.346447919013912, 28.151864063720186 ], [ -17.318945250831028, 28.203849044071411 ], [ -17.260790577776621, 28.217991887831698 ], [ -17.244911884791549, 28.200856858037135 ], [ -17.19603953754082, 28.200093688531346 ], [ -17.1837300704405, 28.180236242200888 ], [ -17.11217994400516, 28.144452458210793 ], [ -17.098507151073729, 28.095586932945007 ], [ -17.16793355639901, 28.035903255946774 ] ] ], [ [ [ -17.833006743856981, 28.457056797859071 ], [ -17.868660865030776, 28.473366829678572 ], [ -17.883997536168103, 28.548474950286113 ], [ -17.925919531562673, 28.596234030261577 ], [ -18.007126046671239, 28.757892416940315 ], [ -18.005787341154932, 28.784588544441341 ], [ -17.919743866227194, 28.857405660841611 ], [ -17.857952690661065, 28.832687172924953 ], [ -17.777491911072527, 28.840250281924078 ], [ -17.724451479721427, 28.743090122358545 ], [ -17.768737988772102, 28.677317726623528 ], [ -17.749862541090646, 28.624396666872826 ], [ -17.760046493112561, 28.569940697062304 ], [ -17.833006743856981, 28.457056797859071 ] ] ], [ [ [ -16.643594981614211, 28.003778512461334 ], [ -16.685770521667745, 27.998220413593586 ], [ -16.708374850679913, 28.011293885079514 ], [ -16.711347228750288, 28.046995886975424 ], [ -16.737188857757292, 28.054559139743478 ], [ -16.737886629998286, 28.086575076748876 ], [ -16.779442632649463, 28.120248276051967 ], [ -16.837448387545837, 28.207476256694548 ], [ -16.840889301878601, 28.264238589632292 ], [ -16.896542645804669, 28.332015818567797 ], [ -16.925904571688335, 28.341866972335431 ], [ -16.922761640022674, 28.355731609297099 ], [ -16.832916063154805, 28.393007611122961 ], [ -16.808601983514642, 28.376215759608641 ], [ -16.751503097936709, 28.370759578989325 ], [ -16.674199973105967, 28.402042754385221 ], [ -16.603704844105796, 28.394071589735336 ], [ -16.554860084766485, 28.418890130700028 ], [ -16.513959771637317, 28.418965283151547 ], [ -16.455679339759637, 28.460132703861426 ], [ -16.41092264591498, 28.527139913003683 ], [ -16.334026790653432, 28.557603267881959 ], [ -16.329621774243339, 28.577102602466383 ], [ -16.223664414466768, 28.565432518854557 ], [ -16.158250536384234, 28.588592976726069 ], [ -16.136070191341357, 28.582880110531011 ], [ -16.119961006472813, 28.559301534228247 ], [ -16.125592856876718, 28.532146500960756 ], [ -16.23703636288964, 28.48548567616248 ], [ -16.246249217924227, 28.470893055223389 ], [ -16.235605997687049, 28.479079292009764 ], [ -16.247019468593074, 28.455673497696267 ], [ -16.242764624626204, 28.468057075554675 ], [ -16.360609823090584, 28.379462480963497 ], [ -16.361651399655052, 28.304477672570286 ], [ -16.424681690488374, 28.204550346063765 ], [ -16.426715153884352, 28.147515059035968 ], [ -16.546445729412262, 28.024874629575173 ], [ -16.595489533425983, 28.029198760196653 ], [ -16.643594981614211, 28.003778512461334 ] ] ] ] } },
{ "type": "Feature", "properties": { "CPRO": "39" }, "geometry": { "type": "MultiPolygon", "coordinates": [ [ [ [ -4.151004905963424, 42.870554652583571 ], [ -4.214234249886136, 42.847172576617787 ], [ -4.240249815730745, 42.956533109846674 ], [ -4.348486282676454, 42.972581463188234 ], [ -4.398114913643112, 43.034868027484599 ], [ -4.447551591640168, 43.058539732463551 ], [ -4.462752690027829, 43.060534637762856 ], [ -4.47571362196682, 43.038702388430494 ], [ -4.520920046344675, 43.047376627538945 ], [ -4.558448988506163, 43.019514682509914 ], [ -4.606084358270276, 43.035767322884276 ], [ -4.63813182727545, 43.016672803162464 ], [ -4.737005172952411, 43.020986968863944 ], [ -4.743985834184475, 43.056450050705905 ], [ -4.766115287592267, 43.055633378966021 ], [ -4.766498504837232, 43.074546618950393 ], [ -4.816904494716404, 43.092658400178728 ], [ -4.8514266698956, 43.1259448207514 ], [ -4.834567492145331, 43.157462664296872 ], [ -4.84936496856645, 43.177052638932771 ], [ -4.738426118162773, 43.186383132486391 ], [ -4.719601551007543, 43.236454188906798 ], [ -4.730944654367287, 43.257335741863031 ], [ -4.631882514285459, 43.267652334628863 ], [ -4.606551020429182, 43.300553272709053 ], [ -4.555241367129041, 43.288097752135663 ], [ -4.547772589181021, 43.268686181555204 ], [ -4.523512127702827, 43.278169452683528 ], [ -4.522348602035023, 43.335777703088361 ], [ -4.538807907949192, 43.355925485439549 ], [ -4.512279299166062, 43.39328723633998 ], [ -4.379430994639735, 43.39057206426768 ], [ -4.340818486890572, 43.406113262127526 ], [ -4.331327619510912, 43.391177771411073 ], [ -4.280966433515801, 43.387223171575577 ], [ -4.174597218700059, 43.401069123448686 ], [ -4.081884622537601, 43.438189816650308 ], [ -3.981682432210861, 43.441300366483333 ], [ -3.946565245517664, 43.470059795323607 ], [ -3.839994692302735, 43.477448013679506 ], [ -3.812073723576909, 43.494946676844279 ], [ -3.785255757039302, 43.491855424735618 ], [ -3.763200801318188, 43.467228158331999 ], [ -3.801560155589141, 43.461245298180074 ], [ -3.835353112165069, 43.442077172428682 ], [ -3.804595888484076, 43.424431046260608 ], [ -3.815922465696103, 43.402146361769212 ], [ -3.778960109808461, 43.421474399720786 ], [ -3.791267585956076, 43.43217782700652 ], [ -3.77565285460939, 43.448870973549461 ], [ -3.755630024897016, 43.447797913429966 ], [ -3.762515950551461, 43.434164365913759 ], [ -3.74280228193275, 43.431682251180966 ], [ -3.747278626752599, 43.453084247973642 ], [ -3.772123333808402, 43.45900693905493 ], [ -3.732669515933061, 43.459265412259768 ], [ -3.722845276839369, 43.474050022569273 ], [ -3.590873860717514, 43.513846136437529 ], [ -3.546403843520681, 43.507933482305354 ], [ -3.498767258243082, 43.472437621595233 ], [ -3.431030355860482, 43.461943442025827 ], [ -3.428958810371402, 43.44169040289222 ], [ -3.465035776712613, 43.444682568373814 ], [ -3.464598249732578, 43.435940914541 ], [ -3.484022374866622, 43.432799550081178 ], [ -3.491640553436764, 43.424501151943772 ], [ -3.459816154469303, 43.431016587773669 ], [ -3.464711654466134, 43.403911237820004 ], [ -3.460200239256049, 43.403425067202846 ], [ -3.450957487884842, 43.436040068286005 ], [ -3.423797930144759, 43.413028390641067 ], [ -3.323459977908894, 43.419215515236843 ], [ -3.321771306554754, 43.403597383473127 ], [ -3.228231275429055, 43.396500298191334 ], [ -3.194157700540814, 43.3642457003616 ], [ -3.153303172955104, 43.353285849426918 ], [ -3.157326434955075, 43.301319712272672 ], [ -3.209505096607129, 43.283538049378301 ], [ -3.332404568678867, 43.301878818674524 ], [ -3.340125323734758, 43.278030212443781 ], [ -3.450130414696016, 43.236222125050361 ], [ -3.417647434014855, 43.133428324854961 ], [ -3.603544256414745, 43.149637872897436 ], [ -3.61244982249666, 43.169518597321627 ], [ -3.651018253755086, 43.181039806571945 ], [ -3.704676697896664, 43.116274704138668 ], [ -3.754881423066744, 43.100548236025361 ], [ -3.764935399636952, 43.080887029100936 ], [ -3.846960842463602, 43.084399168881603 ], [ -3.831768397292393, 43.063826016242501 ], [ -3.850784930156813, 43.039247142108046 ], [ -3.890745437883862, 43.041825349577906 ], [ -3.909260646386863, 43.016096941499498 ], [ -3.956292311318821, 42.99746129262148 ], [ -3.990977539353599, 42.931087474083327 ], [ -3.974616367058811, 42.912352785394155 ], [ -3.929985704980421, 42.914848553577265 ], [ -3.933541735033873, 42.899600832491259 ], [ -3.867093430560351, 42.954828917701349 ], [ -3.830570855748389, 42.929200469385741 ], [ -3.866805126746538, 42.899233110742152 ], [ -3.907817383573424, 42.914521851871228 ], [ -3.892932104556402, 42.887361835323581 ], [ -3.924347266726013, 42.889220187135415 ], [ -3.897471037330801, 42.880284292243346 ], [ -3.914830268392467, 42.860083252650035 ], [ -3.880187252293193, 42.851385072817806 ], [ -3.863734146890954, 42.889809764282283 ], [ -3.826740708284622, 42.870856105078417 ], [ -3.82327557570557, 42.798855860862609 ], [ -3.863373190546618, 42.786457642153032 ], [ -3.894444029258404, 42.804536677492976 ], [ -3.910950568181354, 42.768384761804093 ], [ -3.978882212747712, 42.758081096375847 ], [ -3.999649559635579, 42.768978789791468 ], [ -4.007440181135251, 42.831111463488483 ], [ -4.045910508562949, 42.766612032641625 ], [ -4.081339707994986, 42.76146543914674 ], [ -4.098485873382654, 42.791182889683952 ], [ -4.149915766132397, 42.789309622490848 ], [ -4.183850595126743, 42.812072107569954 ], [ -4.18543033613565, 42.817296960196359 ], [ -4.178566581129765, 42.826247163981428 ], [ -4.157750613832851, 42.837743206926312 ], [ -4.140446915631816, 42.829001332248303 ], [ -4.128477062667641, 42.846266066216224 ], [ -4.151004905963424, 42.870554652583571 ] ], [ [ -4.353194843263827, 43.050878395482506 ], [ -4.28957745547461, 43.047263196609961 ], [ -4.279742758359714, 43.075621850967785 ], [ -4.233433723449871, 43.064594585970944 ], [ -4.22811329546197, 43.098942255738898 ], [ -4.25884477964956, 43.13126916584293 ], [ -4.296259739240189, 43.12262143177864 ], [ -4.3085024680938, 43.145651533064772 ], [ -4.336455668212335, 43.139475531365314 ], [ -4.327405025275191, 43.103615660505199 ], [ -4.353582167639582, 43.086371049414858 ], [ -4.353194843263827, 43.050878395482506 ] ], [ [ -4.107036356036195, 42.827761892335474 ], [ -4.108920153968481, 42.803077714760072 ], [ -4.101041839454917, 42.793968053123059 ], [ -4.088522086194671, 42.818492463249711 ], [ -4.107036356036195, 42.827761892335474 ] ], [ [ -4.168588144578673, 42.811535345419998 ], [ -4.176420417336338, 42.823387460746837 ], [ -4.182344713734691, 42.820345682230986 ], [ -4.168588144578673, 42.811535345419998 ] ] ], [ [ [ -3.770168588802129, 43.465892724664926 ], [ -3.771208348245587, 43.464941512883662 ], [ -3.771744991635262, 43.465124571309403 ], [ -3.770168588802129, 43.465892724664926 ] ] ], [ [ [ -3.731682323102686, 43.47068946274679 ], [ -3.727020753131563, 43.474780094937962 ], [ -3.730636158423119, 43.469030272606588 ], [ -3.731682323102686, 43.47068946274679 ] ] ], [ [ [ -3.250759522776697, 43.252286163878523 ], [ -3.267107022298781, 43.203790818861428 ], [ -3.285806882599258, 43.197901800519638 ], [ -3.305839027135312, 43.25348103690024 ], [ -3.268637343894229, 43.266828708548708 ], [ -3.250759522776697, 43.252286163878523 ] ] ], [ [ [ -3.458997160704574, 43.417467985371353 ], [ -3.457380318489625, 43.42257100852072 ], [ -3.459037459290049, 43.411353741838788 ], [ -3.458997160704574, 43.417467985371353 ] ] ] ] } },
{ "type": "Feature", "properties": { "CPRO": "40" }, "geometry": { "type": "Polygon", "coordinates": [ [ [ -4.332631530960246, 40.637130179418335 ], [ -4.419622920262923, 40.633427012723679 ], [ -4.431127018207135, 40.742384329516504 ], [ -4.473837770283143, 40.774654633509662 ], [ -4.493772409636588, 40.833518405507085 ], [ -4.546387952864031, 40.825546700579629 ], [ -4.558919256289855, 40.839592708661122 ], [ -4.531567252711068, 40.858641688053346 ], [ -4.559564828668101, 40.885849055003888 ], [ -4.566351780702468, 40.95619904785385 ], [ -4.606747760350437, 40.970803437786905 ], [ -4.638288819993094, 41.031306149404578 ], [ -4.703222662222966, 41.052433723844615 ], [ -4.716512120844883, 41.07158491524234 ], [ -4.721336164244502, 41.156967368970122 ], [ -4.680561196759454, 41.1857359020877 ], [ -4.627752790613523, 41.170794326217994 ], [ -4.650863322543394, 41.221420461971768 ], [ -4.573883323022298, 41.275200582075065 ], [ -4.605151326540302, 41.313139709830217 ], [ -4.559541319984827, 41.302165564937688 ], [ -4.528629649222538, 41.321099385370083 ], [ -4.467786766019296, 41.295887397522385 ], [ -4.504474024043562, 41.347196680325894 ], [ -4.48400209143415, 41.366801316758909 ], [ -4.516499117384153, 41.408522255288062 ], [ -4.468159896844263, 41.413076752515316 ], [ -4.41061630771839, 41.441647347596266 ], [ -4.364915291464599, 41.436001950410365 ], [ -4.362393261438045, 41.449930079828711 ], [ -4.327857411992765, 41.444785635956627 ], [ -4.270131180738463, 41.461272709262083 ], [ -4.261099707084251, 41.450590435286337 ], [ -4.158317220651862, 41.482098989321912 ], [ -4.142484737829542, 41.469935453293587 ], [ -4.027399874149496, 41.517796621150126 ], [ -3.999905227531428, 41.516102207577305 ], [ -3.980667034397052, 41.583371233072413 ], [ -3.963827912773303, 41.5860804199827 ], [ -3.867948265369204, 41.532475128041618 ], [ -3.823878803677756, 41.481132810044166 ], [ -3.787642680345502, 41.485862557931419 ], [ -3.803789555911503, 41.524572329170489 ], [ -3.766191113887622, 41.537924346555329 ], [ -3.769753623377532, 41.460150379195987 ], [ -3.739484330785967, 41.4507825974719 ], [ -3.728307884759779, 41.517633108563722 ], [ -3.671727496513902, 41.56042615361838 ], [ -3.616840710181586, 41.577151592482501 ], [ -3.57262901851343, 41.565390351127455 ], [ -3.552958578821963, 41.580735040786706 ], [ -3.501947732189411, 41.529176715079693 ], [ -3.47968732577711, 41.52090346846569 ], [ -3.458070413962743, 41.536843652768397 ], [ -3.423686375911339, 41.516276204308241 ], [ -3.41331669981922, 41.47611440126866 ], [ -3.330382392707031, 41.460717204137786 ], [ -3.35054016573686, 41.394867784469483 ], [ -3.206932715272316, 41.306749681217603 ], [ -3.25426694005403, 41.258383355150187 ], [ -3.274268269925378, 41.260265464332825 ], [ -3.275762755185861, 41.275034619839587 ], [ -3.290552067558351, 41.257838738346379 ], [ -3.395713552113129, 41.257158413416484 ], [ -3.444309080661833, 41.329503069330336 ], [ -3.448231104245129, 41.31587746036714 ], [ -3.464713309591273, 41.325207489755257 ], [ -3.471950803253179, 41.314720464036846 ], [ -3.525558334692128, 41.331063656132109 ], [ -3.528661980596812, 41.315808669126874 ], [ -3.562747527987881, 41.324070113070796 ], [ -3.527792997992052, 41.232995770880386 ], [ -3.462202882979891, 41.218178925252843 ], [ -3.505042105152193, 41.28484669821124 ], [ -3.498634225568836, 41.298070694382844 ], [ -3.486095336553956, 41.290377395123606 ], [ -3.49279557868881, 41.31108464276506 ], [ -3.473505950694799, 41.30838172633139 ], [ -3.429835994238201, 41.294653084842828 ], [ -3.426439951482854, 41.271984303478838 ], [ -3.399505494217287, 41.254542158035626 ], [ -3.402489754414002, 41.21361847981791 ], [ -3.444157753834118, 41.215339952988714 ], [ -3.46691810978523, 41.183263454685459 ], [ -3.516224549453312, 41.16229979605469 ], [ -3.613702931960457, 41.149053375101445 ], [ -3.676064953174186, 41.086696529533533 ], [ -3.739171324386441, 41.054052932343154 ], [ -3.781850617900831, 41.000200155677732 ], [ -3.890473756193189, 40.9690448448425 ], [ -3.937826414344698, 40.926438591210172 ], [ -3.979527010518429, 40.78449407986308 ], [ -4.070171578782048, 40.793878937137627 ], [ -4.146232280195481, 40.694435137187703 ], [ -4.288124515517712, 40.683171829326035 ], [ -4.332631530960246, 40.637130179418335 ] ], [ [ -4.148368318829768, 41.323297431438242 ], [ -4.232527784251962, 41.357754488017626 ], [ -4.218654528381495, 41.340157406054963 ], [ -4.240047550078904, 41.324994295395399 ], [ -4.231889748554154, 41.313759442383592 ], [ -4.259014889068372, 41.30782716890657 ], [ -4.238853937832625, 41.288472350463216 ], [ -4.255507023642751, 41.26197174562023 ], [ -4.154694772433319, 41.274187242343309 ], [ -4.15534511495782, 41.294808368134284 ], [ -4.18607675360978, 41.311997691964109 ], [ -4.148368318829768, 41.323297431438242 ] ] ] } },
{ "type": "Feature", "properties": { "CPRO": "41" }, "geometry": { "type": "Polygon", "coordinates": [ [ [ -5.870327989991065, 36.893555139613476 ], [ -5.891054566107087, 36.842191960673155 ], [ -5.925350679534403, 36.853067571528662 ], [ -6.021249296336556, 36.847469411957988 ], [ -6.105238506412922, 36.857424539940496 ], [ -6.187163164004096, 36.893586355485297 ], [ -6.253799863409908, 36.89390555846277 ], [ -6.278292459026614, 36.910846096585232 ], [ -6.331006819151765, 36.898801603140676 ], [ -6.378249412737937, 36.933912207227202 ], [ -6.353941467261474, 36.988490853375367 ], [ -6.386145887931614, 37.08038718831213 ], [ -6.342360594136086, 37.122977074993841 ], [ -6.359674193512618, 37.138425798738417 ], [ -6.336117059899409, 37.169617381558986 ], [ -6.359846909805768, 37.238096363183224 ], [ -6.333000406557963, 37.299103877834021 ], [ -6.38457150095779, 37.337488813260478 ], [ -6.346038670763064, 37.365731770140506 ], [ -6.362080764937899, 37.375880904425195 ], [ -6.356259231385754, 37.412166014865555 ], [ -6.312632486349742, 37.418722088114713 ], [ -6.306054282437877, 37.433015585960362 ], [ -6.392401106492748, 37.554051093873213 ], [ -6.39525732638374, 37.611187407907828 ], [ -6.443270746589193, 37.623354083530224 ], [ -6.528622050861367, 37.615794708048597 ], [ -6.538514858460263, 37.626660356452675 ], [ -6.533248335019752, 37.657025269536177 ], [ -6.502339352926136, 37.666749601077207 ], [ -6.475691726924051, 37.724926108316652 ], [ -6.449993965629765, 37.718897703616058 ], [ -6.311021675313117, 37.764869522528521 ], [ -6.252317743780218, 37.763144861036693 ], [ -6.252424261107634, 37.742780363433731 ], [ -6.222234087644624, 37.739654862750847 ], [ -6.202397068707726, 37.805533740699317 ], [ -6.134015685055529, 37.78783174213212 ], [ -6.12166013496034, 37.816594910492555 ], [ -6.142159862464753, 37.855674308155905 ], [ -6.164293621206582, 37.862009636136598 ], [ -6.124902063615403, 37.904416997247658 ], [ -6.145212934623991, 37.920498415210474 ], [ -6.169968592812986, 37.909815094560003 ], [ -6.177454037311694, 37.946074756783077 ], [ -6.116818221838757, 37.981401638276203 ], [ -6.052029341536868, 37.996841660306011 ], [ -5.953688280089328, 37.995345464205009 ], [ -5.934224489034377, 38.046874114899147 ], [ -5.908982293430866, 38.062845635625685 ], [ -5.92637820468501, 38.105012327828057 ], [ -5.880665173636009, 38.132280320958813 ], [ -5.874684224354211, 38.158339376397684 ], [ -5.728162676788912, 38.197417115981494 ], [ -5.688612066398011, 38.181877225176315 ], [ -5.684061597861406, 38.157977628459804 ], [ -5.70578602228868, 38.169381861457182 ], [ -5.695257813584329, 38.149711506183372 ], [ -5.738816698357083, 38.132818521184099 ], [ -5.734900600128729, 38.086254922474339 ], [ -5.693631280610592, 38.083739580036699 ], [ -5.632500829411163, 38.138556971498062 ], [ -5.584788530977885, 38.131705745540671 ], [ -5.495125678352206, 38.041844898001287 ], [ -5.493153350625766, 37.995761076735775 ], [ -5.41561124833855, 37.943675168178494 ], [ -5.414708919315268, 37.869461210990686 ], [ -5.339317155689804, 37.833009907419608 ], [ -5.350043802835281, 37.794714622937271 ], [ -5.310035221178572, 37.774229847374293 ], [ -5.307065238731701, 37.700159864347825 ], [ -5.327099433015589, 37.691619770625373 ], [ -5.344836700699629, 37.705344298006295 ], [ -5.376342862712582, 37.677562133145919 ], [ -5.389077541922541, 37.697778700205141 ], [ -5.41420127583928, 37.674459199881063 ], [ -5.393598582344005, 37.656018376258295 ], [ -5.414015565054425, 37.64527519298386 ], [ -5.359933361857737, 37.605448486982361 ], [ -5.357957841036666, 37.584842645510953 ], [ -5.323303961712638, 37.614249707739276 ], [ -5.27452039962123, 37.625284179315379 ], [ -5.176768138218703, 37.680576679889832 ], [ -5.150053957011308, 37.660916551328761 ], [ -5.107920647197194, 37.662578192238072 ], [ -5.129710402705144, 37.698747324759857 ], [ -5.112727385674424, 37.702576348185644 ], [ -5.084972785084173, 37.643790831189335 ], [ -5.040405634330929, 37.626194773160336 ], [ -5.047910027363015, 37.60814008932357 ], [ -5.031007927246146, 37.610604074672878 ], [ -5.026597392650992, 37.595422613779462 ], [ -5.018149326322926, 37.592106751135759 ], [ -5.031191617408614, 37.641520673029156 ], [ -5.046795006099766, 37.631941806164257 ], [ -5.082137509853694, 37.646968000706018 ], [ -5.069008703641963, 37.659887620535031 ], [ -5.091532464059035, 37.680893426660184 ], [ -5.047746558311603, 37.71818631893445 ], [ -4.999821759268923, 37.706590308045087 ], [ -4.953767225821303, 37.652443420962939 ], [ -4.974283187781766, 37.60015721763579 ], [ -4.931707662440421, 37.617326200410652 ], [ -4.932026179225416, 37.545908991082399 ], [ -4.948935391229219, 37.521947177837241 ], [ -4.906021049588104, 37.499836642986303 ], [ -4.91520196576884, 37.484160008345178 ], [ -4.904468856475197, 37.48948845451347 ], [ -4.904089746487877, 37.467405153126201 ], [ -4.875342815005825, 37.450452436509273 ], [ -4.884740626345206, 37.437983097652861 ], [ -4.840635474544006, 37.436018885809744 ], [ -4.849811072047437, 37.41065899980574 ], [ -4.814688623637772, 37.377532337258131 ], [ -4.822126745670272, 37.358194393409931 ], [ -4.782225016937442, 37.328501938328252 ], [ -4.729223429854381, 37.335326873210896 ], [ -4.718666699186099, 37.358498979796238 ], [ -4.685654115715468, 37.330268597108024 ], [ -4.671176469758174, 37.334493616683979 ], [ -4.684068804844084, 37.315357081404038 ], [ -4.660611411538022, 37.294445328388399 ], [ -4.675248054265256, 37.30178283409812 ], [ -4.681090889909382, 37.290046484764602 ], [ -4.662113514476154, 37.28374409129701 ], [ -4.65334792392273, 37.255827778653511 ], [ -4.730035536250303, 37.253461660437367 ], [ -4.727208889621576, 37.211106661466161 ], [ -4.708605886739655, 37.197694828763851 ], [ -4.792633350245187, 37.153849822278517 ], [ -4.825907978602499, 37.200704053330952 ], [ -4.853865625751171, 37.198584495076901 ], [ -4.875501312583205, 37.158191653105796 ], [ -4.897619159993797, 37.156028020911258 ], [ -4.905113698136447, 37.181864271753319 ], [ -4.939603998911893, 37.17569894392112 ], [ -4.942665681413857, 37.157587517086611 ], [ -4.903312473396563, 37.138785570963108 ], [ -4.908368947079299, 37.114649276055644 ], [ -5.053088897552412, 37.030604392963603 ], [ -5.112225982349992, 37.019111826146705 ], [ -5.122838868197444, 37.027691685376027 ], [ -5.162635386917996, 36.981423432154124 ], [ -5.225898163114581, 36.941842515331736 ], [ -5.300223502107729, 37.013742032339131 ], [ -5.302104957740244, 37.037362874829405 ], [ -5.392392006913937, 36.973284266285205 ], [ -5.412850045131596, 36.940660565015008 ], [ -5.438950981392598, 36.935287714313816 ], [ -5.460288368007357, 36.975303071127271 ], [ -5.420108714227418, 37.013214034339562 ], [ -5.433688238525469, 37.052445193261811 ], [ -5.510987106596335, 37.033603282733075 ], [ -5.469733350562083, 36.983947809907121 ], [ -5.546117031462102, 36.930181487724056 ], [ -5.533822098400512, 36.89344984066539 ], [ -5.583404089223165, 36.915092223954645 ], [ -5.587108971267714, 36.947013046850103 ], [ -5.618087919423464, 36.940160923361404 ], [ -5.667567705234513, 36.975989859658981 ], [ -5.713235761569854, 36.920578410584689 ], [ -5.805790681290564, 36.925321751493854 ], [ -5.870327989991065, 36.893555139613476 ] ] ] } },
{ "type": "Feature", "properties": { "CPRO": "42" }, "geometry": { "type": "Polygon", "coordinates": [ [ [ -2.868986789182428, 41.317056084478672 ], [ -2.941189989010447, 41.313935603265286 ], [ -2.950130856906721, 41.292636509943918 ], [ -3.061902391807162, 41.273426667712066 ], [ -3.20735480611909, 41.304235813779336 ], [ -3.35054016573686, 41.394867784469483 ], [ -3.330382392707031, 41.460717204137786 ], [ -3.41331669981922, 41.47611440126866 ], [ -3.421417665298624, 41.513861595043551 ], [ -3.4515280792538, 41.533852028255687 ], [ -3.47968732577711, 41.52090346846569 ], [ -3.538336707818451, 41.552008319533492 ], [ -3.541443128055463, 41.608161909104147 ], [ -3.459687931416379, 41.589267757009893 ], [ -3.39340237157419, 41.690617269922157 ], [ -3.358401246706471, 41.693424550441762 ], [ -3.3543871584579, 41.737256574578637 ], [ -3.275453705459209, 41.768673224013369 ], [ -3.283757336967145, 41.883809430131031 ], [ -3.243341475138038, 41.863996242147564 ], [ -3.234388083222847, 41.840641279138332 ], [ -3.194496740157036, 41.828925286828571 ], [ -3.188588146766561, 41.801661439266056 ], [ -3.159438319041208, 41.798625135463958 ], [ -3.100466600295697, 41.856806260138583 ], [ -3.097166511207146, 41.881056218372422 ], [ -3.016770324219278, 41.886906214186993 ], [ -2.999436678703904, 41.931816509135139 ], [ -2.970791314478799, 41.929272919505884 ], [ -2.932171027242932, 42.017974144833467 ], [ -2.883825883547687, 42.009486651943497 ], [ -2.797986834440184, 42.046843548191603 ], [ -2.803343777674282, 42.080483554875073 ], [ -2.768723220923151, 42.125262013477951 ], [ -2.729061312153675, 42.123148348163951 ], [ -2.705948317066908, 42.103556171615026 ], [ -2.757585321562138, 42.032615535054845 ], [ -2.746168125275446, 42.008678079925282 ], [ -2.705138704223514, 42.015136529950233 ], [ -2.673583038005718, 41.99806430772562 ], [ -2.626636530113668, 42.006504170880071 ], [ -2.579909848988867, 41.996263930914111 ], [ -2.549067757455415, 42.051510384443873 ], [ -2.514881352484237, 42.068861496125734 ], [ -2.514677293546223, 42.114541590810916 ], [ -2.484369876336783, 42.106348398264679 ], [ -2.440499636578713, 42.136782523976478 ], [ -2.332149946251085, 42.146028158309349 ], [ -2.2821597061166, 42.131702977447553 ], [ -2.269588688100529, 42.088554880682793 ], [ -2.20888260269723, 42.104660440392792 ], [ -2.127323817229504, 42.097169134808638 ], [ -2.127238906067491, 42.080461637033821 ], [ -2.161912246340307, 42.066733524084839 ], [ -2.107631105553939, 42.002773855777278 ], [ -2.124071186614343, 41.995308112470404 ], [ -2.109960178583394, 41.957867121351001 ], [ -2.036391356049316, 41.939403458833645 ], [ -2.028313706679075, 41.953385615944562 ], [ -1.97029859466044, 41.919140910469984 ], [ -1.855918103612187, 41.96629619766648 ], [ -1.857283175373635, 41.909515147542713 ], [ -1.817601620337328, 41.853379151181365 ], [ -1.8529184014567, 41.789564412796175 ], [ -1.805851851431254, 41.755085058977954 ], [ -1.809211561797996, 41.736664952673699 ], [ -1.775370369783519, 41.724789307591465 ], [ -1.786860443830808, 41.699430789942284 ], [ -1.812072757316351, 41.686454146229458 ], [ -1.806222919984835, 41.664263386439544 ], [ -1.858989588385366, 41.661530070355049 ], [ -1.92310004183204, 41.598333898348898 ], [ -1.99323798622671, 41.600510040613813 ], [ -1.967334713476034, 41.546066061698831 ], [ -1.981111872052925, 41.486434821693962 ], [ -1.953276365222349, 41.462450415593466 ], [ -1.937296145215305, 41.407854092157685 ], [ -2.029270647602706, 41.384157912937972 ], [ -2.043575541045033, 41.397149471967381 ], [ -2.035623303429252, 41.426888808571896 ], [ -2.101520053629826, 41.445788771689884 ], [ -2.116032412444918, 41.382047169784627 ], [ -2.163136772177017, 41.355349962255005 ], [ -2.173670979273571, 41.288085028155564 ], [ -2.146241261846393, 41.184395034485696 ], [ -2.079895815791884, 41.170984527955198 ], [ -2.051693166228797, 41.146849024487025 ], [ -2.056433972683339, 41.069690744141219 ], [ -2.131855046254198, 41.118097991413102 ], [ -2.17529781566916, 41.083754991179404 ], [ -2.232146395861924, 41.097011582574659 ], [ -2.263543314973653, 41.067535593362841 ], [ -2.323406909764425, 41.056507894866044 ], [ -2.355328880488781, 41.086453551560702 ], [ -2.418909716209077, 41.057705306626502 ], [ -2.469466279428925, 41.078109501339604 ], [ -2.482261064385498, 41.116271648962218 ], [ -2.508851540245346, 41.118856486373879 ], [ -2.536512335492013, 41.162524687538991 ], [ -2.575578836336854, 41.139471141525853 ], [ -2.595315825272431, 41.150252703159019 ], [ -2.57749522820143, 41.178662608990805 ], [ -2.622067414055059, 41.1879876603669 ], [ -2.593743229988733, 41.200204846182253 ], [ -2.58948809531536, 41.224537864164745 ], [ -2.629198964989147, 41.215214529836345 ], [ -2.64601511588064, 41.240210081395581 ], [ -2.709545702263392, 41.251980855760465 ], [ -2.716771805552002, 41.275671322023335 ], [ -2.760944796219786, 41.274023896964898 ], [ -2.775510155952936, 41.250083461163186 ], [ -2.822244108944185, 41.256614495199621 ], [ -2.866887039506949, 41.274464957782079 ], [ -2.868986789182428, 41.317056084478672 ] ], [ [ -3.030004742728293, 41.734638483124229 ], [ -3.053436654207607, 41.759291102984442 ], [ -3.076565214447036, 41.756584539215844 ], [ -3.030004742728293, 41.734638483124229 ] ] ] } },
{ "type": "Feature", "properties": { "CPRO": "43" }, "geometry": { "type": "MultiPolygon", "coordinates": [ [ [ [ 0.590237100571619, 40.61284966978144 ], [ 0.515499083945483, 40.522919264731186 ], [ 0.448990558653631, 40.541291441270346 ], [ 0.433411610716093, 40.565379532202542 ], [ 0.443944421551358, 40.57822330610653 ], [ 0.402758533786513, 40.601979051929291 ], [ 0.279174695009091, 40.630055906752894 ], [ 0.268176279961774, 40.65899967732792 ], [ 0.291841265552311, 40.688552474883743 ], [ 0.262432184637582, 40.705852082236376 ], [ 0.23652385548825, 40.701683245534163 ], [ 0.226116541329065, 40.733164058498815 ], [ 0.197292413359433, 40.724168666463136 ], [ 0.163141960967818, 40.742223067155678 ], [ 0.229967841985172, 40.76743296657974 ], [ 0.278195506877874, 40.820900532021142 ], [ 0.238909407477932, 40.884703835092786 ], [ 0.293501899306608, 40.970560865851724 ], [ 0.258659719390246, 41.014629729465334 ], [ 0.280030998960224, 41.020164426100152 ], [ 0.217744889309661, 41.043655328609383 ], [ 0.230448352990997, 41.055295927847894 ], [ 0.220427145184165, 41.082910646028957 ], [ 0.201551543165802, 41.084678487659545 ], [ 0.201575129956063, 41.12677327923813 ], [ 0.214298089403443, 41.137299018699217 ], [ 0.248229206859806, 41.130140223498152 ], [ 0.252991290643, 41.15015269946327 ], [ 0.303668636414583, 41.164376656632953 ], [ 0.322404886997879, 41.225240749257281 ], [ 0.381662416575884, 41.236427378083235 ], [ 0.386015702805729, 41.278841826927888 ], [ 0.433501700411805, 41.276037929705481 ], [ 0.43479497624738, 41.320206538527046 ], [ 0.461614841845672, 41.334900485657585 ], [ 0.503626200789778, 41.289726551767892 ], [ 0.526159676889021, 41.290451375673776 ], [ 0.554779174182133, 41.326662862894104 ], [ 0.581129339786993, 41.320054568033676 ], [ 0.597157361515935, 41.29353775385988 ], [ 0.628417683284119, 41.290970354947959 ], [ 0.669973596075786, 41.309579826954447 ], [ 0.751874242562211, 41.317832320286129 ], [ 0.762828989155431, 41.334242053453664 ], [ 0.819847766071634, 41.32882278933188 ], [ 0.842785354519854, 41.361681933309129 ], [ 0.863642882095423, 41.338082316846567 ], [ 0.955516830319622, 41.351975073744093 ], [ 0.982002991394111, 41.392149042633939 ], [ 1.027325068584302, 41.409776789102445 ], [ 1.075474334005466, 41.459899938545497 ], [ 1.037712523708589, 41.479990787384686 ], [ 1.040104311804457, 41.501103324860566 ], [ 1.112528953054884, 41.467006656511195 ], [ 1.181299872928516, 41.488105491024612 ], [ 1.165007137136272, 41.534449213036673 ], [ 1.211118525629572, 41.548596337506631 ], [ 1.220217097229385, 41.569575269755745 ], [ 1.38581182379927, 41.556268663820504 ], [ 1.403801757885826, 41.558154682714111 ], [ 1.395823929390777, 41.577486499094569 ], [ 1.447830060038033, 41.573807271574999 ], [ 1.431382555486373, 41.555652003684045 ], [ 1.448937642948583, 41.537063633257546 ], [ 1.409077002051245, 41.53491954956219 ], [ 1.396701228820542, 41.512884261230319 ], [ 1.484914950047537, 41.474913211648804 ], [ 1.468836972922757, 41.443954594781601 ], [ 1.495554271014038, 41.435599945383629 ], [ 1.475448459842637, 41.429443715789844 ], [ 1.490517769095441, 41.401474027580996 ], [ 1.482809701788127, 41.398596983438111 ], [ 1.473392254365516, 41.380749201639638 ], [ 1.509641564495832, 41.394430393531103 ], [ 1.537167714715559, 41.385349866452081 ], [ 1.578312601829152, 41.362446621168033 ], [ 1.559011144536602, 41.343136827748786 ], [ 1.595856947301124, 41.308837928164067 ], [ 1.588573842780731, 41.293552203946533 ], [ 1.612407923883494, 41.285152418927467 ], [ 1.616717242167142, 41.293099756458261 ], [ 1.637142757107528, 41.295943310139499 ], [ 1.620056348592824, 41.253691370506971 ], [ 1.570507394036984, 41.260724285361114 ], [ 1.583457621646328, 41.236068352092211 ], [ 1.624362257413391, 41.222930047244468 ], [ 1.641330449026575, 41.235357875981883 ], [ 1.645572604506396, 41.195622728666827 ], [ 1.494622061196788, 41.173044961834826 ], [ 1.394922091751192, 41.131576248100558 ], [ 1.295687874604268, 41.127213831802038 ], [ 1.225291838861374, 41.087065193355762 ], [ 1.249062680813614, 41.108683969125067 ], [ 1.217935936675981, 41.10557795934141 ], [ 1.170453497376914, 41.054641881721025 ], [ 1.126080654817408, 41.074943272387792 ], [ 0.986598614000039, 41.040265423060674 ], [ 0.86300848588756, 40.946933198926338 ], [ 0.741608283503278, 40.823249955287224 ], [ 0.700115643203021, 40.804293027889607 ], [ 0.731361148787149, 40.769098544555739 ], [ 0.782428296649355, 40.767883170682175 ], [ 0.773176808262906, 40.778948330318386 ], [ 0.749146196582504, 40.786642038437058 ], [ 0.731522069824048, 40.788230282655789 ], [ 0.767097635905423, 40.792106918261872 ], [ 0.831153665780359, 40.733610729292359 ], [ 0.854294118922882, 40.730055675494661 ], [ 0.844120078304043, 40.728315861092177 ], [ 0.854876161365435, 40.723327075569145 ], [ 0.865125030547567, 40.721452774777937 ], [ 0.874483969878223, 40.73401637526387 ], [ 0.88779494673112, 40.719257738321936 ], [ 0.87560964176953, 40.699802596185904 ], [ 0.756850453965793, 40.640839614621214 ], [ 0.706805507859998, 40.583401778264616 ], [ 0.676333577661753, 40.562574780699038 ], [ 0.619061635739728, 40.555335487707893 ], [ 0.597967865727614, 40.574176462078476 ], [ 0.687906446154978, 40.589853228376022 ], [ 0.689683292006514, 40.601962725344542 ], [ 0.688282610727987, 40.590046676965862 ], [ 0.711488065045738, 40.592237247621156 ], [ 0.746291746498089, 40.636176694177813 ], [ 0.73449924468858, 40.64220769726743 ], [ 0.598466876481482, 40.620434808630499 ], [ 0.604610395508629, 40.609122911091532 ], [ 0.590237100571619, 40.61284966978144 ] ] ], [ [ [ 0.737331405775311, 40.787034458403397 ], [ 0.737409293196904, 40.78631149365512 ], [ 0.737019899809619, 40.78697252422176 ], [ 0.737331405775311, 40.787034458403397 ] ] ], [ [ [ 0.852078841160913, 40.725106349741047 ], [ 0.852669599474941, 40.72508661768024 ], [ 0.853204022554988, 40.724508697614347 ], [ 0.852078841160913, 40.725106349741047 ] ] ], [ [ [ 0.85737140530854, 40.730075717898508 ], [ 0.86412055093387, 40.725358889716311 ], [ 0.863286985856821, 40.724874630543404 ], [ 0.85737140530854, 40.730075717898508 ] ] ], [ [ [ 1.63358664472166, 41.313481296678596 ], [ 1.635681886013321, 41.309508175619662 ], [ 1.629325208280955, 41.310645270269887 ], [ 1.63358664472166, 41.313481296678596 ] ] ] ] } },
{ "type": "Feature", "properties": { "CPRO": "44" }, "geometry": { "type": "Polygon", "coordinates": [ [ [ -1.355673425204057, 40.129100646877255 ], [ -1.448855346533294, 40.145341896835738 ], [ -1.439208089501592, 40.197013668781381 ], [ -1.474415571259958, 40.185041729481064 ], [ -1.510902095244164, 40.203715088822705 ], [ -1.540482264408843, 40.190803811284027 ], [ -1.690345988793241, 40.309660173138106 ], [ -1.719274738561061, 40.277101654472894 ], [ -1.729459967798282, 40.302907454137681 ], [ -1.697677597787443, 40.321292328080467 ], [ -1.777769606831681, 40.391877400207811 ], [ -1.806359117467651, 40.398230141457987 ], [ -1.74859996265488, 40.462896520447082 ], [ -1.692511832221604, 40.486823908355049 ], [ -1.701623715923146, 40.541095630577615 ], [ -1.678100344762792, 40.590952339497257 ], [ -1.598748867783065, 40.562053901431327 ], [ -1.545514699061259, 40.59519534655346 ], [ -1.564855839126492, 40.614742486707833 ], [ -1.535637536002386, 40.687018849690801 ], [ -1.562016814524215, 40.739751796230941 ], [ -1.539907896647601, 40.760733455521489 ], [ -1.542334066973824, 40.811218826721635 ], [ -1.621391385001123, 40.880400128038048 ], [ -1.61744890538821, 40.943732944171096 ], [ -1.561629735939404, 40.93861807310229 ], [ -1.505342392538881, 40.964123900566733 ], [ -1.472992629199234, 40.948800980011775 ], [ -1.446598526809399, 40.984560477433931 ], [ -1.476400962627999, 41.014936093153892 ], [ -1.417523166750195, 41.029752853491374 ], [ -1.405221080359764, 41.066307294116498 ], [ -1.355798887643408, 41.088527672880254 ], [ -1.354167681637451, 41.057527436147687 ], [ -1.28743109170076, 41.048862035784495 ], [ -1.253302612166568, 41.077326731572171 ], [ -1.271370224652671, 41.103279758945476 ], [ -1.254403975375934, 41.12293931957413 ], [ -1.209982340979599, 41.138803922870274 ], [ -1.173990633396368, 41.123691726714355 ], [ -1.121603200626179, 41.134927816133924 ], [ -1.105004152732882, 41.167703692529791 ], [ -1.041962674572553, 41.138410721584137 ], [ -1.059110817033496, 41.110427089906608 ], [ -1.00057741601391, 41.114703824497134 ], [ -0.998596621290972, 41.095231619835033 ], [ -0.952918565732353, 41.075441273628975 ], [ -0.912546907081177, 41.093010339211027 ], [ -0.883263797401758, 41.148761723392298 ], [ -0.859887147372888, 41.108013407177829 ], [ -0.828532575857331, 41.096419531191877 ], [ -0.79281463884071, 41.105603129157721 ], [ -0.761413668361577, 41.169658611570938 ], [ -0.69396881141938, 41.112294526057966 ], [ -0.609900937387467, 41.191677454346667 ], [ -0.669214700407346, 41.236848129415272 ], [ -0.625456849784633, 41.248174560495414 ], [ -0.62971951667706, 41.311760125303991 ], [ -0.59980829638547, 41.318885802249561 ], [ -0.53157516501354, 41.227806460956579 ], [ -0.50815363696368, 41.255816376697396 ], [ -0.527148769073146, 41.28821821437564 ], [ -0.577304417676774, 41.313946448629231 ], [ -0.581786924615288, 41.348122545684902 ], [ -0.502445847806072, 41.354117984201686 ], [ -0.479931000486468, 41.345934301779508 ], [ -0.470162588699526, 41.318249026677996 ], [ -0.420757005209131, 41.311737860021211 ], [ -0.428750432450791, 41.294065951150657 ], [ -0.405857710050267, 41.272359050167793 ], [ -0.337207692136217, 41.241384678226311 ], [ -0.318083716553708, 41.257610720670328 ], [ -0.224186072919512, 41.189483269319098 ], [ -0.180952883036487, 41.188144126295214 ], [ -0.015880440403319, 41.122720724503282 ], [ 0.036919446951676, 41.046568499211034 ], [ 0.07863537116289, 41.080342213313109 ], [ 0.145856089915362, 41.063042779969535 ], [ 0.218739042659216, 41.072069262193985 ], [ 0.219488749690884, 41.041850391090051 ], [ 0.233105056422363, 41.047115692738274 ], [ 0.231980161929817, 41.035321981180466 ], [ 0.246139319083525, 41.041236952044414 ], [ 0.280030998960224, 41.020164426100152 ], [ 0.258659719390246, 41.014629729465334 ], [ 0.293404788079187, 40.97004130002712 ], [ 0.238909407477932, 40.884703835092786 ], [ 0.278195506877874, 40.820900532021142 ], [ 0.229967841985172, 40.76743296657974 ], [ 0.17522281041997, 40.754940953101439 ], [ 0.175358117787218, 40.741130556446087 ], [ 0.159181590710599, 40.750608524174645 ], [ 0.163809637982555, 40.723606668618061 ], [ 0.112500506447043, 40.727137773737425 ], [ 0.042174508016685, 40.691006279926512 ], [ 0.015737721712399, 40.728430036342303 ], [ -0.064697986372459, 40.727406967257522 ], [ -0.126839904834123, 40.753317395478419 ], [ -0.144532482108009, 40.785443068565279 ], [ -0.164956259458446, 40.788631198427488 ], [ -0.197175563469785, 40.784456196180663 ], [ -0.224033403867548, 40.754157994298893 ], [ -0.235990339158688, 40.691107516980729 ], [ -0.306997064477528, 40.659496776205536 ], [ -0.328817302955531, 40.680279393506268 ], [ -0.38027003715019, 40.665237280717839 ], [ -0.370482186438174, 40.613591801774199 ], [ -0.322440540417008, 40.602813275742925 ], [ -0.293284888228573, 40.611041339524 ], [ -0.301836731552676, 40.515403811979475 ], [ -0.277637279005258, 40.501531966950836 ], [ -0.272639155151473, 40.47376157431011 ], [ -0.347354956790521, 40.443939957841899 ], [ -0.28176156552031, 40.36569788661722 ], [ -0.340616365008624, 40.339990484495758 ], [ -0.366272353401196, 40.305051553451939 ], [ -0.388636467199584, 40.306937162934453 ], [ -0.400407090670034, 40.294852783420893 ], [ -0.383625359344094, 40.264847585334977 ], [ -0.42807085039195, 40.243802577673684 ], [ -0.494514356787169, 40.228731693766704 ], [ -0.544186286852829, 40.251659411144864 ], [ -0.578638954478841, 40.13733469988744 ], [ -0.628532665307317, 40.102578264649196 ], [ -0.613588056950637, 40.070012617366281 ], [ -0.62722068511758, 40.07620220481617 ], [ -0.682939160094505, 40.044224493703979 ], [ -0.753621224166607, 40.046607731684702 ], [ -0.777645494086775, 39.998406887297172 ], [ -0.837795154441452, 39.976807794178747 ], [ -0.840422988784391, 39.924949603721132 ], [ -0.797694379993479, 39.881067343187773 ], [ -0.863554843488887, 39.847409544609974 ], [ -0.88857374048786, 39.852110564792056 ], [ -0.912788047024206, 39.873052350589802 ], [ -0.902658679204687, 39.9318492839814 ], [ -0.920454323016927, 39.964403102831049 ], [ -0.931885924291308, 39.956076532568218 ], [ -0.989381124948825, 39.981826764859157 ], [ -1.10501459020867, 39.974974666849342 ], [ -1.121748108009709, 39.960850898862923 ], [ -1.14239484289261, 39.971841248247664 ], [ -1.165187508021525, 40.01009603896123 ], [ -1.084228043788928, 40.036208188016644 ], [ -1.072128591662887, 40.060484217344211 ], [ -1.148033222304615, 40.114496590287104 ], [ -1.24459114526869, 40.115802815297222 ], [ -1.244295859174154, 40.145968840588743 ], [ -1.284341120834122, 40.171496718041809 ], [ -1.293082661610795, 40.206922393820157 ], [ -1.297784641763466, 40.211532041221652 ], [ -1.322989127732281, 40.184855793799791 ], [ -1.319721465997857, 40.146394789989643 ], [ -1.355673425204057, 40.129100646877255 ] ], [ [ -0.932990372158045, 40.899035417056297 ], [ -0.922747486259982, 40.897076861740132 ], [ -0.921194465886752, 40.904966412947459 ], [ -0.932990372158045, 40.899035417056297 ] ] ] } },
{ "type": "Feature", "properties": { "CPRO": "45" }, "geometry": { "type": "Polygon", "coordinates": [ [ [ -5.04460865507936, 39.477669582219022 ], [ -5.083894361131562, 39.49066552957666 ], [ -5.206625971728543, 39.59723224652992 ], [ -5.161765483259648, 39.642436823795705 ], [ -5.137794723231941, 39.714998144416668 ], [ -5.173964353000761, 39.751253881758309 ], [ -5.15845885955313, 39.759660410359935 ], [ -5.166899009469645, 39.799880783363058 ], [ -5.206464957979348, 39.797558449768381 ], [ -5.25482309466391, 39.752341548672376 ], [ -5.308078803921771, 39.760024068154401 ], [ -5.31258759737399, 39.82427425052515 ], [ -5.284048436214117, 39.86387415053192 ], [ -5.323612561153391, 39.891726572808658 ], [ -5.406109281737892, 39.877729915325624 ], [ -5.365144820061959, 39.982918579174694 ], [ -5.369010605135095, 40.100084709188565 ], [ -5.337457612498052, 40.115904443545894 ], [ -5.21637210545917, 40.108005344273295 ], [ -5.203518688766233, 40.083432253621666 ], [ -5.171616326252086, 40.084818500252801 ], [ -5.087771857798418, 40.124322412635308 ], [ -5.066985538109514, 40.150919133249879 ], [ -5.018542216315866, 40.159052984691201 ], [ -5.013344250906959, 40.111055768413507 ], [ -4.954546013644773, 40.121125791379392 ], [ -4.956292887728166, 40.13334808870777 ], [ -4.925454114336485, 40.136036040552511 ], [ -4.924675392054956, 40.169984548800315 ], [ -4.807672996986259, 40.235318675110257 ], [ -4.818243692374818, 40.25477395137996 ], [ -4.803466299157333, 40.27526666854083 ], [ -4.761188173117103, 40.260938142593979 ], [ -4.698141134650588, 40.282192408443358 ], [ -4.687257509999883, 40.212002145666176 ], [ -4.653996756237482, 40.19821212233478 ], [ -4.57900552107752, 40.217403044894688 ], [ -4.528423316661496, 40.200559554374955 ], [ -4.509789377532804, 40.219189253877708 ], [ -4.437448117469871, 40.237688699545068 ], [ -4.435034484773905, 40.259303419799537 ], [ -4.383482924061045, 40.289048860737857 ], [ -4.379663102834595, 40.318010898147087 ], [ -4.356386757739592, 40.308620777618785 ], [ -4.34821728260179, 40.236844600505442 ], [ -4.307964057943373, 40.233868602916637 ], [ -4.295470550025533, 40.218734955174561 ], [ -4.248362290901126, 40.27330719289877 ], [ -4.203230529318013, 40.268817502332929 ], [ -4.190871469078465, 40.297354566143348 ], [ -4.144077050678688, 40.264266894691161 ], [ -4.145769681811922, 40.245176915847161 ], [ -4.104244509866989, 40.241797580121577 ], [ -4.072894296439142, 40.265451308143696 ], [ -4.023768190397261, 40.249019307007742 ], [ -3.99100259175003, 40.209478166853181 ], [ -3.952916949180433, 40.212339297757353 ], [ -3.948701062140541, 40.193076829426708 ], [ -3.931143708305163, 40.203976484694088 ], [ -3.871071903271704, 40.189793737188715 ], [ -3.834182668809739, 40.16130971280964 ], [ -3.800054025617252, 40.175651864463077 ], [ -3.771871280046176, 40.139575971282476 ], [ -3.74567641558331, 40.132639067483858 ], [ -3.720660723666234, 40.147951254938867 ], [ -3.691557287363475, 40.132961191417273 ], [ -3.683659845874285, 40.132440495560118 ], [ -3.678080796515713, 40.138942077703945 ], [ -3.67046409636642, 40.141702745933024 ], [ -3.669679179880454, 40.142166740556178 ], [ -3.668094867482588, 40.142896671779866 ], [ -3.667660505991897, 40.143155945267488 ], [ -3.667334412054028, 40.143310970754655 ], [ -3.667185253933934, 40.143360193114113 ], [ -3.655903499375576, 40.125055536440335 ], [ -3.606714940735754, 40.109205116691967 ], [ -3.636256193962444, 40.041436094688933 ], [ -3.679612009327722, 40.016097284660233 ], [ -3.699305070686826, 40.019560862207413 ], [ -3.734937669959975, 39.975779354566988 ], [ -3.746207650411613, 39.981089795478375 ], [ -3.726082146149186, 39.966500237207157 ], [ -3.758816782851086, 39.968885739396853 ], [ -3.754370858705913, 39.950443517178989 ], [ -3.770486082761535, 39.950552053298566 ], [ -3.76360309820173, 39.967518315709917 ], [ -3.787010890599622, 39.946524632884405 ], [ -3.824765264313397, 39.946761223850466 ], [ -3.832682913063547, 39.92974509224058 ], [ -3.83935573184451, 39.942403818635952 ], [ -3.874818757265967, 39.929170996802227 ], [ -3.868926820119622, 39.905269432138567 ], [ -3.814835802453191, 39.885802663947267 ], [ -3.743871293215181, 39.940802498874078 ], [ -3.634500323579655, 39.965891611739664 ], [ -3.637945966130316, 39.988351702478248 ], [ -3.589996436111308, 40.013172002674921 ], [ -3.519882802646997, 40.020874508501699 ], [ -3.506863324564903, 40.048673680048715 ], [ -3.448328933355799, 40.049763630886197 ], [ -3.445967058580327, 40.037229036471473 ], [ -3.424419890640328, 40.046868055725199 ], [ -3.401072107322561, 40.034180444679876 ], [ -3.375917869979566, 40.050459615983961 ], [ -3.377708458606183, 40.0747670897155 ], [ -3.334418201284208, 40.081051917043752 ], [ -3.275165139179814, 40.047313277355698 ], [ -3.200956023646725, 40.060486722103548 ], [ -3.166446404127868, 40.091109433764849 ], [ -3.170234358012066, 40.048138171894543 ], [ -3.142565138775374, 39.98496317021705 ], [ -3.096596256014999, 39.986938305338818 ], [ -3.097059431993788, 39.933464773365365 ], [ -3.127228498888599, 39.87468192328047 ], [ -3.076292664989816, 39.855706205745761 ], [ -2.997748456791085, 39.718866313012271 ], [ -2.908232953479401, 39.642333068244561 ], [ -2.925513832590863, 39.601798941288294 ], [ -2.931281629039572, 39.4708721242881 ], [ -2.956791870886718, 39.447213877036766 ], [ -3.069598043504956, 39.450273336210664 ], [ -3.148367783882206, 39.495954828199977 ], [ -3.184516451301266, 39.487964784672158 ], [ -3.185166041546307, 39.474150544664333 ], [ -3.294197152311645, 39.470844278130954 ], [ -3.315890246123036, 39.434528805865718 ], [ -3.309134368461365, 39.399153068360171 ], [ -3.410277899852221, 39.404589633459445 ], [ -3.470481242135708, 39.372140110817476 ], [ -3.476878750936017, 39.343144755900127 ], [ -3.532587688273212, 39.304157621362094 ], [ -3.680186923830663, 39.298281229939676 ], [ -3.722523159059228, 39.2696066955262 ], [ -3.791214292450892, 39.292894854338719 ], [ -3.854284281959041, 39.258416198284237 ], [ -3.966856420301165, 39.298552902250542 ], [ -3.972202079062492, 39.352175212628183 ], [ -4.073373456160561, 39.365333993472582 ], [ -4.104449456839872, 39.341111752383711 ], [ -4.120539226459824, 39.362619130877071 ], [ -4.148074353413719, 39.362765354241787 ], [ -4.118073253442908, 39.456882042588724 ], [ -4.068131335071439, 39.457053761895999 ], [ -4.060076567453222, 39.521442795457666 ], [ -4.030080470488018, 39.521973544530226 ], [ -4.041778726617786, 39.575354000309602 ], [ -4.124346233132937, 39.563556521933563 ], [ -4.158731916863497, 39.576761225315671 ], [ -4.193234320871371, 39.495384147422165 ], [ -4.24209257245522, 39.477897629597969 ], [ -4.377210628380221, 39.495982716104017 ], [ -4.44190680288655, 39.523129896597716 ], [ -4.461587617935289, 39.478546085617097 ], [ -4.511221825754798, 39.522123956017616 ], [ -4.482190052591437, 39.538796421062493 ], [ -4.524952798847347, 39.561624232730544 ], [ -4.531090625793533, 39.531603806127116 ], [ -4.542686037174553, 39.544001375548731 ], [ -4.561445977699741, 39.533137391268134 ], [ -4.567923121946721, 39.497281040813469 ], [ -4.618426906978022, 39.484651333426527 ], [ -4.618132764826946, 39.454400109990729 ], [ -4.690701756632357, 39.451082518895106 ], [ -4.755370963647038, 39.415713050705435 ], [ -4.768100512703914, 39.429918030897163 ], [ -4.740510680735258, 39.456165401941583 ], [ -4.751709429535032, 39.50183023375596 ], [ -4.863121787285653, 39.556147149023019 ], [ -4.908210954790111, 39.493690747848916 ], [ -4.944349978528314, 39.393354660045645 ], [ -5.04460865507936, 39.477669582219022 ] ] ] } },
{ "type": "Feature", "properties": { "CPRO": "46" }, "geometry": { "type": "MultiPolygon", "coordinates": [ [ [ [ -0.737159455210827, 38.756668210938905 ], [ -0.834621787368529, 38.732431071169763 ], [ -0.861692757869841, 38.770890187367335 ], [ -0.913225153255399, 38.769605858748712 ], [ -0.933848487596267, 38.793976333767603 ], [ -0.924537358320666, 38.891752532589472 ], [ -0.956524492011558, 38.920122846735573 ], [ -0.959410287661494, 38.944581907445112 ], [ -1.146653612733286, 38.929352482813421 ], [ -1.226537613023229, 39.024672363462059 ], [ -1.263902659125213, 39.045093907244826 ], [ -1.255720509708446, 39.106169959730359 ], [ -1.180825717359304, 39.211822369633786 ], [ -1.165002900835211, 39.310512232515357 ], [ -1.31274399570822, 39.343166545960806 ], [ -1.336644720669637, 39.333996061853341 ], [ -1.414678922867133, 39.380298478759322 ], [ -1.426032892304293, 39.362756800993793 ], [ -1.432293984029893, 39.377581842817627 ], [ -1.455104217378931, 39.360848787124375 ], [ -1.448789279728675, 39.378190313798399 ], [ -1.468192722860802, 39.383330832401455 ], [ -1.452880980526266, 39.383740946041193 ], [ -1.452736974838181, 39.398668596399567 ], [ -1.473305125401584, 39.391146644153132 ], [ -1.470567275984371, 39.407508870304191 ], [ -1.488812469572465, 39.401647557709168 ], [ -1.483251428908181, 39.422460330334573 ], [ -1.498993885230831, 39.415357442568947 ], [ -1.496649430067776, 39.42931967483058 ], [ -1.521720204990453, 39.432677451338279 ], [ -1.528866715477961, 39.455266068884697 ], [ -1.513391421200563, 39.458267828798654 ], [ -1.499153136022299, 39.500449689530029 ], [ -1.502602063856668, 39.545615957704698 ], [ -1.520541473439864, 39.550269667848205 ], [ -1.46208157197165, 39.576621188206914 ], [ -1.417931450024231, 39.654935795540531 ], [ -1.368534386310755, 39.689614874650118 ], [ -1.31282667390615, 39.670484014600966 ], [ -1.276563889397057, 39.681024131908515 ], [ -1.261995006393188, 39.698906968225806 ], [ -1.27540898967224, 39.738640502082639 ], [ -1.21500322246253, 39.808774260339895 ], [ -1.200043366359605, 39.858705871799124 ], [ -1.20818371997653, 39.943805435268189 ], [ -1.14239484289261, 39.971841248247664 ], [ -1.121748108009709, 39.960850898862923 ], [ -1.10501459020867, 39.974974666849342 ], [ -0.989381124948825, 39.981826764859157 ], [ -0.931885924291308, 39.956076532568218 ], [ -0.920454323016927, 39.964403102831049 ], [ -0.902658679204687, 39.9318492839814 ], [ -0.907774453033121, 39.865674077143474 ], [ -0.867419545316401, 39.846777963155972 ], [ -0.793765392780279, 39.881434037549312 ], [ -0.722890714248308, 39.813237987846293 ], [ -0.691110708758878, 39.852463037014225 ], [ -0.65615077277586, 39.835960279853708 ], [ -0.652345691332904, 39.754085192702746 ], [ -0.631008604895655, 39.746334601741573 ], [ -0.588223330091746, 39.741688290619329 ], [ -0.577047897113428, 39.773202409058555 ], [ -0.530585790009779, 39.795977306730819 ], [ -0.456175545866557, 39.714697764671655 ], [ -0.396093739032196, 39.758614111152283 ], [ -0.377918651492104, 39.799877242254468 ], [ -0.328258851067842, 39.801483326720103 ], [ -0.276527917077918, 39.770542224626482 ], [ -0.264175824942739, 39.745496537605234 ], [ -0.188555252670917, 39.722037203436905 ], [ -0.208012599284809, 39.64342629188981 ], [ -0.21586773367209, 39.655344256033374 ], [ -0.259687365218063, 39.614552904416485 ], [ -0.318752862303651, 39.515378312842053 ], [ -0.321485480295028, 39.463987275136873 ], [ -0.301991054373458, 39.449273148751274 ], [ -0.302184806660746, 39.433823432386468 ], [ -0.328538655824141, 39.461837072297079 ], [ -0.315969744300597, 39.443244650540656 ], [ -0.337982909827235, 39.425632577459318 ], [ -0.297928662295694, 39.309363684079187 ], [ -0.215713769874458, 39.186039371567475 ], [ -0.2383047481305, 39.176433370005221 ], [ -0.239681728601318, 39.147736512816863 ], [ -0.199421693164278, 39.058255039528312 ], [ -0.161094456131101, 38.992375047214402 ], [ -0.027137449259698, 38.862025475418562 ], [ -0.042152231503754, 38.856452036863153 ], [ -0.070620481974091, 38.885719678849959 ], [ -0.148076338167011, 38.858430725218355 ], [ -0.160831868949757, 38.887390944242462 ], [ -0.196316050920653, 38.859438289021135 ], [ -0.230539396797366, 38.853489598173581 ], [ -0.310808065415507, 38.881511382037885 ], [ -0.381435310576005, 38.834899162295912 ], [ -0.403389164572797, 38.839713867813394 ], [ -0.461875824535504, 38.807645400404908 ], [ -0.535305756124878, 38.810362882775351 ], [ -0.546678928922074, 38.80544882243661 ], [ -0.580226787203134, 38.800869732731719 ], [ -0.596147212053374, 38.794804753533406 ], [ -0.565642209068168, 38.755426640813347 ], [ -0.529626631325615, 38.767094694859665 ], [ -0.507115406544611, 38.742974782399834 ], [ -0.618051238568344, 38.686652609617184 ], [ -0.64246866926286, 38.704140365132119 ], [ -0.64402615773159, 38.728138328398742 ], [ -0.688784871209759, 38.741268345096195 ], [ -0.707189383350393, 38.73381940280246 ], [ -0.737159455210827, 38.756668210938905 ] ], [ [ -0.522264964146525, 39.516441934860076 ], [ -0.522146095601359, 39.51655753414606 ], [ -0.522146095601364, 39.51655753414606 ], [ -0.522264964146525, 39.516441934860076 ] ], [ [ -0.525087890165922, 39.513696375468186 ], [ -0.52671195190374, 39.510206268153688 ], [ -0.522826605541783, 39.515895712921882 ], [ -0.525087890165922, 39.513696375468186 ] ], [ [ -0.529519801150123, 39.507124216475979 ], [ -0.529519801150121, 39.507124216475951 ], [ -0.52671195190374, 39.510206268153688 ], [ -0.529519801150123, 39.507124216475979 ] ], [ [ -0.526902652247827, 39.484518011574025 ], [ -0.526902652247829, 39.484518011574039 ], [ -0.526946016647439, 39.484247575305929 ], [ -0.526902652247827, 39.484518011574025 ] ], [ [ -0.52837250357162, 39.474385873307931 ], [ -0.528525447771336, 39.473787961410444 ], [ -0.526678252150902, 39.481008167770547 ], [ -0.52837250357162, 39.474385873307931 ] ], [ [ -0.544388092849189, 39.469977804998798 ], [ -0.52929569352183, 39.470776739988686 ], [ -0.528870302295191, 39.472439799019675 ], [ -0.529295693521828, 39.470776739988729 ], [ -0.544388092849189, 39.469977804998798 ] ], [ [ -0.54530851009197, 39.470047595369444 ], [ -0.545308510091971, 39.470047595369422 ], [ -0.544749643504779, 39.46995864152165 ], [ -0.54530851009197, 39.470047595369444 ] ], [ [ -0.552555055572801, 39.470438976972034 ], [ -0.552555163869609, 39.470439866642437 ], [ -0.55255516386962, 39.470439866642437 ], [ -0.552555055572801, 39.470438976972034 ] ], [ [ -0.59236501307031, 39.556315125730507 ], [ -0.602077537970703, 39.531482579342075 ], [ -0.605429816089681, 39.519493298672124 ], [ -0.59236501307031, 39.556315125730507 ] ], [ [ -0.606317632429253, 39.517786275469852 ], [ -0.606317626085633, 39.517786307771757 ], [ -0.606317766109421, 39.517785538379769 ], [ -0.606317632429253, 39.517786275469852 ] ], [ [ -0.606317664646588, 39.517785168021391 ], [ -0.60663352535174, 39.51605251860763 ], [ -0.606767601621247, 39.513721884264505 ], [ -0.606317664646588, 39.517785168021391 ] ], [ [ -0.591968850796642, 39.498815618568209 ], [ -0.606628092654676, 39.513151944049852 ], [ -0.604557936625834, 39.510442599861847 ], [ -0.599044491785968, 39.503373936496182 ], [ -0.596229327786405, 39.499999149407898 ], [ -0.594071850039033, 39.498965479256277 ], [ -0.594067636614714, 39.498964748772053 ], [ -0.593359770123892, 39.498923067742673 ], [ -0.592892819291711, 39.498976446575014 ], [ -0.591968850796642, 39.498815618568209 ] ], [ [ -0.591001486290143, 39.498747385801181 ], [ -0.590026064949336, 39.498817948735429 ], [ -0.589205305924781, 39.4986200625424 ], [ -0.591968850796642, 39.498815618568209 ], [ -0.591001486290143, 39.498747385801181 ] ], [ [ -0.589205305924781, 39.4986200625424 ], [ -0.587664707488554, 39.498174983996677 ], [ -0.587664419950434, 39.498174387935052 ], [ -0.587652800996098, 39.498149570054935 ], [ -0.587383442938106, 39.497575020721769 ], [ -0.587336364903941, 39.497559777447712 ], [ -0.587664707488543, 39.498174983996698 ], [ -0.588171613879246, 39.498321433750519 ], [ -0.589205305924781, 39.4986200625424 ] ], [ [ -0.583837381939382, 39.496536359036497 ], [ -0.58383738193936, 39.496536359036497 ], [ -0.584909590210583, 39.496774267793917 ], [ -0.583837381939382, 39.496536359036497 ] ], [ [ -0.577982522878099, 39.499720880222945 ], [ -0.577982522878098, 39.499720880222981 ], [ -0.57807480549822, 39.499437588017706 ], [ -0.577982522878099, 39.499720880222945 ] ], [ [ -0.577338837758894, 39.500536282487374 ], [ -0.577482226961692, 39.500332412950392 ], [ -0.577318876184409, 39.500556594244031 ], [ -0.577338837758894, 39.500536282487374 ] ], [ [ -0.577162612282701, 39.500715561729734 ], [ -0.576749713005242, 39.501135587728371 ], [ -0.576749713005238, 39.501135587728378 ], [ -0.577162612282701, 39.500715561729734 ] ], [ [ -0.575557669790387, 39.502571211259301 ], [ -0.576583923927261, 39.501484494813766 ], [ -0.574800687436545, 39.503118185579375 ], [ -0.575557669790387, 39.502571211259301 ] ], [ [ -0.568325396700026, 39.498929623199302 ], [ -0.569312970580459, 39.500593896265357 ], [ -0.569142568932512, 39.500139887962774 ], [ -0.568325396700026, 39.498929623199302 ] ], [ [ -0.568273381482589, 39.498848249774134 ], [ -0.567475077228552, 39.497599331707207 ], [ -0.567477855508392, 39.497603691673412 ], [ -0.568273381482589, 39.498848249774134 ] ], [ [ -0.568356560996388, 39.495970861792216 ], [ -0.568356560996387, 39.495970861792237 ], [ -0.568357660929376, 39.495970830755169 ], [ -0.568356560996388, 39.495970861792216 ] ], [ [ -0.564891029401598, 39.497197085529372 ], [ -0.567065513038679, 39.496005713128206 ], [ -0.564059866839202, 39.497652440393246 ], [ -0.564891029401598, 39.497197085529372 ] ], [ [ -0.558055131450538, 39.498997509447108 ], [ -0.557389587215024, 39.499040270140803 ], [ -0.562607189955973, 39.49814824548946 ], [ -0.558055131450538, 39.498997509447108 ] ], [ [ -0.555733757583396, 39.499146588707234 ], [ -0.555734345735465, 39.499146065043455 ], [ -0.555733637907549, 39.49914676636989 ], [ -0.555733757583396, 39.499146588707234 ] ], [ [ -0.554735214933056, 39.500124450116672 ], [ -0.554735214933056, 39.500124450116687 ], [ -0.555733634915668, 39.499146770811429 ], [ -0.554735214933056, 39.500124450116672 ] ], [ [ -0.554623925609517, 39.500628852574479 ], [ -0.554622883063546, 39.50062807387836 ], [ -0.554623925609509, 39.500628852574508 ], [ -0.554623925609517, 39.500628852574479 ] ], [ [ -0.553267330352388, 39.498615298320992 ], [ -0.554062795222861, 39.499937256634354 ], [ -0.553911160821475, 39.499190025890336 ], [ -0.553267330352388, 39.498615298320992 ] ], [ [ -0.552320523314514, 39.497888826006701 ], [ -0.552860097039443, 39.498293484152306 ], [ -0.552184640221079, 39.497706843121087 ], [ -0.552320523314514, 39.497888826006701 ] ], [ [ -0.546003036413455, 39.492473961170184 ], [ -0.549120932304294, 39.495024350657474 ], [ -0.546006093795306, 39.492476458165306 ], [ -0.546003036413455, 39.492473961170184 ] ], [ [ -0.545687619610415, 39.492098671411732 ], [ -0.545099722429541, 39.491399145018569 ], [ -0.546003036413455, 39.492473961170184 ], [ -0.545687619610415, 39.492098671411732 ] ], [ [ -0.544066095350074, 39.492016353016389 ], [ -0.544066095350086, 39.492016353016361 ], [ -0.54406361779771, 39.492014846959655 ], [ -0.544066095350074, 39.492016353016389 ] ], [ [ -0.540719473807551, 39.489983246295537 ], [ -0.543159134161565, 39.491465384735015 ], [ -0.54014242352452, 39.49019622863905 ], [ -0.540719473807551, 39.489983246295537 ] ], [ [ -0.540141685374865, 39.49019556436626 ], [ -0.540141490973754, 39.4901956368276 ], [ -0.54014242352452, 39.49019622863905 ], [ -0.540141685374865, 39.49019556436626 ] ], [ [ -0.539788757737359, 39.489885512460354 ], [ -0.538848303437633, 39.48905864282419 ], [ -0.540141490973754, 39.4901956368276 ], [ -0.539788757737359, 39.489885512460354 ] ], [ [ -0.537510342376745, 39.487986692167532 ], [ -0.537793080389769, 39.488198568740756 ], [ -0.536574272135042, 39.487094127211137 ], [ -0.537510342376745, 39.487986692167532 ] ], [ [ -0.536070563120758, 39.486613817614305 ], [ -0.535748009089046, 39.486201579799108 ], [ -0.536574272135042, 39.487094127211137 ], [ -0.536070563120758, 39.486613817614305 ] ], [ [ -0.544938786330998, 39.487270502211324 ], [ -0.544170441985386, 39.487078918774209 ], [ -0.54494227852916, 39.487271373285779 ], [ -0.544938786330998, 39.487270502211324 ] ], [ [ -0.546329233520156, 39.487300692512406 ], [ -0.546237631352965, 39.487304789691457 ], [ -0.54633018323723, 39.487300650011292 ], [ -0.546329233520156, 39.487300692512406 ] ], [ [ -0.546347579693306, 39.487299881683001 ], [ -0.546341885698108, 39.487300126322772 ], [ -0.546639362739571, 39.487260718512637 ], [ -0.546347579693306, 39.487299881683001 ] ], [ [ -0.551647205370769, 39.486366772735124 ], [ -0.551647205370758, 39.486366772735124 ], [ -0.551584795418588, 39.486378015315708 ], [ -0.551647205370769, 39.486366772735124 ] ], [ [ -0.560242368321994, 39.485277401028924 ], [ -0.560120463384851, 39.485405318753635 ], [ -0.560242374027272, 39.485277400788327 ], [ -0.560242368321994, 39.485277401028924 ] ], [ [ -0.560815639609523, 39.485253408855741 ], [ -0.560804236875202, 39.485253886101475 ], [ -0.560827293950642, 39.485252921249284 ], [ -0.560815639609523, 39.485253408855741 ] ], [ [ -0.56210527776895, 39.485199444991864 ], [ -0.562064573483886, 39.485201148445668 ], [ -0.562105984803896, 39.485155913787828 ], [ -0.56210527776895, 39.485199444991864 ] ], [ [ -0.562115371363016, 39.484577961726146 ], [ -0.562104659099983, 39.484234333549615 ], [ -0.562105984803896, 39.485155913787828 ], [ -0.562115371363016, 39.484577961726146 ] ], [ [ -0.562104413237242, 39.484226395941917 ], [ -0.562104413237232, 39.48422639594191 ], [ -0.562104659099983, 39.484234333549615 ], [ -0.562104413237242, 39.484226395941917 ] ], [ [ -0.566794170242869, 39.48543287580344 ], [ -0.566791331857801, 39.485432660869243 ], [ -0.56734134931993, 39.485472314698512 ], [ -0.566794170242869, 39.48543287580344 ] ], [ [ -0.576257594305215, 39.485419615370184 ], [ -0.57623037935401, 39.485420372139117 ], [ -0.582472796089296, 39.485246599193275 ], [ -0.576257594305215, 39.485419615370184 ] ], [ [ -0.589117499683274, 39.485024268588887 ], [ -0.589100027210205, 39.485024912762732 ], [ -0.58911897230666, 39.485024213553118 ], [ -0.589117499683274, 39.485024268588887 ] ], [ [ -0.589119419463869, 39.485023721925728 ], [ -0.589119419463878, 39.485023721925728 ], [ -0.589119423751231, 39.485023710002608 ], [ -0.589119419463869, 39.485023721925728 ] ], [ [ -0.590111562822723, 39.481909699330849 ], [ -0.590111562822702, 39.481909699330842 ], [ -0.589193407271563, 39.484791505869225 ], [ -0.589164449265482, 39.484882394661064 ], [ -0.590111562822723, 39.481909699330849 ] ], [ [ -0.590527961757061, 39.480605139785183 ], [ -0.590527961757078, 39.480605139785183 ], [ -0.590702317127677, 39.480055362446201 ], [ -0.590527961757061, 39.480605139785183 ] ], [ [ -0.576136105882324, 39.47054698582722 ], [ -0.58371650264029, 39.47250759144071 ], [ -0.583512853231827, 39.472349149954567 ], [ -0.583256165635177, 39.472280715782617 ], [ -0.580147478940774, 39.47146500669772 ], [ -0.576136105882324, 39.47054698582722 ] ], [ [ -0.570811676202693, 39.469700622077553 ], [ -0.575542161787478, 39.470256423646653 ], [ -0.572564831061658, 39.469625578418871 ], [ -0.57256459357546, 39.469625555440615 ], [ -0.57148523840159, 39.469584998846543 ], [ -0.570811676202693, 39.469700622077553 ] ], [ [ -0.570736853399569, 39.469713465842268 ], [ -0.565743077338142, 39.469056244864511 ], [ -0.56329021047712, 39.468851424919762 ], [ -0.570736853399569, 39.469713465842268 ] ], [ [ -0.56329021047712, 39.468851424919762 ], [ -0.562678121400669, 39.468814909215943 ], [ -0.562627946818934, 39.468809996534176 ], [ -0.56329021047712, 39.468851424919762 ] ], [ [ -0.561630617850391, 39.468712340497802 ], [ -0.561623978523816, 39.468711690428819 ], [ -0.561623978523816, 39.468711690428833 ], [ -0.561630617850391, 39.468712340497802 ] ], [ [ -0.560964590963075, 39.470677326637386 ], [ -0.557268929788154, 39.470637951892392 ], [ -0.561589986345984, 39.470683979227218 ], [ -0.560964590963075, 39.470677326637386 ] ], [ [ -0.557244268773329, 39.470637688751289 ], [ -0.557244268773336, 39.470637688751289 ], [ -0.552555210330373, 39.470439867620833 ], [ -0.557244268773329, 39.470637688751289 ] ], [ [ -0.570223832418888, 39.538909421644519 ], [ -0.570223832418887, 39.53890942164454 ], [ -0.570277752719007, 39.53889517200669 ], [ -0.570223832418888, 39.538909421644519 ] ], [ [ -0.570471581955022, 39.538811904089371 ], [ -0.570518854017438, 39.538788584316677 ], [ -0.570518854017427, 39.538788584316677 ], [ -0.570471581955022, 39.538811904089371 ] ], [ [ -0.571580486225943, 39.539457520329265 ], [ -0.571710925935664, 39.53920351654029 ], [ -0.571710925935661, 39.53920351654029 ], [ -0.571580486225943, 39.539457520329265 ] ], [ [ -0.572623932726542, 39.539557471711433 ], [ -0.573191047576169, 39.53977732588325 ], [ -0.573191047576175, 39.53977732588325 ], [ -0.572623932726542, 39.539557471711433 ] ], [ [ -0.573014710450361, 39.540097294714379 ], [ -0.572957514975601, 39.540201076835345 ], [ -0.572957514975605, 39.540201076835345 ], [ -0.573014710450361, 39.540097294714379 ] ], [ [ -0.574300382572192, 39.541289419591457 ], [ -0.573953881863323, 39.541776218953679 ], [ -0.574300382572201, 39.541289419591457 ], [ -0.574300382572192, 39.541289419591457 ] ], [ [ -0.57362705836597, 39.542235365900275 ], [ -0.573626159498406, 39.542236628767192 ], [ -0.573626159498416, 39.542236628767192 ], [ -0.57362705836597, 39.542235365900275 ] ], [ [ -0.577818841967, 39.543423939024365 ], [ -0.57767205017721, 39.543716963492876 ], [ -0.577672050177228, 39.543716963492884 ], [ -0.577818841967, 39.543423939024365 ] ], [ [ -0.583248548139831, 39.546709911192004 ], [ -0.581908828643694, 39.548261129422386 ], [ -0.581908828643703, 39.5482611294224 ], [ -0.583248548139831, 39.546709911192004 ] ], [ [ -0.584440450046114, 39.549618923936201 ], [ -0.580121435499094, 39.551823716591485 ], [ -0.582241681079271, 39.552242862319602 ], [ -0.584440450046114, 39.549618923936201 ] ], [ [ -0.579090940400686, 39.551652654225656 ], [ -0.578406731384236, 39.551308033819822 ], [ -0.580121435499094, 39.551823716591485 ], [ -0.579090940400686, 39.551652654225656 ] ], [ [ -0.568462039448876, 39.541654892465786 ], [ -0.56854741891332, 39.54151636757824 ], [ -0.568462039448866, 39.541654892465786 ], [ -0.568462039448876, 39.541654892465786 ] ], [ [ -0.568865527042373, 39.541290522020667 ], [ -0.568830201912669, 39.541305501982897 ], [ -0.568870561941368, 39.541284191109646 ], [ -0.568865527042373, 39.541290522020667 ] ], [ [ -0.569679609601772, 39.539760257063527 ], [ -0.569919402271025, 39.539299540379915 ], [ -0.569919402271013, 39.539299540379929 ], [ -0.569679609601772, 39.539760257063527 ] ], [ [ -0.567993213750734, 39.540048194392853 ], [ -0.567527130773876, 39.541411476807397 ], [ -0.567993213750741, 39.54004819439286 ], [ -0.567993213750734, 39.540048194392853 ] ], [ [ -0.567795508173207, 39.533671232053109 ], [ -0.567795508173206, 39.533671232053123 ], [ -0.568568680739003, 39.533034532004287 ], [ -0.567795508173207, 39.533671232053109 ] ] ], [ [ [ -1.248062834313664, 39.9950639305425 ], [ -1.376858781462731, 40.016499075112534 ], [ -1.420284721786538, 40.09351421471861 ], [ -1.407596362457464, 40.101403492436312 ], [ -1.457234965861293, 40.135057448055363 ], [ -1.448855346533294, 40.145341896835738 ], [ -1.354596419790554, 40.129472736023004 ], [ -1.316588686233907, 40.149655518744588 ], [ -1.322989127732281, 40.184855793799791 ], [ -1.298227373646822, 40.211682667480368 ], [ -1.284341120834122, 40.171496718041809 ], [ -1.244295859174154, 40.145968840588743 ], [ -1.24459114526869, 40.115802815297222 ], [ -1.148033222304615, 40.114496590287104 ], [ -1.072128591662887, 40.060484217344211 ], [ -1.084228043788928, 40.036208188016644 ], [ -1.134080534435099, 40.015752208852632 ], [ -1.248062834313664, 39.9950639305425 ] ] ] ] } },
{ "type": "Feature", "properties": { "CPRO": "47" }, "geometry": { "type": "MultiPolygon", "coordinates": [ [ [ [ -5.118929359444267, 41.136260651509183 ], [ -5.179658175747274, 41.167291894700874 ], [ -5.218219751037532, 41.159584163488901 ], [ -5.229602326034376, 41.190528533602134 ], [ -5.252967800482713, 41.199774144289613 ], [ -5.28846739842501, 41.195615345742624 ], [ -5.292723999593651, 41.181254732785547 ], [ -5.330268060127129, 41.177618718538206 ], [ -5.338578756964515, 41.188384523558433 ], [ -5.293651717187995, 41.22625252549738 ], [ -5.29174059240577, 41.269189895781096 ], [ -5.334624525247836, 41.370643732479394 ], [ -5.307536596334975, 41.414052912541329 ], [ -5.339237895574315, 41.425598505748738 ], [ -5.32479119912079, 41.455343104930179 ], [ -5.344736361894258, 41.479256012289824 ], [ -5.261882783923393, 41.503684631216935 ], [ -5.228873216903215, 41.528431271776931 ], [ -5.29307355752703, 41.574371966588508 ], [ -5.270538700796807, 41.601136627680823 ], [ -5.32889378827725, 41.615919168301303 ], [ -5.327353559999231, 41.680526452226523 ], [ -5.358135973325202, 41.699694479477387 ], [ -5.361690588502006, 41.728846824839437 ], [ -5.375195055813498, 41.719787192525871 ], [ -5.391383372553268, 41.760510376244035 ], [ -5.278611548106126, 41.814796378472508 ], [ -5.287148285017962, 41.827685513418196 ], [ -5.330429190744505, 41.831795248866371 ], [ -5.306473679270664, 41.857838249167145 ], [ -5.293732766250244, 41.919937516719806 ], [ -5.335215160009669, 41.937472807201516 ], [ -5.254400747031252, 41.980939780272578 ], [ -5.280649521993027, 41.978799839266117 ], [ -5.325519531334799, 42.020397641724799 ], [ -5.376395669436779, 42.039644888795642 ], [ -5.388103468881157, 42.221443239109249 ], [ -5.361235274241566, 42.225151870686688 ], [ -5.307462883688951, 42.19926602767508 ], [ -5.286926158253918, 42.229927806121388 ], [ -5.265644977804389, 42.210898156610298 ], [ -5.24148431003825, 42.214516230907499 ], [ -5.225994574001122, 42.226723631127712 ], [ -5.254001542535836, 42.239774852978975 ], [ -5.236500069612356, 42.273348676667595 ], [ -5.22845267092111, 42.262464533816413 ], [ -5.220314828143509, 42.277923071130402 ], [ -5.182720572468382, 42.26420926831716 ], [ -5.11200233240253, 42.311841481340004 ], [ -5.093753976390079, 42.309294474568475 ], [ -5.054809362557912, 42.257523190447039 ], [ -5.038349974879553, 42.297126986825106 ], [ -5.002140970133549, 42.289128734530422 ], [ -5.026966313532229, 42.153911678710259 ], [ -4.927497438820987, 42.15021429438044 ], [ -4.904176917611882, 42.078393427240911 ], [ -4.94762547614932, 42.054311092696892 ], [ -4.936006580916973, 42.017915717982902 ], [ -4.965539720199635, 42.007056437727918 ], [ -5.005104681845093, 41.947227924166363 ], [ -4.98532187601279, 41.910745264634713 ], [ -4.94958729824974, 41.933828591032828 ], [ -4.927937321165936, 41.915028996785431 ], [ -4.869086102664562, 41.931727637726517 ], [ -4.789248676865731, 41.81802388837869 ], [ -4.758421430601119, 41.825786338784702 ], [ -4.728247153681957, 41.868827181075979 ], [ -4.664769007681045, 41.899468457834487 ], [ -4.566082956507829, 41.812574058818988 ], [ -4.549154587630744, 41.831014972963828 ], [ -4.512123011548906, 41.823303337356549 ], [ -4.473297324978198, 41.843027995398288 ], [ -4.461146898459285, 41.820360247097739 ], [ -4.487340782635046, 41.820096217894928 ], [ -4.501183160469553, 41.771406153561188 ], [ -4.45006955669062, 41.758363271534463 ], [ -4.389296710789942, 41.787773529694647 ], [ -4.317640022304015, 41.763444015291114 ], [ -4.23602446400667, 41.813969498323871 ], [ -4.213946521160736, 41.799406911964539 ], [ -4.123195488449391, 41.807310217567569 ], [ -4.100271759679596, 41.774711474386962 ], [ -4.040874975703228, 41.7683563633977 ], [ -4.076358796757496, 41.726085439394005 ], [ -4.0260362259007, 41.692382809678598 ], [ -4.035282633784926, 41.620623376846389 ], [ -4.005926465305394, 41.619361680221047 ], [ -3.980442586573044, 41.582013041213692 ], [ -3.999905227531428, 41.516102207577305 ], [ -4.027399874149496, 41.517796621150126 ], [ -4.142484737829542, 41.469935453293587 ], [ -4.158317220651862, 41.482098989321912 ], [ -4.261099707084251, 41.450590435286337 ], [ -4.270131180738463, 41.461272709262083 ], [ -4.327857411992765, 41.444785635956627 ], [ -4.362393261438045, 41.449930079828711 ], [ -4.364915291464599, 41.436001950410365 ], [ -4.41061630771839, 41.441647347596266 ], [ -4.468159896844263, 41.413076752515316 ], [ -4.514958264165295, 41.409659463949211 ], [ -4.48400209143415, 41.366801316758909 ], [ -4.504474024043562, 41.347196680325894 ], [ -4.467786766019296, 41.295887397522385 ], [ -4.528629649222538, 41.321099385370083 ], [ -4.559541319984827, 41.302165564937688 ], [ -4.596851142450141, 41.320587069472438 ], [ -4.60197980153677, 41.302654447467184 ], [ -4.573883323022298, 41.275200582075065 ], [ -4.650863322543394, 41.221420461971768 ], [ -4.634185838078067, 41.168235218640447 ], [ -4.680561196759454, 41.1857359020877 ], [ -4.722101182864849, 41.149317633665532 ], [ -4.786186864176756, 41.14355862391028 ], [ -4.813523415392091, 41.129377169921149 ], [ -4.81496519526756, 41.10344905571791 ], [ -4.863676903759163, 41.094015186055572 ], [ -4.989736152871632, 41.160803718815522 ], [ -5.118929359444267, 41.136260651509183 ] ] ], [ [ [ -5.438279780009657, 41.967389640731604 ], [ -5.485650525192485, 41.985825509465009 ], [ -5.471417053270276, 42.010097335038189 ], [ -5.520892829452158, 42.097141166366775 ], [ -5.480925504912746, 42.052426018522432 ], [ -5.42158924003479, 42.030675525781739 ], [ -5.447438449409764, 42.013655341372214 ], [ -5.431455845399228, 42.004323026720648 ], [ -5.438279780009657, 41.967389640731604 ] ] ], [ [ [ -5.300683580562852, 42.265359831723472 ], [ -5.316442593283663, 42.241123398067579 ], [ -5.341317656576956, 42.232747013989872 ], [ -5.345342537321257, 42.267768647228209 ], [ -5.300683580562852, 42.265359831723472 ] ] ] ] } },
{ "type": "Feature", "properties": { "CPRO": "48" }, "geometry": { "type": "MultiPolygon", "coordinates": [ [ [ [ -3.028836775053601, 43.047817899670321 ], [ -3.032561439952818, 43.020441939458209 ], [ -2.985758296742108, 43.011863442991107 ], [ -2.986390113510603, 42.992390201438809 ], [ -2.958283339188454, 42.994440765175007 ], [ -3.038477484418432, 42.981916751190376 ], [ -3.060256255709477, 43.003510674926666 ], [ -3.089417124963765, 43.001750085236367 ], [ -3.050483413237755, 43.046405865204051 ], [ -3.028836775053601, 43.047817899670321 ] ] ], [ [ [ -3.026769264025675, 43.160824614356677 ], [ -3.110997473478283, 43.143102926267936 ], [ -3.157971648444414, 43.17803168350045 ], [ -3.224090568906325, 43.170132935239899 ], [ -3.253414384368271, 43.198581063737194 ], [ -3.417646881230404, 43.133428398911555 ], [ -3.450349982661074, 43.235992081364394 ], [ -3.340125323734758, 43.278030212443781 ], [ -3.332404568678867, 43.301878818674524 ], [ -3.209505096607129, 43.283538049378301 ], [ -3.157326434955075, 43.301319712272672 ], [ -3.153303123596831, 43.353285849493076 ], [ -3.120695478735065, 43.346773822970853 ], [ -3.109306446236312, 43.364672644277874 ], [ -3.089456125013933, 43.37505390516376 ], [ -3.103582601211622, 43.363831507469932 ], [ -3.047098340949529, 43.338673609383214 ], [ -3.031764062057746, 43.346611724527094 ], [ -3.04354845939575, 43.339219727718927 ], [ -3.010232498880401, 43.315104088538824 ], [ -3.010065263454743, 43.337520960698093 ], [ -3.027810194178323, 43.341921370120502 ], [ -3.012390415590017, 43.347704848943309 ], [ -3.039618059728078, 43.373316769988712 ], [ -2.970371618190197, 43.412632850501709 ], [ -2.950318979089228, 43.403135047274809 ], [ -2.94686561347735, 43.435878138229207 ], [ -2.807758322743778, 43.430136342259537 ], [ -2.75203095376297, 43.45687533552524 ], [ -2.738741566066575, 43.429589396166158 ], [ -2.700369789727558, 43.415223035300585 ], [ -2.695129603809287, 43.393161813511945 ], [ -2.680228599162929, 43.375035546691983 ], [ -2.683658752533125, 43.406029418013858 ], [ -2.645713570394822, 43.416155850309522 ], [ -2.617352683416695, 43.391212005521069 ], [ -2.509641804129539, 43.377369436226275 ], [ -2.499078467435365, 43.360444663542943 ], [ -2.460024197139144, 43.335310396838381 ], [ -2.411721899390181, 43.320533535860726 ], [ -2.439906450532257, 43.295408740532594 ], [ -2.417896457579794, 43.267487818123179 ], [ -2.436654405992207, 43.243688247340295 ], [ -2.462539540620533, 43.222976367746199 ], [ -2.497047009275691, 43.220716062363813 ], [ -2.482726511382328, 43.170112733203361 ], [ -2.509737463025886, 43.161339821088525 ], [ -2.501283407879447, 43.094644398570182 ], [ -2.632547421994694, 43.086777471240261 ], [ -2.661239958257559, 43.073876752843958 ], [ -2.633651583741193, 43.020170928882074 ], [ -2.894034964647616, 43.046573564938306 ], [ -2.974990200782824, 43.099038005973732 ], [ -2.935431989057744, 43.136059113894817 ], [ -2.946282810215506, 43.170377498976222 ], [ -2.979299230848865, 43.20216622021897 ], [ -3.006528780998027, 43.196125963114852 ], [ -3.027092045744425, 43.217117590850187 ], [ -3.039784537247531, 43.21076120282936 ], [ -3.015789190281855, 43.201618022173747 ], [ -3.026769264025675, 43.160824614356677 ] ], [ [ -3.303397871364116, 43.256628719976753 ], [ -3.296658938295061, 43.206415927989497 ], [ -3.267107022298781, 43.203790818861428 ], [ -3.249201214099964, 43.259686809155028 ], [ -3.303397871364116, 43.256628719976753 ] ] ], [ [ [ -2.68943006759775, 43.387919342016161 ], [ -2.689105803498877, 43.387963494139647 ], [ -2.689119976672243, 43.387896000042893 ], [ -2.68943006759775, 43.387919342016161 ] ] ], [ [ [ -2.687795329991824, 43.388747791842654 ], [ -2.68793665407338, 43.387667639411262 ], [ -2.688780583083024, 43.388174199318392 ], [ -2.687795329991824, 43.388747791842654 ] ] ], [ [ [ -2.689257698368084, 43.390399608362927 ], [ -2.687130536453541, 43.390024602291049 ], [ -2.687407263848059, 43.389480613959634 ], [ -2.689257698368084, 43.390399608362927 ] ] ], [ [ [ -2.692404826915351, 43.395099444801332 ], [ -2.692154611370677, 43.393450948125135 ], [ -2.693950392809513, 43.392694935890781 ], [ -2.692404826915351, 43.395099444801332 ] ] ], [ [ [ -2.495016207859734, 43.368404671322317 ], [ -2.496072186353643, 43.365154224606066 ], [ -2.496624911006915, 43.36529172968141 ], [ -2.495016207859734, 43.368404671322317 ] ] ] ] } },
{ "type": "Feature", "properties": { "CPRO": "49" }, "geometry": { "type": "Polygon", "coordinates": [ [ [ -6.062011110020846, 41.221050800588102 ], [ -6.134500399116248, 41.190386287011869 ], [ -6.268168738398506, 41.255606301292822 ], [ -6.37227585009999, 41.28629952460043 ], [ -6.414731426219397, 41.275977456090118 ], [ -6.479066372250462, 41.288385639216351 ], [ -6.437566721711129, 41.305709308700294 ], [ -6.416152550359734, 41.347963234164766 ], [ -6.379572757373073, 41.357230938432807 ], [ -6.389927552609794, 41.385366120245365 ], [ -6.318302269993128, 41.386115022718613 ], [ -6.332813987650054, 41.411496505303951 ], [ -6.298078077100662, 41.431176918901912 ], [ -6.305819081067765, 41.449524274779485 ], [ -6.285109352626613, 41.478387288786799 ], [ -6.189349877380267, 41.57502442536186 ], [ -6.302171699143059, 41.66273751218754 ], [ -6.444493802265356, 41.68483290495827 ], [ -6.457728955264249, 41.666838542984273 ], [ -6.498516239909919, 41.657128613247608 ], [ -6.548245918352556, 41.685616488847977 ], [ -6.549066551674195, 41.725403005730556 ], [ -6.568989877933261, 41.743497749911583 ], [ -6.515821114026815, 41.871273543143992 ], [ -6.571184043299853, 41.883619986759882 ], [ -6.545847877735475, 41.935932644897989 ], [ -6.583222008143856, 41.965378607785773 ], [ -6.621211686290442, 41.939952863829959 ], [ -6.699272895925994, 41.933327677806389 ], [ -6.750622327285074, 41.943392588760517 ], [ -6.785607454217639, 41.988895880731171 ], [ -6.811484766700229, 41.992522651403739 ], [ -6.821150392759902, 41.946313167064268 ], [ -6.844417369000546, 41.942302612015553 ], [ -6.941690396121024, 41.9442936780219 ], [ -6.957857406892163, 41.969291289193279 ], [ -6.984540729927459, 41.973634312080137 ], [ -6.991107908366644, 41.988344184564156 ], [ -6.961098597798149, 42.027906386922439 ], [ -6.974791918687715, 42.055156718513082 ], [ -7.011832183032901, 42.052416012222473 ], [ -7.033584887927885, 42.074235086172209 ], [ -7.002690533435825, 42.084170011970386 ], [ -6.989815932099614, 42.121311889101229 ], [ -6.944552716402762, 42.141680645921475 ], [ -6.942794045734105, 42.17333744913288 ], [ -6.901078526898201, 42.189623058099393 ], [ -6.869866751278828, 42.223745947782724 ], [ -6.829739937895052, 42.226094286049978 ], [ -6.796709321147051, 42.209050098008738 ], [ -6.803176287218215, 42.238667181919311 ], [ -6.78756480692491, 42.254176940207309 ], [ -6.703793291697414, 42.209372982740391 ], [ -6.638649329915305, 42.21729586440695 ], [ -6.613266737985275, 42.203214758450301 ], [ -6.52600142184093, 42.203358767920506 ], [ -6.497560754418015, 42.182024858685359 ], [ -6.427895207781729, 42.201941880482252 ], [ -6.312585149013037, 42.206585066968252 ], [ -6.293732059809448, 42.178033340019539 ], [ -6.251963017440501, 42.173057607300379 ], [ -6.212395182100728, 42.148076597137745 ], [ -6.16021309122433, 42.16577226706189 ], [ -6.049305362624364, 42.159861082233789 ], [ -5.953468436601498, 42.123683752003551 ], [ -5.948121312222543, 42.141922082249508 ], [ -5.911602009599263, 42.140586047948517 ], [ -5.897427022880922, 42.156101153763153 ], [ -5.844851340954653, 42.110715920757201 ], [ -5.776707146350621, 42.135809431612117 ], [ -5.755193811029441, 42.136625566546186 ], [ -5.742947939595425, 42.113342865836749 ], [ -5.676768408477479, 42.120337030912999 ], [ -5.687177449151175, 42.137924492731564 ], [ -5.667556389704091, 42.142065900924791 ], [ -5.620137742077834, 42.106659747201888 ], [ -5.635042903505568, 42.081994223788818 ], [ -5.588503242252369, 42.077326598414835 ], [ -5.586607611047353, 42.050910894450688 ], [ -5.577722862825767, 42.065447853781855 ], [ -5.560699019600126, 42.055968057853306 ], [ -5.543364997724782, 42.099382672448918 ], [ -5.526089888641493, 42.10377200004951 ], [ -5.471417053270276, 42.010097335038189 ], [ -5.485650525192485, 41.985825509465009 ], [ -5.463124384941321, 41.975459450998656 ], [ -5.438279780009657, 41.967389640731604 ], [ -5.431455845399228, 42.004323026720648 ], [ -5.447438449409764, 42.013655341372214 ], [ -5.384413220283083, 42.042108176920678 ], [ -5.325519531334799, 42.020397641724799 ], [ -5.280649521993027, 41.978799839266117 ], [ -5.260505465337856, 41.984611128653135 ], [ -5.254679201002047, 41.981645807192471 ], [ -5.335215160009669, 41.937472807201516 ], [ -5.293732766250244, 41.919937516719806 ], [ -5.306473679270664, 41.857838249167145 ], [ -5.330429190744505, 41.831795248866371 ], [ -5.287148285017962, 41.827685513418196 ], [ -5.278611548106126, 41.814796378472508 ], [ -5.391383372553268, 41.760510376244035 ], [ -5.375195055813498, 41.719787192525871 ], [ -5.361690588502006, 41.728846824839437 ], [ -5.358135973325202, 41.699694479477387 ], [ -5.327353559999231, 41.680526452226523 ], [ -5.32889378827725, 41.615919168301303 ], [ -5.270538700796807, 41.601136627680823 ], [ -5.29307355752703, 41.574371966588508 ], [ -5.228873216903215, 41.528431271776931 ], [ -5.261882783923393, 41.503684631216935 ], [ -5.344736361894258, 41.479256012289824 ], [ -5.32479119912079, 41.455343104930179 ], [ -5.339237895574315, 41.425598505748738 ], [ -5.307536596334975, 41.414052912541329 ], [ -5.334624525247836, 41.370643732479394 ], [ -5.29174059240577, 41.269189895781096 ], [ -5.293651717187995, 41.22625252549738 ], [ -5.340296852259556, 41.19410492657763 ], [ -5.330268060127129, 41.177618718538206 ], [ -5.288743930006376, 41.181991464495354 ], [ -5.297858220154529, 41.12587673726874 ], [ -5.328949932489605, 41.117172751563565 ], [ -5.356987457458695, 41.140821888840989 ], [ -5.386962859443679, 41.135853862564865 ], [ -5.418102955980254, 41.187659954028668 ], [ -5.476876526063032, 41.178321985278835 ], [ -5.484338858046856, 41.145502414844465 ], [ -5.485253358335733, 41.178852938492476 ], [ -5.565066453213896, 41.217037465389801 ], [ -5.587929560721902, 41.20243915043627 ], [ -5.628324845655495, 41.214457144036352 ], [ -5.656957549625678, 41.24554766270203 ], [ -5.767308616602455, 41.215701955769759 ], [ -5.897674085327606, 41.238592758575152 ], [ -5.921330668984032, 41.218153513970904 ], [ -5.913134070580887, 41.178337106642658 ], [ -5.951310757391297, 41.140266744594399 ], [ -5.976809171065415, 41.174023170890166 ], [ -6.002566959911899, 41.153134497845819 ], [ -6.023888585297374, 41.157367398880865 ], [ -6.00883447648914, 41.200497021791755 ], [ -6.062011110020846, 41.221050800588102 ] ] ] } },
{ "type": "Feature", "properties": { "CPRO": "50" }, "geometry": { "type": "Polygon", "coordinates": [ [ [ -1.589904637695958, 40.936238037888664 ], [ -1.803291326493038, 41.089893663521558 ], [ -1.869252122811126, 41.107909389662908 ], [ -1.890570650014501, 41.133320581855251 ], [ -1.9324466087393, 41.138589784273286 ], [ -1.959016893481738, 41.172486037479764 ], [ -2.051693166228797, 41.146849024487025 ], [ -2.079895815791884, 41.170984527955198 ], [ -2.146241261846393, 41.184395034485696 ], [ -2.173670979273571, 41.288085028155564 ], [ -2.163136772177017, 41.355349962255005 ], [ -2.116032412444918, 41.382047169784627 ], [ -2.101520053629826, 41.445788771689884 ], [ -2.035623303429252, 41.426888808571896 ], [ -2.043575541045033, 41.397149471967381 ], [ -2.029270647602706, 41.384157912937972 ], [ -1.937296145215305, 41.407854092157685 ], [ -1.953276365222349, 41.462450415593466 ], [ -1.981111872052925, 41.486434821693962 ], [ -1.967334713476034, 41.546066061698831 ], [ -1.99323798622671, 41.600510040613813 ], [ -1.92310004183204, 41.598333898348898 ], [ -1.858989588385366, 41.661530070355049 ], [ -1.806222919984835, 41.664263386439544 ], [ -1.812072757316351, 41.686454146229458 ], [ -1.786860443830808, 41.699430789942284 ], [ -1.775370369783519, 41.724789307591465 ], [ -1.809211561797996, 41.736664952673699 ], [ -1.805851851431254, 41.755085058977954 ], [ -1.8529184014567, 41.789564412796175 ], [ -1.817601620337328, 41.853379151181365 ], [ -1.857283175373635, 41.909515147542713 ], [ -1.865190584228877, 41.977601298512397 ], [ -1.844047943635411, 41.987334004426067 ], [ -1.847183205885589, 42.007841794810098 ], [ -1.83398523225713, 41.995552996766357 ], [ -1.767208595223349, 41.995411706550286 ], [ -1.700850235610482, 41.953637921506306 ], [ -1.654078218490542, 41.965386816045971 ], [ -1.556458558469914, 41.913444336250755 ], [ -1.41135594200821, 41.917983839106789 ], [ -1.303296100064324, 42.051541522475155 ], [ -1.310866878276194, 42.072430782870605 ], [ -1.353242488368572, 42.072953983993671 ], [ -1.367336687122907, 42.106815869932696 ], [ -1.399164581223437, 42.125774589536107 ], [ -1.391778975791217, 42.18068538489166 ], [ -1.417528240373534, 42.215091154465412 ], [ -1.38920268462411, 42.276738114325333 ], [ -1.39843906217449, 42.292132662058179 ], [ -1.328794412016153, 42.355184131922911 ], [ -1.359616228765932, 42.378065296515253 ], [ -1.341689919996731, 42.423990038136459 ], [ -1.272780686777187, 42.481899378671912 ], [ -1.288474100721315, 42.522746281766764 ], [ -1.264690407343476, 42.556465287215417 ], [ -1.231008001210135, 42.541883520944815 ], [ -1.20273134309756, 42.549349914750749 ], [ -1.201446293090981, 42.578266087986812 ], [ -1.157739753888738, 42.59882367137002 ], [ -1.180128076531013, 42.609339094739546 ], [ -1.156700235768756, 42.610866646730393 ], [ -1.155026269998319, 42.647080529255 ], [ -1.051678002167656, 42.641185828937516 ], [ -1.027649999740418, 42.700376151210314 ], [ -0.969212354891984, 42.703705119344967 ], [ -0.923905735584374, 42.744112866030356 ], [ -0.901087061127078, 42.742719001512071 ], [ -0.922511929161352, 42.700768668769264 ], [ -0.87995490618039, 42.688137665967801 ], [ -0.893094347408233, 42.662346812062331 ], [ -0.927643753775719, 42.656241816242954 ], [ -0.904712907835956, 42.599047103520675 ], [ -0.934168503048174, 42.572647890875317 ], [ -0.918602817883417, 42.555283086011556 ], [ -0.899346108797997, 42.559983319829087 ], [ -0.895711581988529, 42.542365402042634 ], [ -0.91644782379815, 42.537323439536721 ], [ -0.933424843679689, 42.505878479846707 ], [ -0.892993779495319, 42.509851494379234 ], [ -0.897019964216254, 42.47908229874578 ], [ -0.877718901209702, 42.46164316366702 ], [ -0.903758884513407, 42.453243408554428 ], [ -0.904411958699287, 42.434758245311635 ], [ -0.81531307335903, 42.395226144853574 ], [ -0.84417791741451, 42.38464217599816 ], [ -0.855661064676676, 42.339920313332485 ], [ -0.91890867880655, 42.257316358342898 ], [ -0.89054793464679, 42.240029368366137 ], [ -0.876958766471419, 42.281645650322353 ], [ -0.80653157836015, 42.270548356895688 ], [ -0.771809929602337, 42.346713694498227 ], [ -0.77793618139589, 42.391256422708928 ], [ -0.736427954333897, 42.369875629423404 ], [ -0.728864201245806, 42.296322485825087 ], [ -0.759378253185694, 42.263647634150146 ], [ -0.74739041246527, 42.155921273801496 ], [ -0.763141324568259, 42.06747811847471 ], [ -0.793545416408273, 42.054396369893013 ], [ -0.812936285289867, 42.09250212760125 ], [ -0.857005298055309, 42.0509889433485 ], [ -0.850738192428228, 42.026150592256229 ], [ -0.884933463760317, 42.003578250823232 ], [ -0.778209141131774, 41.957396531014552 ], [ -0.657826351696439, 41.95749519817138 ], [ -0.630581455739426, 41.91290582417853 ], [ -0.59546473070562, 41.899593922236022 ], [ -0.603312965173865, 41.882827017099999 ], [ -0.555208276937691, 41.871329118494103 ], [ -0.516747740526056, 41.836775838905183 ], [ -0.50069302680251, 41.761317033385829 ], [ -0.518689768490816, 41.728817222991758 ], [ -0.489424077258513, 41.73166623860611 ], [ -0.444918460171725, 41.703683981324581 ], [ -0.374503142796939, 41.688117724653985 ], [ -0.359522000330468, 41.635223576099982 ], [ -0.31258881727737, 41.624101979927893 ], [ -0.244783847975559, 41.573114842109973 ], [ -0.205735418113208, 41.602260787678176 ], [ -0.156445155287881, 41.589973661257098 ], [ -0.156661951051859, 41.535294525637454 ], [ -0.104970861672714, 41.48547940989927 ], [ -0.072705845014207, 41.377157153477441 ], [ -0.049440092955957, 41.360459680122624 ], [ -0.007931511226849, 41.347805438493637 ], [ -0.023047782365371, 41.396992832053797 ], [ 0.010044619489892, 41.360431320781892 ], [ 0.093713164820345, 41.349969921504673 ], [ 0.164004266785552, 41.406496087629023 ], [ 0.182995357635926, 41.394408010032485 ], [ 0.21944653163008, 41.403568853788009 ], [ 0.240942262638904, 41.428351626533392 ], [ 0.334850719273604, 41.408723229717481 ], [ 0.320339898763238, 41.394861167233771 ], [ 0.374319557307714, 41.351536474867252 ], [ 0.348787371843994, 41.32886869673144 ], [ 0.386015702805729, 41.278841826927888 ], [ 0.381662416575884, 41.236427378083235 ], [ 0.322404886997879, 41.225240749257281 ], [ 0.292338154415651, 41.156354278644571 ], [ 0.252991290643, 41.15015269946327 ], [ 0.248229206859806, 41.130140223498152 ], [ 0.214298089403443, 41.137299018699217 ], [ 0.201575129956063, 41.12677327923813 ], [ 0.201551543165802, 41.084678487659545 ], [ 0.220698580922895, 41.071428570022128 ], [ 0.145856089915362, 41.063042779969535 ], [ 0.07863537116289, 41.080342213313109 ], [ 0.036919446951676, 41.046568499211034 ], [ -0.025785583038644, 41.128083771611813 ], [ -0.180952883036487, 41.188144126295214 ], [ -0.224186072919512, 41.189483269319098 ], [ -0.318083716553708, 41.257610720670328 ], [ -0.337207692136217, 41.241384678226311 ], [ -0.405857710050267, 41.272359050167793 ], [ -0.428750432450791, 41.294065951150657 ], [ -0.420757005209131, 41.311737860021211 ], [ -0.470162588699526, 41.318249026677996 ], [ -0.489075496038619, 41.350269012904221 ], [ -0.567730125938157, 41.353913825581238 ], [ -0.581806141862751, 41.321426682807079 ], [ -0.527148769073146, 41.28821821437564 ], [ -0.50969135793738, 41.238277710473028 ], [ -0.53157516501354, 41.227806460956579 ], [ -0.548490173609575, 41.267743787009316 ], [ -0.605261027610035, 41.323313702589083 ], [ -0.62971951667706, 41.311760125303991 ], [ -0.625456849784633, 41.248174560495414 ], [ -0.669214700407346, 41.236848129415272 ], [ -0.609900937387467, 41.191677454346667 ], [ -0.69396881141938, 41.112294526057966 ], [ -0.761413668361577, 41.169658611570938 ], [ -0.79281463884071, 41.105603129157721 ], [ -0.828532575857331, 41.096419531191877 ], [ -0.859887147372888, 41.108013407177829 ], [ -0.883263797401758, 41.148761723392298 ], [ -0.912546907081177, 41.093010339211027 ], [ -0.952918565732353, 41.075441273628975 ], [ -0.998596621290972, 41.095231619835033 ], [ -0.97241911304545, 41.153456035226014 ], [ -1.000860501250842, 41.134011366720735 ], [ -1.039308615495675, 41.134717610163001 ], [ -1.105004152732882, 41.167703692529791 ], [ -1.121603200626179, 41.134927816133924 ], [ -1.173990633396368, 41.123691726714355 ], [ -1.209982340979599, 41.138803922870274 ], [ -1.254403975375934, 41.12293931957413 ], [ -1.271370224652671, 41.103279758945476 ], [ -1.253302612166568, 41.077326731572171 ], [ -1.28743109170076, 41.048862035784495 ], [ -1.354167681637451, 41.057527436147687 ], [ -1.355798887643408, 41.088527672880254 ], [ -1.405221080359764, 41.066307294116498 ], [ -1.417523166750195, 41.029752853491374 ], [ -1.476400962627999, 41.014936093153892 ], [ -1.446598526809399, 40.984560477433931 ], [ -1.472992629199234, 40.948800980011775 ], [ -1.505342392538881, 40.964123900566733 ], [ -1.589904637695958, 40.936238037888664 ] ], [ [ -1.104399531519652, 42.48140618143038 ], [ -1.129364532227418, 42.446722325400444 ], [ -1.05678479994442, 42.434121732106988 ], [ -1.085141398119179, 42.48336410861598 ], [ -1.104399531519652, 42.48140618143038 ] ], [ [ -1.18504898908305, 42.408218973873311 ], [ -1.158770155785407, 42.4096636950853 ], [ -1.144974810950152, 42.441870144737734 ], [ -1.182826029869289, 42.424592006751702 ], [ -1.18504898908305, 42.408218973873311 ] ] ] } },
{ "type": "Feature", "properties": { "CPRO": "51" }, "geometry": { "type": "Polygon", "coordinates": [ [ [ -5.340294361034876, 35.876146067363166 ], [ -5.371911688970244, 35.881524512590822 ], [ -5.379353288759867, 35.915972212753708 ], [ -5.313514055162682, 35.889073435170005 ], [ -5.278171797090265, 35.900085248548152 ], [ -5.340294361034876, 35.876146067363166 ] ] ] } },
{ "type": "Feature", "properties": { "CPRO": "52" }, "geometry": { "type": "Polygon", "coordinates": [ [ [ -2.940343287304995, 35.267263826446872 ], [ -2.970076335314997, 35.288865202683766 ], [ -2.952790957670903, 35.320194461951282 ], [ -2.935640153532947, 35.294747204436995 ], [ -2.925024312166476, 35.293301971155053 ], [ -2.923309504392937, 35.290405298096097 ], [ -2.936022290124955, 35.291963030775548 ], [ -2.924832923278062, 35.278599292134643 ], [ -2.940343287304995, 35.267263826446872 ] ] ] } }
]
}
